path	before_sha256	after_sha256	packet_sha256	atoms	changed
.m3/nebula-visible-range/src/test/java/org/eclipse/nebula/widgets/grid/GridVisibleRangeDiffContract.java	1733805e23e8849a6032335e4322398bffa3a2535d6aafd581a5578ec9290dc4	1733805e23e8849a6032335e4322398bffa3a2535d6aafd581a5578ec9290dc4	05e7913c341e7756417c488c121de622a82d80a2dcd83d1a3306614b8f9aa0d8	191	false
.m3/upstream-page-atoms/PageContract.java	b7f303a0167bca2bd2736fc2a0c159561c21e83a382e85c2a7fc7cd32b0ada06	b7f303a0167bca2bd2736fc2a0c159561c21e83a382e85c2a7fc7cd32b0ada06	6f53f80ab6e154102ca60723bc705093de716ecd8defa9440948b192da6cc7cf	138	false
.m3/upstream-page-atoms/RunUpstreamRecipe.java	b7f0ce1f62bd286c18c0cffe5961be228517273c420749121dffd11d774685a7	b7f0ce1f62bd286c18c0cffe5961be228517273c420749121dffd11d774685a7	12edf634fb6cc3393d4db6272947d82e21e849bd09d027dc0a977b687202fe26	114	false
examples/org.eclipse.nebula.examples/src/org/eclipse/nebula/examples/AbstractExampleTab.java	ea1d424ffb351852a351a7688c91ac9ed58ee86e95c915a6c08f7c4c86d7ffd0	ea1d424ffb351852a351a7688c91ac9ed58ee86e95c915a6c08f7c4c86d7ffd0	0325ca6ba282ec0e57bc32a012f2f0a18c5f60f97b781ebe17e288ba66ac7471	311	false
examples/org.eclipse.nebula.examples/src/org/eclipse/nebula/examples/ButtonFactory.java	13f46831c1b5cbff9befff5f93aeffc0974000e1fc9ba6edd163deebe02bf387	13f46831c1b5cbff9befff5f93aeffc0974000e1fc9ba6edd163deebe02bf387	6315c8649d88f59b912879b15ff6c6da7943a4d135cb7b7b855ec4d9126e359b	9	false
examples/org.eclipse.nebula.examples/src/org/eclipse/nebula/examples/ExamplesView.java	70084e70776b4a039559252ed2ec1b6e217c0d5d6aa663c97a5485b02a41fd23	70084e70776b4a039559252ed2ec1b6e217c0d5d6aa663c97a5485b02a41fd23	5a20752da0167a56a0225be9c99920b9e84403381ca83bedc63f4e1b8c9aaa82	55	false
examples/org.eclipse.nebula.examples/src/org/eclipse/nebula/examples/ListenersDialog.java	3bcfe8e5e6f31fdd15355d88d6b3eedabd30aacfa655cd1269d6157fe7edd035	3bcfe8e5e6f31fdd15355d88d6b3eedabd30aacfa655cd1269d6157fe7edd035	9ac7bff9830e0d070afbf7cb02790ad2ca6a90221e1979c35c6ab20d9d645782	59	false
examples/org.eclipse.nebula.examples/src/org/eclipse/nebula/examples/internal/Activator.java	af5ac16bf048260b9f5460209bcd3f9f8dcccb3edc2ef3000101551ac3067615	af5ac16bf048260b9f5460209bcd3f9f8dcccb3edc2ef3000101551ac3067615	e1afe1b9d26408b11a36b73b9f819863bdb589935aa9fd29d67a6b407942d5b9	6	false
examples/org.eclipse.nebula.examples/src/org/eclipse/nebula/examples/internal/ApplicationWorkbenchAdvisor.java	d4ea7c35d72f503176389c34f78aec09198e160d6db619842fb19e1e78385e40	d4ea7c35d72f503176389c34f78aec09198e160d6db619842fb19e1e78385e40	a207af850a02f59bc6e52c22f8db7d8fb08fe44702be49e4375e3ed932b2a934	4	false
examples/org.eclipse.nebula.examples/src/org/eclipse/nebula/examples/internal/ApplicationWorkbenchWindowAdvisor.java	4328edac4e29c48929390ffd8d3045ae38b7637fa510ebeaf905b0d7f0afa6e7	4328edac4e29c48929390ffd8d3045ae38b7637fa510ebeaf905b0d7f0afa6e7	9a58c24a9b279d2b4b2e9e3bb384bbd6f4853bf2689fe0c183c4bacdc79d0e74	8	false
examples/org.eclipse.nebula.examples/src/org/eclipse/nebula/examples/internal/ExamplesApplication.java	916ac7178bf33a3b8002799186efd16c7dcbb420106d117ce9d886bb5e2ed31e	916ac7178bf33a3b8002799186efd16c7dcbb420106d117ce9d886bb5e2ed31e	2b7572976d4f05c1d90eaad654a34817c8f13e686a3c2a512b34bf123c0f19ea	22	false
examples/org.eclipse.nebula.examples/src/org/eclipse/nebula/examples/internal/ExamplesPerspective.java	0362c2ba56ed2bb5d1aa220ee336fa084c45628626f8005f4fdd4fe13741d435	0362c2ba56ed2bb5d1aa220ee336fa084c45628626f8005f4fdd4fe13741d435	892d6360ce3e6bbea19cb9b8ce4f572dd6ba718b4b4445296cf50cdcf256edf8	3	false
examples/org.eclipse.nebula.snippets/src/org/eclipse/nebula/snippets/cdatetime/CDTSnippet01.java	ece4dd99c5f59fddf150cd105f0fd5dccaae0baf1782a4fddef15c24bab93010	ece4dd99c5f59fddf150cd105f0fd5dccaae0baf1782a4fddef15c24bab93010	b0842f817d8c9e8c7a8e73c196f7ce4cd112d444e0186ed41f69c7ab549c27eb	20	false
examples/org.eclipse.nebula.snippets/src/org/eclipse/nebula/snippets/cdatetime/CDTSnippet111.java	51b5d33c0318ade8e9d981bdaf1641ec81f6aa185dd9953d87ffcddfc904ae64	51b5d33c0318ade8e9d981bdaf1641ec81f6aa185dd9953d87ffcddfc904ae64	244612ae76b6ece2687063b747e4a8d4a15a890bc91154fecad7a05881641a95	73	false
examples/org.eclipse.nebula.snippets/src/org/eclipse/nebula/snippets/cdatetime/DropTestSnippet.java	14308cc335b7a5f59159f89cdac916291b59a9f733e618b312f78aa64a469027	14308cc335b7a5f59159f89cdac916291b59a9f733e618b312f78aa64a469027	7e66b3f615a01a73d479dd244e6991cf2b8251ed8dd6297b9c5ea336bac5d676	45	false
examples/org.eclipse.nebula.snippets/src/org/eclipse/nebula/snippets/collapsiblebuttons/CollapsibleButtonsSnippet1.java	cf04c8129c65c178a6a959492ed384f64019b9389ed196bf0c3886217edd629d	cf04c8129c65c178a6a959492ed384f64019b9389ed196bf0c3886217edd629d	609fea92e11262ee92f8475330190117c99bbe5b5f2f68c2a34e3c55b3cd04d5	30	false
examples/org.eclipse.nebula.snippets/src/org/eclipse/nebula/snippets/compositetable/CompositeTableSnippet0.java	4732b1010d97135115a82e79b1685aebe7bd5e8c7ec5e0d1c218ed93bdda8444	4732b1010d97135115a82e79b1685aebe7bd5e8c7ec5e0d1c218ed93bdda8444	ace4a417cf54920af04da4aa13d03fa099437db951b2f506dde41bd282d4221b	28	false
examples/org.eclipse.nebula.snippets/src/org/eclipse/nebula/snippets/compositetable/CompositeTableSnippet1.java	d62f8513076a094e3dcdd8fd6157b2149f28e69cbe498510f8846cd27dfb5531	d62f8513076a094e3dcdd8fd6157b2149f28e69cbe498510f8846cd27dfb5531	1a0be377cbed04c73c56a135290a18e15e4e431c51f82fb86367da7cc3d46bc3	36	false
examples/org.eclipse.nebula.snippets/src/org/eclipse/nebula/snippets/compositetable/CompositeTableSnippet2.java	5b27aa8716d1ebf36b8e690d869e17c90f333121afb4d34ec9a27581eca22261	5b27aa8716d1ebf36b8e690d869e17c90f333121afb4d34ec9a27581eca22261	8c88c32af7b4550382f8c1ab9e8d1daadde16c5e950ae75108d79b6916b9c37e	46	false
examples/org.eclipse.nebula.snippets/src/org/eclipse/nebula/snippets/compositetable/CompositeTableSnippet3.java	a462d9861782bc9768318d9ecb66d6d4b45902e355f055887c37c63a6eb465c1	a462d9861782bc9768318d9ecb66d6d4b45902e355f055887c37c63a6eb465c1	b2af2bcaeac2784f8ce7c51466cf4ae6671e7ff80ca4d327c4773de00be1edde	63	false
examples/org.eclipse.nebula.snippets/src/org/eclipse/nebula/snippets/compositetable/CompositeTableSnippet4.java	4728b39005c60f26804503467431a36d9ec39640bb74906a83fea3798d541869	4728b39005c60f26804503467431a36d9ec39640bb74906a83fea3798d541869	f95cdba24de11ea3e02200a3bb5c3fdbcebb2d717382b236ba43f26714f17fcb	36	false
examples/org.eclipse.nebula.snippets/src/org/eclipse/nebula/snippets/compositetable/CompositeTableSnippet5.java	733b0c163a883e625bccad8606340c5383d6a04575a61d03dd201ea75c62d79e	733b0c163a883e625bccad8606340c5383d6a04575a61d03dd201ea75c62d79e	06ff15cc10d269b2268358c1040bfe1dd69a7b539d55d8a340deb3f3cd7b0fd2	61	false
examples/org.eclipse.nebula.snippets/src/org/eclipse/nebula/snippets/compositetable/CompositeTableSnippet6.java	45dffa9289eed63b4f0e39e78d1ef940c5921a21ba8b04f1541fb2fc38e616ee	45dffa9289eed63b4f0e39e78d1ef940c5921a21ba8b04f1541fb2fc38e616ee	1eaa99c75def887a1a82fa24260f60f83fa096bbbae048d14e43acc6701a6ba5	73	false
examples/org.eclipse.nebula.snippets/src/org/eclipse/nebula/snippets/compositetable/DayEditorSnippet0.java	e3f2e6b618e6b1b2dd88c2ece9a6c2839cca362b0d5ee9dfeff914849196b7fb	e3f2e6b618e6b1b2dd88c2ece9a6c2839cca362b0d5ee9dfeff914849196b7fb	a608b1bc9b8232a9dd2f9e0e92c2692dcee3c5cb70f06cce091e5102167a75e0	104	false
examples/org.eclipse.nebula.snippets/src/org/eclipse/nebula/snippets/compositetable/MonthCalendarSnippet.java	bf1c55ed5f1fe9ec2f8d5f729ac43d8efd73e0312066e556d7c98ac331168a00	bf1c55ed5f1fe9ec2f8d5f729ac43d8efd73e0312066e556d7c98ac331168a00	e0b1b8971225c62c77334053497a31069acabee228b5d7b71ccf8a2457cc582e	76	false
examples/org.eclipse.nebula.snippets/src/org/eclipse/nebula/snippets/compositetable/SnippetCompositeTableDataBinding.java	bfa8bdaf711c2456b6dfe0f44a861d9aa792c8a747f0a80072b03fe293cc4533	bfa8bdaf711c2456b6dfe0f44a861d9aa792c8a747f0a80072b03fe293cc4533	f1af631295d5e02c52868bc48ef9d9f4a728732395fa12cbf056ad05cf55dbe6	217	false
examples/org.eclipse.nebula.snippets/src/org/eclipse/nebula/snippets/compositetable/ve/Header.java	d5bd2e43cb07650a0589d3acbdbc44d2d13cc38958d5fbcf70ec6320c06af20b	d5bd2e43cb07650a0589d3acbdbc44d2d13cc38958d5fbcf70ec6320c06af20b	cc7f9323c36569a5ad30031e292728a1b7611bc4dfc287c81351955bcf09f777	16	false
examples/org.eclipse.nebula.snippets/src/org/eclipse/nebula/snippets/compositetable/ve/Row.java	eef67d01240ac3c25699268421620933e5cd9665e424db092c709b6a7a8fb2db	eef67d01240ac3c25699268421620933e5cd9665e424db092c709b6a7a8fb2db	802863cc75f5fa649a597ed18c18e96e09b2161e83cafd5c4d8ad26cafb9ef1d	14	false
examples/org.eclipse.nebula.snippets/src/org/eclipse/nebula/snippets/compositetable/ve/TestCompositeTableInVE.java	c86dc341e0c0696c88e2390f9723128c189a81fda72a493feab9c82898ebf1b6	c86dc341e0c0696c88e2390f9723128c189a81fda72a493feab9c82898ebf1b6	89112537a41a74648f8624f493f728f557e843c296540b7ee5d9657ba119ebc0	26	false
examples/org.eclipse.nebula.snippets/src/org/eclipse/nebula/snippets/datechooser/DateChooserComboDataBindingSnippet.java	253f720522b022eee23b0589e78b5709c3329206caa7401b5d473a597ad814cb	253f720522b022eee23b0589e78b5709c3329206caa7401b5d473a597ad814cb	92dcde52ede25d36967c04cf048a4f5b0e14433a147a343be3534deea80c8943	61	false
examples/org.eclipse.nebula.snippets/src/org/eclipse/nebula/snippets/datechooser/DateChooserComboSnippet1.java	cbc09a07aa4509bbd2337eb42a271055f2f08c4198e175ae087665ecb0500bb3	cbc09a07aa4509bbd2337eb42a271055f2f08c4198e175ae087665ecb0500bb3	6d61742d2dff2dc752ed673d59b40b3f355fb5bd768511442d8f327c162b0b59	16	false
examples/org.eclipse.nebula.snippets/src/org/eclipse/nebula/snippets/datechooser/DateChooserComboSnippet2.java	a0e518ba8793b8f6369b9cea201fc4a7f95753c1c82ea3d2a55c4eb521a4e77b	a0e518ba8793b8f6369b9cea201fc4a7f95753c1c82ea3d2a55c4eb521a4e77b	47b363150ba60140dc83a2f288d2d43ce341259ede0c64a995cac9b0edb696f8	21	false
examples/org.eclipse.nebula.snippets/src/org/eclipse/nebula/snippets/datechooser/DateChooserComboSnippet3.java	0cbc888f3351c0c59fcf71d193ea5d3967a43982c522ac62920d72872bf5dacc	0cbc888f3351c0c59fcf71d193ea5d3967a43982c522ac62920d72872bf5dacc	3759a069df9220cb1e132122193686c491ab41a9b9fcad1f5ee7a0a0b1daf650	18	false
examples/org.eclipse.nebula.snippets/src/org/eclipse/nebula/snippets/datechooser/DateChooserDataBindingSnippet.java	5882acafcaf063811821096c87a2e2e45bb95a80ac912192499387510f7a370b	5882acafcaf063811821096c87a2e2e45bb95a80ac912192499387510f7a370b	dae904931594f4e07a7302b9434115b454696e530918f4de979b44bc453931fa	61	false
examples/org.eclipse.nebula.snippets/src/org/eclipse/nebula/snippets/datechooser/DateChooserSnippet1.java	5b0aa3b70b251c91007d74cbb17223c77ee5b60ed69638c4658e67fb413d7fa0	5b0aa3b70b251c91007d74cbb17223c77ee5b60ed69638c4658e67fb413d7fa0	fca502e5cf72ffc1f27d4b72605eaef1459558f8bf26ef65fa28b87adf83ec38	12	false
examples/org.eclipse.nebula.snippets/src/org/eclipse/nebula/snippets/datechooser/DateChooserSnippet2.java	780decb87bd596927b89ab5d6065fa0af84c75517cc5e513732dffb0732b021c	780decb87bd596927b89ab5d6065fa0af84c75517cc5e513732dffb0732b021c	3382381801a123ad44a2a216f507724d7544c01c45667ae3585e42f4f5fa103d	15	false
examples/org.eclipse.nebula.snippets/src/org/eclipse/nebula/snippets/datechooser/DateChooserSnippet3.java	3259a0e7a5a66f5ff410107096c43db9fa1a6433e0cfdb4b6a51522a345eee0a	3259a0e7a5a66f5ff410107096c43db9fa1a6433e0cfdb4b6a51522a345eee0a	d526ab371de16d452890251c930efd30868e7d05839c37852f896e351c433300	27	false
examples/org.eclipse.nebula.snippets/src/org/eclipse/nebula/snippets/datechooser/DateChooserSnippet4.java	8a758ac9843de071a3ef6b18ee424edc4bcf51a8962068c24e705f776be2d820	8a758ac9843de071a3ef6b18ee424edc4bcf51a8962068c24e705f776be2d820	1fda1e1f6721ef2c9c40fc68de7669d1bbf49c8ebc19461005fb2553b58b2784	34	false
examples/org.eclipse.nebula.snippets/src/org/eclipse/nebula/snippets/datechooser/DateChooserSnippet5.java	888dd13b0b96db488b0d5d8ca59b3ca621dd8b6debf7431e50123c1e1e14227d	888dd13b0b96db488b0d5d8ca59b3ca621dd8b6debf7431e50123c1e1e14227d	7c5beb4e616642dde6eee73e8168b584306ad3c600abecc49fe837d3cdaea957	19	false
examples/org.eclipse.nebula.snippets/src/org/eclipse/nebula/snippets/formattedtext/DateFormatterSnippet1.java	184e2d80b9d95cef16f46bf17dd2f949189bece502b77f23b448f98f4f9856b4	184e2d80b9d95cef16f46bf17dd2f949189bece502b77f23b448f98f4f9856b4	522c09eacb0dd6a112f5abb44e82c28c7bf4d3b65d16c2841b6ef26ee8fa4e08	17	false
examples/org.eclipse.nebula.snippets/src/org/eclipse/nebula/snippets/formattedtext/DateFormatterSnippet2.java	6443ec20b9b3cb647b25ac27097c7f69b387c22158ebab8b645cee35d03c6778	6443ec20b9b3cb647b25ac27097c7f69b387c22158ebab8b645cee35d03c6778	52ffbdc0d6ad220d7a9fd62327e0cae42bc8a18955b084bc21d523b305c20de8	16	false
examples/org.eclipse.nebula.snippets/src/org/eclipse/nebula/snippets/formattedtext/FormattedTextSnippet1.java	b25464d470d57e60ff7ddbeafaadbbd0dc40ed1f58b87f9130de5ddda5f6f588	b25464d470d57e60ff7ddbeafaadbbd0dc40ed1f58b87f9130de5ddda5f6f588	ab620f78aac3918ebbe7b07f7281b0f3bea04df63270c16965a67053b2856a31	25	false
examples/org.eclipse.nebula.snippets/src/org/eclipse/nebula/snippets/formattedtext/NoBeepSoundFormatterSnippet.java	c8ac1d302c2dd53d3f99877dcbb4f05a7a5010ea2f9ba335a12d13750341099e	c8ac1d302c2dd53d3f99877dcbb4f05a7a5010ea2f9ba335a12d13750341099e	6e5e1f28343075245b03fcd8c2f79178b805f6f33808ea71d62193d6f4807b30	22	false
examples/org.eclipse.nebula.snippets/src/org/eclipse/nebula/snippets/formattedtext/NumberFormatterDataBindingSnippet.java	7b8dc7b0acacfe389d1b383c10cb82a7a2d23183a76b697fa43fc3713971f23d	7b8dc7b0acacfe389d1b383c10cb82a7a2d23183a76b697fa43fc3713971f23d	c817039dc0cae194e17e899dfa8927c98d0d1470881635e13eedbccebc867c93	58	false
examples/org.eclipse.nebula.snippets/src/org/eclipse/nebula/snippets/formattedtext/NumberFormatterSnippet1.java	4f404644c3d557a83edcd61c7e39e0cd18584aa005d3450d058c1213310d9881	4f404644c3d557a83edcd61c7e39e0cd18584aa005d3450d058c1213310d9881	38c7845e05698f8f2b948bc621545c65198639656c0438a1d1b8c89db0df0b61	17	false
examples/org.eclipse.nebula.snippets/src/org/eclipse/nebula/snippets/formattedtext/NumberFormatterSnippet2.java	5236cde2a968ed1dcca5439971d20aed1c9881dbf846cffa139c69c6c656047a	5236cde2a968ed1dcca5439971d20aed1c9881dbf846cffa139c69c6c656047a	386625f25be4316dcf6ca8a8d710ac0372d25aa6c2e71eacf8d028dfa1f2068e	16	false
examples/org.eclipse.nebula.snippets/src/org/eclipse/nebula/snippets/formattedtext/NumberFormatterSnippet3.java	bc39d4f58a93b661aa18efa9d197df0d3c56ad0816fc1e4ae80f15c3f0db8886	bc39d4f58a93b661aa18efa9d197df0d3c56ad0816fc1e4ae80f15c3f0db8886	abb13303eab6c82212a49cd2b10dbf2b421c6b67b9fb0d9a81581cf662df02d1	19	false
examples/org.eclipse.nebula.snippets/src/org/eclipse/nebula/snippets/formattedtext/NumberFormatterSnippet4.java	a06b94cd918b13eb670ccfb9cc21c9df797aac773bf805afe4674a3686d6c1e8	a06b94cd918b13eb670ccfb9cc21c9df797aac773bf805afe4674a3686d6c1e8	7aa8e09499dc51506294dd990f0913dcc55a56a8a25b7743e4ec0f91b5abb5c3	27	false
examples/org.eclipse.nebula.snippets/src/org/eclipse/nebula/snippets/formattedtext/NumberFormatterSnippet5.java	c05ca16db9660d7534a1f578ba634490df7fed7a9807488676b3a8bd7bb95111	c05ca16db9660d7534a1f578ba634490df7fed7a9807488676b3a8bd7bb95111	1a5e84f5615434e9dc4c19e7f0fe823bb7cdafa3f3b3522de61cb3889807d570	28	false
examples/org.eclipse.nebula.snippets/src/org/eclipse/nebula/snippets/formattedtext/PercentFormatterSnippet1.java	7eba9283ce05bb9b2b869361d04e474f5b0d9e0eac43a66cb0058e2eaa440f95	7eba9283ce05bb9b2b869361d04e474f5b0d9e0eac43a66cb0058e2eaa440f95	4a769bbde4c5aa14f1f1085495962e57940d916071c894b07bedb60ee2f2c6d8	28	false
examples/org.eclipse.nebula.snippets/src/org/eclipse/nebula/snippets/formattedtext/StringFormatterSnippet1.java	8ba2d7bc4b007ba1384419cd04bc80e54e2c707ed54504cc7f97f82e9c9da2bd	8ba2d7bc4b007ba1384419cd04bc80e54e2c707ed54504cc7f97f82e9c9da2bd	5ea39f6d0ff9c6149f0055c2f2c0bb6214373e2389f67d49c85c0a48db34499d	17	false
examples/org.eclipse.nebula.snippets/src/org/eclipse/nebula/snippets/gallery/HoverListener.java	bfbadf230ec6d834df524f9ea8fa5928e33e93e935e37eac7d076616c3e0a312	bfbadf230ec6d834df524f9ea8fa5928e33e93e935e37eac7d076616c3e0a312	c95e323593727dafb0f82bb69425efd3b23d4af01cdc418d2eca8ddc2213770c	57	false
examples/org.eclipse.nebula.snippets/src/org/eclipse/nebula/snippets/gallery/SnippetCustomDraw.java	5f265c2f099258406225ce6ea79ef8b4ebceef4cd2b912282a7ea9ae21c6bd1a	5f265c2f099258406225ce6ea79ef8b4ebceef4cd2b912282a7ea9ae21c6bd1a	9226d1f581225c4ad17962d080b9cf7d4940280e3f406601f7d2992664e35ee6	35	false
examples/org.eclipse.nebula.snippets/src/org/eclipse/nebula/snippets/gallery/SnippetGalleryViewerTester.java	ee69ce34770d8a2bd79242e6900777c82922fbdd9a542752247ad2c2b0cc9df1	ee69ce34770d8a2bd79242e6900777c82922fbdd9a542752247ad2c2b0cc9df1	4180be19fc63a27b3c31871516861700e68cfcbd9805a9990ca486b8c5772be2	76	false
examples/org.eclipse.nebula.snippets/src/org/eclipse/nebula/snippets/gallery/SnippetHScroll.java	9fb0d04b22fb690e1d06bd4a431735a7562db6440310b80db921b8576f2c2561	9fb0d04b22fb690e1d06bd4a431735a7562db6440310b80db921b8576f2c2561	01336774fa65d4b4fd0678f9fad2963a4740822a896370edd03d69d25ca161cb	41	false
examples/org.eclipse.nebula.snippets/src/org/eclipse/nebula/snippets/gallery/SnippetHover.java	78c6fd7bc2bfa6729d10a0ef6084a53d6570e1997f044add4e581f29cbee6622	78c6fd7bc2bfa6729d10a0ef6084a53d6570e1997f044add4e581f29cbee6622	3dd8ad5e7d0cfd0d4b8de55c82d4fee66b88bcaa829a0426f7085f778c845dd5	36	false
examples/org.eclipse.nebula.snippets/src/org/eclipse/nebula/snippets/gallery/SnippetRemove.java	13664673227dd40048a1bd027cd52bb8966278469db463478ab1449f4aae9896	13664673227dd40048a1bd027cd52bb8966278469db463478ab1449f4aae9896	8dc5f6de40232e9c89858b11e6c7c1f19478201fd182467a41b57ce1b2f75385	56	false
examples/org.eclipse.nebula.snippets/src/org/eclipse/nebula/snippets/gallery/SnippetSimple.java	9a9af25e76ec82788dd68950f25a6d1b63f6a450d9305b1c0616e9c52a2a031b	9a9af25e76ec82788dd68950f25a6d1b63f6a450d9305b1c0616e9c52a2a031b	e3dd6a6616228c79c6d4131b49b21eafbf0da1964ab412bb2d2837f9d767111d	41	false
examples/org.eclipse.nebula.snippets/src/org/eclipse/nebula/snippets/gallery/SnippetSimpleAlwaysExpanded.java	52a9cf700608608c81a470c258be4bb2e4ab4cf8adb8954915a325ce1c500b61	52a9cf700608608c81a470c258be4bb2e4ab4cf8adb8954915a325ce1c500b61	ef6434bf3530ed30be279b6eb017005f93f6b28081c4a275cf034533dac678c7	42	false
examples/org.eclipse.nebula.snippets/src/org/eclipse/nebula/snippets/gallery/SnippetSimpleAnimation.java	a27ca72991a74f95810db348ced87c5023fc014d360b44c7378f7353163d3c06	a27ca72991a74f95810db348ced87c5023fc014d360b44c7378f7353163d3c06	49d707762ff7b32428ce237f0538dac56c6ce5ef774c2d067954c5a00c3360b1	42	false
examples/org.eclipse.nebula.snippets/src/org/eclipse/nebula/snippets/gallery/SnippetSimpleGroupImage.java	f68ce80072eb3b8f8ed7a84ee9d15549b18912411ecf201f14c317378c29899b	f68ce80072eb3b8f8ed7a84ee9d15549b18912411ecf201f14c317378c29899b	dd281d684e397aa8671a1bcf11292eef53b308fd24442f77f8cabdef22ab60f2	57	false
examples/org.eclipse.nebula.snippets/src/org/eclipse/nebula/snippets/gallery/SnippetSimpleGroupImageHScroll.java	03f7722801cbbcd83045baba16be8cad1ffbe961534c5e899448d09c31932ae9	03f7722801cbbcd83045baba16be8cad1ffbe961534c5e899448d09c31932ae9	b33433fe5152e697072e7ea68388422d0b528e2070e08e54f7d67bfccbafc8a5	48	false
examples/org.eclipse.nebula.snippets/src/org/eclipse/nebula/snippets/gallery/SnippetSimpleHScroll.java	a89b8e08815eef0fff71e900154edb6acd6539d09b1cd6067b98382ef627fa70	a89b8e08815eef0fff71e900154edb6acd6539d09b1cd6067b98382ef627fa70	187327917e0ba93bb742e944c1d29d914334747fc0ca411f461618e2892976bf	42	false
examples/org.eclipse.nebula.snippets/src/org/eclipse/nebula/snippets/gallery/SnippetSimpleListOverlay.java	015798dea79a5617c992dc289e32342ee3aac286d8743e21c19d59e4d072bfe7	015798dea79a5617c992dc289e32342ee3aac286d8743e21c19d59e4d072bfe7	2b6fef258c2b7747629aaf246e3174b17f009556ccd7b86805f102c5f4f6e4b8	50	false
examples/org.eclipse.nebula.snippets/src/org/eclipse/nebula/snippets/gallery/SnippetSimpleNoGroup.java	82ff024914016457c0a2f78b031a70e8ad79b49eeb33e3422a6f38f4a2ade8d4	82ff024914016457c0a2f78b031a70e8ad79b49eeb33e3422a6f38f4a2ade8d4	6b5bb52b347ebd6e8f69769dd695f85540c355df3d392c4407de0f891edf6f49	35	false
examples/org.eclipse.nebula.snippets/src/org/eclipse/nebula/snippets/gallery/SnippetSimpleOverlay.java	ab877743b2d5520e00eeaec563ce313de4f4a20999c862728130b6c5f46745db	ab877743b2d5520e00eeaec563ce313de4f4a20999c862728130b6c5f46745db	1ae087a558d114245eba2ddf5929dd9a961103d71fb14ab76a474343d87e683c	50	false
examples/org.eclipse.nebula.snippets/src/org/eclipse/nebula/snippets/gallery/SnippetSimpleReverseOrder.java	b71113a4da997ab75bd8d3c30124338eaaa071e268084c76e8deb337c0697432	b71113a4da997ab75bd8d3c30124338eaaa071e268084c76e8deb337c0697432	b9cd844342ce8aa94bd3edcff0f3551cd238337818b5656bc88f240ddeed08d1	41	false
examples/org.eclipse.nebula.snippets/src/org/eclipse/nebula/snippets/gallery/SnippetTooltip.java	2796b190f5c012e6d4de734f1ee16dda5f8a7139261bf3620a77fd89239eceef	2796b190f5c012e6d4de734f1ee16dda5f8a7139261bf3620a77fd89239eceef	40dd00bb51eab2b2b950de342a9158a244ac6f0a01350f9ac78560b9170134b7	85	false
examples/org.eclipse.nebula.snippets/src/org/eclipse/nebula/snippets/gallery/SnippetVScroll.java	7934481cd8e5f83f50ecdece4f95c2e047ee48130afa5986b3a1e312a0154e2d	7934481cd8e5f83f50ecdece4f95c2e047ee48130afa5986b3a1e312a0154e2d	cf0d697f614703a9b99eae5b3e7cccadb9664968da40ba89f8d4801b34cebdcb	41	false
examples/org.eclipse.nebula.snippets/src/org/eclipse/nebula/snippets/gallery/SnippetVirtual.java	4f2e7b7f10efe85c73bf9effed00efe9de270a79bc470bc0471d92ec574c5835	4f2e7b7f10efe85c73bf9effed00efe9de270a79bc470bc0471d92ec574c5835	1e9a7245015b7240f5d84f91c49071476f6ed7c98a7b693e78390acdd410fada	34	false
examples/org.eclipse.nebula.snippets/src/org/eclipse/nebula/snippets/ganttchart/ConnectionExample.java	62611f831fd91171697e7b338de7a06a0084a3a327ba27f0c0a73efcc5c1181c	62611f831fd91171697e7b338de7a06a0084a3a327ba27f0c0a73efcc5c1181c	8900e8ee944f35bb6f4f28d1bfedb135dceb44b12424d140c0cdcc51ba47b460	29	false
examples/org.eclipse.nebula.snippets/src/org/eclipse/nebula/snippets/ganttchart/EventTextAlignmentExample.java	7e4b791c508928fc5584cb3486bc63af7178e536ff5e1e48850d3850447b9cab	7e4b791c508928fc5584cb3486bc63af7178e536ff5e1e48850d3850447b9cab	82020e2767fa5ee5442462d04c8bf894bee86fa720a5937d09537401a5fb8b5a	46	false
examples/org.eclipse.nebula.snippets/src/org/eclipse/nebula/snippets/ganttchart/EverythingExample.java	c7ae7f45e94c2ea49be5f757ee1f595fabb8daf954303bae98fbfc71d1b0ba6e	c7ae7f45e94c2ea49be5f757ee1f595fabb8daf954303bae98fbfc71d1b0ba6e	40ba3d8283c71f50e5f6be07b7ce8c2bbbd3c74badb9416be3d78108a7fe5517	118	false
examples/org.eclipse.nebula.snippets/src/org/eclipse/nebula/snippets/ganttchart/FixedRowHeightExample.java	999e3e2dd5f7db93a2316a5aea91e8c9b0100c352c64c7306432b1eae91d87e8	999e3e2dd5f7db93a2316a5aea91e8c9b0100c352c64c7306432b1eae91d87e8	bbdf00ab311f1a9b33184808346861d41c070ae42f8a2237c1d24d40b94dfb16	0	false
examples/org.eclipse.nebula.snippets/src/org/eclipse/nebula/snippets/ganttchart/GanttGroupExample.java	5dccff87cac7f218e2b77a5b78d660889944e8e52948e364a332e11e52b258b0	5dccff87cac7f218e2b77a5b78d660889944e8e52948e364a332e11e52b258b0	3bbda0ca59359a66e93210d47ae77fecdcc0137a54893d0424e3ee2f97bcd592	57	false
examples/org.eclipse.nebula.snippets/src/org/eclipse/nebula/snippets/ganttchart/GanttSectionExample.java	7c7250d0ff64e1a6a4bc98596555d509e7a2ba142f7f340e81ba3029d5b4f1bf	7c7250d0ff64e1a6a4bc98596555d509e7a2ba142f7f340e81ba3029d5b4f1bf	4a25dd20b9a2c42cd71067321d4745087f907ec4fc0c473b5f758de33b514096	65	false
examples/org.eclipse.nebula.snippets/src/org/eclipse/nebula/snippets/ganttchart/LayersExample.java	eac2590f3bb8c30d6da5ef1fade0e76115be645a915e1bd313d8b3a34e950391	eac2590f3bb8c30d6da5ef1fade0e76115be645a915e1bd313d8b3a34e950391	0a96d07718c7aab5484e0d0f23c40a3eaebd18f8cec1f8b12cf17ab8c1c6be13	45	false
examples/org.eclipse.nebula.snippets/src/org/eclipse/nebula/snippets/ganttchart/ScopeExample.java	0dd12057271d5537badbd5627eda28a08b0e7d370759cd2b68d7dfcb0354ea74	0dd12057271d5537badbd5627eda28a08b0e7d370759cd2b68d7dfcb0354ea74	6e89cd03c9c1c6a9d072ea3da5b4b94344736662bf1da920c3ecda5c1fcecd2c	33	false
examples/org.eclipse.nebula.snippets/src/org/eclipse/nebula/snippets/ganttchart/TreeConnectorExample.java	d1d8115db8a1765e43806159a78a255ede4f096162b4f560d2f664eeaae00bec	d1d8115db8a1765e43806159a78a255ede4f096162b4f560d2f664eeaae00bec	7aadfc177b4af695993559434656598cb6830fe45a2cbef887de932dc3dc7deb	83	false
examples/org.eclipse.nebula.snippets/src/org/eclipse/nebula/snippets/grid/GridFrozenFirstColumnSnippet.java	392f9e87614a4a098b42592250641273f445cb53007d87555af4e0d47119d71b	392f9e87614a4a098b42592250641273f445cb53007d87555af4e0d47119d71b	964ff90af40c645053e425728ebcb5e7bd0ae541d999610ac5bad1e5223daba3	150	false
examples/org.eclipse.nebula.snippets/src/org/eclipse/nebula/snippets/grid/GridRowSpanSnippet.java	7f38a27d9e04abd431bf25b3eed754ec56a6fc85ea9fa8a86921bf2984f8bf32	7f38a27d9e04abd431bf25b3eed754ec56a6fc85ea9fa8a86921bf2984f8bf32	98b8cd52003b020a72c1d9bc33c674b7bf3315c487cc66bc18a131b8877ce8df	31	false
examples/org.eclipse.nebula.snippets/src/org/eclipse/nebula/snippets/grid/GridSnippet1.java	397d884ef94ff517e125fa712368d830b0af59b5f24420543089da63b0761110	397d884ef94ff517e125fa712368d830b0af59b5f24420543089da63b0761110	820d696a85f3a447294c72075fb9a55d616483da69d1ee30327978e288c174a9	24	false
examples/org.eclipse.nebula.snippets/src/org/eclipse/nebula/snippets/grid/GridSnippet10.java	bdfb97c7a2384a9df7e8b56db7b8c597b348832453f56d898a0d1af1d8e46f79	bdfb97c7a2384a9df7e8b56db7b8c597b348832453f56d898a0d1af1d8e46f79	7b5574a239558255ced3f886ff7c06539937339bfe9d4a8843acd0c3ddd5c39e	40	false
examples/org.eclipse.nebula.snippets/src/org/eclipse/nebula/snippets/grid/GridSnippet11.java	3ff936d36ff95f6b883826c8c6f0ad6f43921ebe9e1037c0d74faba999d93d59	3ff936d36ff95f6b883826c8c6f0ad6f43921ebe9e1037c0d74faba999d93d59	c44c2a741f88730ad53788b5850172b1033c3d989111a694797b622b2de80c6d	46	false
examples/org.eclipse.nebula.snippets/src/org/eclipse/nebula/snippets/grid/GridSnippet12.java	80422d5eb7a48868ef606ab0223cb437f7a08bad1ceddb8a3fe57daaa988e157	80422d5eb7a48868ef606ab0223cb437f7a08bad1ceddb8a3fe57daaa988e157	251ed4149f386155dcb6da4f7615ae5cdd612a665f350a7120b6628408552e2a	34	false
examples/org.eclipse.nebula.snippets/src/org/eclipse/nebula/snippets/grid/GridSnippet2.java	9665aacfe0645e20ece71b085a6deacb55d360c58e14a9fe20f5a3330545d81a	9665aacfe0645e20ece71b085a6deacb55d360c58e14a9fe20f5a3330545d81a	568ec8f5732f6cef5f38a0f3efa8e56936335ac5c6fe656739f82833c22737a1	30	false
examples/org.eclipse.nebula.snippets/src/org/eclipse/nebula/snippets/grid/GridSnippet3.java	b95b031bbf96194d45e19c215fa09c2cef3bf1c4b65c27dc9fa326f8b5a03ae6	b95b031bbf96194d45e19c215fa09c2cef3bf1c4b65c27dc9fa326f8b5a03ae6	68d4dbb7ccacaa6e65d55bc2e2e949f985f8c170f2514433729331b532914228	27	false
examples/org.eclipse.nebula.snippets/src/org/eclipse/nebula/snippets/grid/GridSnippet4.java	f2ef145199519298cd7ce9c435f74ef6fa707e976238435811d669f926b165ae	f2ef145199519298cd7ce9c435f74ef6fa707e976238435811d669f926b165ae	3b1b02ad5cee5d576cd045ab0fdf4a104e5347445ab6f7f97a091c38d0b65f84	34	false
examples/org.eclipse.nebula.snippets/src/org/eclipse/nebula/snippets/grid/GridSnippet5.java	13e02298a406ddf5ead7d0687927dd56ea5fcc89499013e44d4c7a55f8161868	13e02298a406ddf5ead7d0687927dd56ea5fcc89499013e44d4c7a55f8161868	d3c6d774459fe343a0320726c68d37fcaee6e552b05c63d1dc2f5d98393df85a	36	false
examples/org.eclipse.nebula.snippets/src/org/eclipse/nebula/snippets/grid/GridSnippet6.java	0463729343b91daf406c4f2dae01ed6086b10286ed24bc5e2ce5e86d68f73ba4	0463729343b91daf406c4f2dae01ed6086b10286ed24bc5e2ce5e86d68f73ba4	2f7eb6bea0b370f9a3fa10b63fbaf2761d7a8178863c3649e107b8774beff797	47	false
examples/org.eclipse.nebula.snippets/src/org/eclipse/nebula/snippets/grid/GridSnippet7.java	20ec02bb0b52daf598078facd14ebb1c2ce31d4ebdc13108106a128173e269e3	20ec02bb0b52daf598078facd14ebb1c2ce31d4ebdc13108106a128173e269e3	edfd59414ed1c3379ee936d881897c6439e2e72d42c0e87c1926ea688fc6d04d	44	false
examples/org.eclipse.nebula.snippets/src/org/eclipse/nebula/snippets/grid/GridSnippet8.java	58e99bad7a3fabaec6c85d1aa7434496bb8974b6db5bb4e705d66fdab78be96f	58e99bad7a3fabaec6c85d1aa7434496bb8974b6db5bb4e705d66fdab78be96f	a88fe03b153b21b861e88e284298387d9467ba140686b10f407558a1e26516d2	33	false
examples/org.eclipse.nebula.snippets/src/org/eclipse/nebula/snippets/grid/GridSnippet9.java	59ba7564d32eb502fcd6178076da73b479fc78eed5e616064f3daf8bbfdcce39	59ba7564d32eb502fcd6178076da73b479fc78eed5e616064f3daf8bbfdcce39	b90ee2c03e02b8d5967e747baa9005979be9ccf8f56afefb8cece9292abfbab5	57	false
examples/org.eclipse.nebula.snippets/src/org/eclipse/nebula/snippets/grid/GridSnippetBug472289.java	cb7df1e1fdd87410704ee712aaa72aa293ebed7a0edfb951f95c3ef608bb8370	cb7df1e1fdd87410704ee712aaa72aa293ebed7a0edfb951f95c3ef608bb8370	4f3b6d211e36a38ab4ca6f9c795daf7d5deb715c170f6c2e558ce1a321a10b34	31	false
examples/org.eclipse.nebula.snippets/src/org/eclipse/nebula/snippets/grid/GridSnippetFillColumnResize.java	6ccc3d3c57ac514bb0f9744ed026980d9d934b37eef528ca6d5ee443d93f185b	6ccc3d3c57ac514bb0f9744ed026980d9d934b37eef528ca6d5ee443d93f185b	d7ec58ef6cfb017d2d756d2fd2a83a7902d40a272c68b5059b820d5a3f743d77	36	false
examples/org.eclipse.nebula.snippets/src/org/eclipse/nebula/snippets/grid/GridWithTextWrapping.java	ec0c5ffb6d7a6a7455aaa27e99327917f4fee9584d43e9121b5767804d1d89c8	ec0c5ffb6d7a6a7455aaa27e99327917f4fee9584d43e9121b5767804d1d89c8	9655f09a327aba21fce66a475d2c5d64de709ad2b23f6d68a96578dbce29a0ae	45	false
examples/org.eclipse.nebula.snippets/src/org/eclipse/nebula/snippets/grid/TestBug246608.java	94a44dc212824c881bf358c26e60807e80b0ab0a08ed9d641c299caadc2da8ae	94a44dc212824c881bf358c26e60807e80b0ab0a08ed9d641c299caadc2da8ae	c6f69cc7ea22355c490b33e54f5bc87760e35c7eb544494aa1f7b0282cd2a363	44	false
examples/org.eclipse.nebula.snippets/src/org/eclipse/nebula/snippets/grid/TestBug351227.java	c1c617db8711b03349b16c2ff0a77afe9efcccb9c3d9f5e1e87b282815fea2d8	c1c617db8711b03349b16c2ff0a77afe9efcccb9c3d9f5e1e87b282815fea2d8	72f3f2715d05936761ece581f96e22887ce59e976ae5bc1f0a545067c7560280	33	false
examples/org.eclipse.nebula.snippets/src/org/eclipse/nebula/snippets/grid/TestBug387468.java	3b6c946621c61c53284133df9d00c4eeb9a79d736ed887d094f7191d505511bc	3b6c946621c61c53284133df9d00c4eeb9a79d736ed887d094f7191d505511bc	be6b27720118c35f8b71ca2b2b142e1ff973caf2ed13d98b7eb2b3b7d69f274a	48	false
examples/org.eclipse.nebula.snippets/src/org/eclipse/nebula/snippets/grid/viewer/GridViewerShortTextPerformance.java	5ebca6e504457d603088693f6e9e10e76415ac6f2994094d080a7e02b73b06be	5ebca6e504457d603088693f6e9e10e76415ac6f2994094d080a7e02b73b06be	3e80a306987e68291b90c57c41acd6230c4c461cdd7ad72521a3b2443a862143	82	false
examples/org.eclipse.nebula.snippets/src/org/eclipse/nebula/snippets/grid/viewer/GridViewerSnippet1.java	4fd19f26985cc72338a2362f5079ee5a05c37fcfa9838bf6a490d7354f7792c4	4fd19f26985cc72338a2362f5079ee5a05c37fcfa9838bf6a490d7354f7792c4	371fb7a7c0f42f3e98d395778bcda18096def7be884ea1c2a6ea5d25f242f141	83	false
examples/org.eclipse.nebula.snippets/src/org/eclipse/nebula/snippets/grid/viewer/GridViewerSnippet2.java	3fa6b9e1b03f2677e1c955f17d0f4b9011018eae959b4c9cdf26dc290ee580a3	3fa6b9e1b03f2677e1c955f17d0f4b9011018eae959b4c9cdf26dc290ee580a3	72a45c41f587ca3c6d84c038693a717d474717c2aeff2712757512587e8ff595	82	false
examples/org.eclipse.nebula.snippets/src/org/eclipse/nebula/snippets/grid/viewer/GridViewerSnippet3.java	cdb187b4acd9629446f70ef8039d206251c76773861756277b48b220a9b04aab	cdb187b4acd9629446f70ef8039d206251c76773861756277b48b220a9b04aab	6478b7429bd9951c47aae136054851d77e9ad0104c1016daa49633c540a76871	106	false
examples/org.eclipse.nebula.snippets/src/org/eclipse/nebula/snippets/grid/viewer/GridViewerSnippet4.java	552033e3971988ec20405e49f972a0cfcf7a3615eff232e69f25f28e4e193ede	552033e3971988ec20405e49f972a0cfcf7a3615eff232e69f25f28e4e193ede	da0956b04785d50e4f0a314cb575dd028172867c7d2969bb2cedcb548702ce45	77	false
examples/org.eclipse.nebula.snippets/src/org/eclipse/nebula/snippets/grid/viewer/GridViewerSnippet5.java	f4f1ca948c436846a12cd07d424501295145007497f3667f004a3a9d4ddc76d9	f4f1ca948c436846a12cd07d424501295145007497f3667f004a3a9d4ddc76d9	c8ef08b4456e30cf11064efa1b4912f37334de734e095c1cf34d6533f2b3e3ee	37	false
examples/org.eclipse.nebula.snippets/src/org/eclipse/nebula/snippets/grid/viewer/GridViewerSnippet6.java	0911c8819e3c7e896940a36d3769d7c3ebcc3096c279e5e0d6e79c1d18010675	0911c8819e3c7e896940a36d3769d7c3ebcc3096c279e5e0d6e79c1d18010675	7d31441c02b0c587c35a455f5130bc2c4360473d486f4cc5a51d65ad00a5ee04	50	false
examples/org.eclipse.nebula.snippets/src/org/eclipse/nebula/snippets/grid/viewer/GridViewerSnippet7.java	892fd6f6c3f2636f6125def117bf58c13630aac23f2633db3d768349ceea9004	892fd6f6c3f2636f6125def117bf58c13630aac23f2633db3d768349ceea9004	5e2756783463f926b346e06425c305fb30aa36f1175a966d12519aeb31c8d4f8	192	false
examples/org.eclipse.nebula.snippets/src/org/eclipse/nebula/snippets/grid/viewer/GridViewerSnippetDisposePerformance.java	cbdc9367f8d5a1e1976d594251a2eb765b3485bcf0a5a2750204a8c54e4c54ec	cbdc9367f8d5a1e1976d594251a2eb765b3485bcf0a5a2750204a8c54e4c54ec	1fbb9fa3760428e5f33652e3dadb399de499ab9d89f0a008c65df487daf92e69	242	false
examples/org.eclipse.nebula.snippets/src/org/eclipse/nebula/snippets/grid/viewer/GridViewerSnippetDisposeTreeTest.java	669ada845ac42d3b27c9bf19e44778e64ec5dc905fdaa5017d1b3aeafc0a3425	669ada845ac42d3b27c9bf19e44778e64ec5dc905fdaa5017d1b3aeafc0a3425	cc36b101ce0fd9a58c84d06e4cffc9f514b3a91ad8a1b2fc95ffd718b97b6709	186	false
examples/org.eclipse.nebula.snippets/src/org/eclipse/nebula/snippets/grid/viewer/GridViewerSnippetGridColumnLayout.java	fe767ad5db12b7f70227990d07e77efd49d466f95a05d9d8c23c53ebe71b3292	fe767ad5db12b7f70227990d07e77efd49d466f95a05d9d8c23c53ebe71b3292	fa82007baaf12517ec3fce527f3e4197fbfbae9e8190d1150980a1412d9d772a	48	false
examples/org.eclipse.nebula.snippets/src/org/eclipse/nebula/snippets/grid/viewer/GridViewerSnippetWithAdaptedDataVisualizer.java	36684c85071377871c42464739d1ca9162133e1afdab1b947a6f65366c92e71a	36684c85071377871c42464739d1ca9162133e1afdab1b947a6f65366c92e71a	a266d8173ae332364db08bf430f5e1f9358f44e8e54b70e545962a9891f18bbf	98	false
examples/org.eclipse.nebula.snippets/src/org/eclipse/nebula/snippets/grid/viewer/GridViewerSnippetWithGridItemDataVisualizer.java	fb69cebfc0afc20feb6d716e78658ff054faac96d5ebcc76e323b16ee48e5216	fb69cebfc0afc20feb6d716e78658ff054faac96d5ebcc76e323b16ee48e5216	675760fe36d501501bf94ba737cd2cdfd5d1cc3698a70ac9b068b875cd887bd2	77	false
examples/org.eclipse.nebula.snippets/src/org/eclipse/nebula/snippets/grid/viewer/GridVirtualTableViewer.java	b1cb3f60cf1c26e2e4550775958558482d3d5517e2522d51780d6f928da770af	b1cb3f60cf1c26e2e4550775958558482d3d5517e2522d51780d6f928da770af	5a09662180ec4f470f5d62df1e3c712d79827e3aaa7705581743cdd54e40686f	58	false
examples/org.eclipse.nebula.snippets/src/org/eclipse/nebula/snippets/grid/viewer/Snippet026TreeViewerTabEditing.java	b7c97d7c80ab5430f8a16acecf090daa4ffc7547bb90f25c8f08ec6d0ad142ce	b7c97d7c80ab5430f8a16acecf090daa4ffc7547bb90f25c8f08ec6d0ad142ce	e541907854f6096729720bfb16111988e1bfb08dca675f7db8bd0465449d52a2	117	false
examples/org.eclipse.nebula.snippets/src/org/eclipse/nebula/snippets/pgroup/PGroupSnippet1.java	4ca49d290b4eeda908bbbe65a9b9def97057e022a7b30127e2f13a629585fb4d	4ca49d290b4eeda908bbbe65a9b9def97057e022a7b30127e2f13a629585fb4d	3063e218e843558c6de53183305665e5834b44b3985bbf9f78fe197f55964c64	20	false
examples/org.eclipse.nebula.snippets/src/org/eclipse/nebula/snippets/pgroup/PGroupSnippet2.java	51ab58b3fc1a04f215eef299f6b202957f129fcd2843f86b3aeb21b627d49d5c	51ab58b3fc1a04f215eef299f6b202957f129fcd2843f86b3aeb21b627d49d5c	eaf5750575235d1bbb05cc4fa019a258a060bdcf30f8ba063c201a5ca33ea92b	26	false
examples/org.eclipse.nebula.snippets/src/org/eclipse/nebula/snippets/pgroup/PGroupSnippet3.java	049b1fab7f65899755dddfe04ea4c1496377482b60948ac8efb07ea42e0ffd2e	049b1fab7f65899755dddfe04ea4c1496377482b60948ac8efb07ea42e0ffd2e	5d7976867cf874548ff4a7f49e583393189f5db774b437e79d0bbfe9f9bb68a9	77	false
examples/org.eclipse.nebula.snippets/src/org/eclipse/nebula/snippets/pgroup/PGroupSnippet4.java	3571b3427f10a9052b011246a72e7091f5b0494b6dd1adeccadfac527d502a7b	3571b3427f10a9052b011246a72e7091f5b0494b6dd1adeccadfac527d502a7b	2939caf3840680cbbcd03241e21257cf795abfbcb198cecca5193126115b0135	42	false
examples/org.eclipse.nebula.snippets/src/org/eclipse/nebula/snippets/pshelf/PShelfSnippet1.java	8c1a9a708b32ec73a8ddf89db815bc7bb2bcd519ce8b50be043cfd49af9c116e	8c1a9a708b32ec73a8ddf89db815bc7bb2bcd519ce8b50be043cfd49af9c116e	4c0ab4d828333cb617a64ba19e64297140a57036258b6c589011477b1367ed39	28	false
examples/org.eclipse.nebula.snippets/src/org/eclipse/nebula/snippets/pshelf/PShelfViewerSnippet1.java	5ffacae4c0e671321005c38fa65a7d4b7bbc399cc47ae229bd21350f7f705eba	5ffacae4c0e671321005c38fa65a7d4b7bbc399cc47ae229bd21350f7f705eba	6aae7085615f8c856c5245e553ed2d02cec6b78b4f598f92579fc084ebc3b020	72	false
examples/org.eclipse.nebula.snippets/src/org/eclipse/nebula/snippets/radiogroup/RadioGroupViewerSnippet01.java	6d070c9266325e791591744d659bec30fb31bb1f0fe9de1c4fe597c37c81274a	6d070c9266325e791591744d659bec30fb31bb1f0fe9de1c4fe597c37c81274a	fab525a27e9d496b60f804cda18587cf688055acad9bc52c3e9a6ee025f5cae4	98	false
examples/org.eclipse.nebula.snippets/src/org/eclipse/nebula/snippets/tablecombo/Bug385585.java	2d18edb3dda771b7b41c68df93622dfa6ba13fe2c01c330f89fac31b33a869d8	2d18edb3dda771b7b41c68df93622dfa6ba13fe2c01c330f89fac31b33a869d8	747c57f015077478d8ed081141852195c7dfe5abff50913d7636e916e54d5d64	37	false
examples/org.eclipse.nebula.snippets/src/org/eclipse/nebula/snippets/tablecombo/Model.java	362cdd7c5fa7bcc8f112651c98e464f3fb94c6d3ab65cfc179f86085e0a64fee	362cdd7c5fa7bcc8f112651c98e464f3fb94c6d3ab65cfc179f86085e0a64fee	502a808731a7dcc225a328f7cd377b94a503c25dda4337f5d3c4ce3e31104273	42	false
examples/org.eclipse.nebula.snippets/src/org/eclipse/nebula/snippets/tablecombo/TableComboSnippet1.java	4eaac158cddd5efd0fc0389f4dcba473855ae9f6a4b6d3208da468d3ec72e622	4eaac158cddd5efd0fc0389f4dcba473855ae9f6a4b6d3208da468d3ec72e622	6edaf98dc6f7e31e578075d8008a38dbfcb3cfe37db6601e1ae6da04086efd29	236	false
examples/org.eclipse.nebula.snippets/src/org/eclipse/nebula/snippets/tablecombo/viewer/TableComboViewerSnippet1.java	20e7a05b5ec6f70e242869e9c76f4b9a31c7a1eed6d29e2a4d307a6e9b5f15f3	20e7a05b5ec6f70e242869e9c76f4b9a31c7a1eed6d29e2a4d307a6e9b5f15f3	a7ab1d2bea485a2bcf7a237f3849f5c51dd8f7eaffe276e41cb814ad90920371	305	false
examples/org.eclipse.nebula.snippets/src/org/eclipse/nebula/snippets/visualization/BarChartExample.java	4ffebaa32a1a736c8583aacf11894cfd2ffb2eaec4c26f77bf915e2b36290f9b	4ffebaa32a1a736c8583aacf11894cfd2ffb2eaec4c26f77bf915e2b36290f9b	77ddc7f1c3438c5bdb09084de041de2ae017fbeb93c9e543d4c314ffcc640736	36	false
examples/org.eclipse.nebula.snippets/src/org/eclipse/nebula/snippets/visualization/ComprehensiveExample.java	dca9a63be97f40bc3f06014c5f22b35b1f58c68a56014af429a121d5ba51f75f	dca9a63be97f40bc3f06014c5f22b35b1f58c68a56014af429a121d5ba51f75f	644b4f67979e99bde975c3a0c37fe1af4422f2e364312811c01056f9f626e96d	152	false
examples/org.eclipse.nebula.snippets/src/org/eclipse/nebula/snippets/visualization/GaugeExample.java	bfca7bb9a56e7e41d99c134cb2578e62fe7fbe644711760b36677ec7211422ed	bfca7bb9a56e7e41d99c134cb2578e62fe7fbe644711760b36677ec7211422ed	4995eaeb948c380952b7e3a5ec903ad4d8cd8b44d3c596bcba67b6378c0b3160	32	false
examples/org.eclipse.nebula.snippets/src/org/eclipse/nebula/snippets/visualization/GraphDemo.java	76685adde87785cd217739fe34e6413b0cefe77c0f8c963224d5b63ae747507a	76685adde87785cd217739fe34e6413b0cefe77c0f8c963224d5b63ae747507a	53ec9543f5d41b11c39aa409ccc9ab97e590dc80762c0fdd9ab6e5ce89b3b972	145	false
examples/org.eclipse.nebula.snippets/src/org/eclipse/nebula/snippets/visualization/IntensityGraphExample.java	46cdd550259ab0347de3dd01ea4652de912366032d95fcb5f3c270c13e534cf7	46cdd550259ab0347de3dd01ea4652de912366032d95fcb5f3c270c13e534cf7	b2071ccfb7f046f7aa9d7cf7a0d8814751ebbb07a6c0c4c9bd1f763a28387b9f	46	false
examples/org.eclipse.nebula.snippets/src/org/eclipse/nebula/snippets/visualization/KnobExample.java	0305027dbfc9df6628bf7f103a186d12683be8108bd77fb6c0a2aff304705716	0305027dbfc9df6628bf7f103a186d12683be8108bd77fb6c0a2aff304705716	7e88f2a293eb0f3f5a4cf6ab540445cf4d424624da7a1af84acdfbffa0c11787	23	false
examples/org.eclipse.nebula.snippets/src/org/eclipse/nebula/snippets/visualization/MeterExample.java	54b38837550f1e8a36a46a800e80afac32fba2f15d217abfb15e479f4b0c8095	54b38837550f1e8a36a46a800e80afac32fba2f15d217abfb15e479f4b0c8095	945097f24d358ba5e48bf9a61871a5f3f547241ac575797ed32da7384f278612	29	false
examples/org.eclipse.nebula.snippets/src/org/eclipse/nebula/snippets/visualization/MultipleWidgetsExample.java	8624801e6541a2c6a73c2b7441cfecc729798c9624fcdc159265dd7bf3411c72	8624801e6541a2c6a73c2b7441cfecc729798c9624fcdc159265dd7bf3411c72	2cd126e2c9112b27f2834846c3dff1b5673f76f322cb92305dfe6480834619ee	42	false
examples/org.eclipse.nebula.snippets/src/org/eclipse/nebula/snippets/visualization/ProgressBarExample.java	5e9f6419406124891a6a5127eb5f2bb3b5aad95a27cc6b7591ae09496db7d4b1	5e9f6419406124891a6a5127eb5f2bb3b5aad95a27cc6b7591ae09496db7d4b1	60e737c4691fbb37acfec23691487b7f796cb78b5978094776b42c25c15fa27f	30	false
examples/org.eclipse.nebula.snippets/src/org/eclipse/nebula/snippets/visualization/ScaledSliderExample.java	20fd10cb5a6878043f7090b270e6f022d7f4d7599e8f60f6330d0fb608023343	20fd10cb5a6878043f7090b270e6f022d7f4d7599e8f60f6330d0fb608023343	d4f9e0fcc412bf3dadc231c24232078523198e736d6b7e7415ac19bf4c08e095	23	false
examples/org.eclipse.nebula.snippets/src/org/eclipse/nebula/snippets/visualization/SimpleExample.java	916857f19e766171be34b46a49861373972a0f570dd252ca9ed71918d89f443b	916857f19e766171be34b46a49861373972a0f570dd252ca9ed71918d89f443b	8260e312eb8ef965ba7dd192973972cdba9df391a80ef5d42bfb5f21817d6ce2	21	false
examples/org.eclipse.nebula.snippets/src/org/eclipse/nebula/snippets/visualization/SimpleToolbarArmedXYGraphExample.java	49e6b41394733d8ac1ca6afd3aa835d3ee353f1327b7b3677b0bfff2bc3966e6	49e6b41394733d8ac1ca6afd3aa835d3ee353f1327b7b3677b0bfff2bc3966e6	cf7645e59412d44eba2975416f4700daa0aac757ed4245d86bbb11c058395988	24	false
examples/org.eclipse.nebula.snippets/src/org/eclipse/nebula/snippets/visualization/TankExample.java	06c22ba397792281890c162cec750a12a40ec584176c357f03af1df30d103384	06c22ba397792281890c162cec750a12a40ec584176c357f03af1df30d103384	cb927f39e47362cff6dafb2e2094d80ef89494ee63b8896b840e10c21d427068	29	false
examples/org.eclipse.nebula.snippets/src/org/eclipse/nebula/snippets/visualization/ThermometerExample.java	c69a4357878a0a80e3fda40824b2c9da6f510b19810c007c3bdb05a47753d0b4	c69a4357878a0a80e3fda40824b2c9da6f510b19810c007c3bdb05a47753d0b4	1dd3079b7a7ae391509f3028e7d408b2bb58e4de9aa1fc3359151de9f6e0cc99	30	false
m3/openrewrite-line-terminators/original/org/openrewrite/internal/StringUtils.java	f4553eb99b38900f9df2174d5cda3dbce5f6d540ffdb16d0a298067bf40d980c	f4553eb99b38900f9df2174d5cda3dbce5f6d540ffdb16d0a298067bf40d980c	4b77ad36aa728965a28d21e2d8061fe040065f4bde24df608b8c961eeb61de83	572	false
m3/openrewrite-line-terminators/original/org/openrewrite/java/isolated/ReloadableJava21JavadocVisitor.java	97e714c2521ccc89acc57e7794f487c89e9a11948e6318facb167700492f0eea	97e714c2521ccc89acc57e7794f487c89e9a11948e6318facb167700492f0eea	6fee0048c4225804ed1bfe16b4deb065f61cd3bdbc3cfb9a6c26b2650f7a6693	857	false
m3/openrewrite-line-terminators/original/org/openrewrite/java/isolated/ReloadableJava21ParserVisitor.java	5f38b8f07c505e260dccd46dda76ffb21059828ea5a0da954795c8cc23f92962	5f38b8f07c505e260dccd46dda76ffb21059828ea5a0da954795c8cc23f92962	02e6cbaab565f0dc79734430964c3dff8075a4f400e95c2ec2bac1425a3b0b99	1712	false
m3/openrewrite-line-terminators/src/main/java/org/openrewrite/internal/StringUtils.java	c45d0995b7354a1126024de0fd8f3aa1505f26edc6d9236c0401b4313607ddfb	c45d0995b7354a1126024de0fd8f3aa1505f26edc6d9236c0401b4313607ddfb	5606845a7e98b17c5768f3c1698d2249c4b7ef3436f501aae54de0fffabd5650	572	false
m3/openrewrite-line-terminators/src/main/java/org/openrewrite/java/isolated/ReloadableJava21JavadocVisitor.java	e898332e8f884566db04cd75535b3a19456f19af9ff500436fe8a9dd3b999c63	e898332e8f884566db04cd75535b3a19456f19af9ff500436fe8a9dd3b999c63	13b47a98e7e191ee668606ef8160314158e215e33be598ff31a176a5c88c8657	873	false
m3/openrewrite-line-terminators/src/main/java/org/openrewrite/java/isolated/ReloadableJava21ParserVisitor.java	5d68d38bdd7afad3680cc49736795671cf2165333d92b086b3d028404ff3a6ff	5d68d38bdd7afad3680cc49736795671cf2165333d92b086b3d028404ff3a6ff	e1d40b9134908fe82edbf4bd6707d242be3eb235b18cbee4995e63a6c50f4615	1712	false
m3/openrewrite-line-terminators/src/test/java/com/synexia/recipe/CurrentSourceTest.java	4b38902e19a02fbc913b3f800b0fbb66f5d7a097590f19c88b351510d8cefb4d	4b38902e19a02fbc913b3f800b0fbb66f5d7a097590f19c88b351510d8cefb4d	4c3f4be8b5eac69e49cb3047b97ba2915e96c2e3ce53beefcbbe5f12ff6b285e	13	false
m3/openrewrite-line-terminators/src/test/java/com/synexia/recipe/JavaLineTerminatorsTest.java	175a33a23d770a5481a69677054e757ea2e62cecab98c615268d159bfd17f998	175a33a23d770a5481a69677054e757ea2e62cecab98c615268d159bfd17f998	83c01f327f9063893d1c0a82849de2ba0f339d70c09b67f329c899839b4edb55	72	false
m3/openrewrite-line-terminators/src/test/java/com/synexia/recipe/JavadocThrowsBoundaryTest.java	ff015300b5d196b17848f747babccb4d6d7ae09c3fcfacf65ee0bdee47225da6	ff015300b5d196b17848f747babccb4d6d7ae09c3fcfacf65ee0bdee47225da6	1c27117ed1e78a19dd65273c13eb16540f623e3e3b95de072bd6caab72bf8184	22	false
m3/openrewrite-line-terminators/src/test/java/org/openrewrite/Issue.java	018a1dea9f9c1275e1f2074846f8d0b4e587d2d1e8c83e6fa07581690599ca39	018a1dea9f9c1275e1f2074846f8d0b4e587d2d1e8c83e6fa07581690599ca39	4b6ea04b548c940ece340b86d240611427a096ea51169e34fd90984187ba34b6	0	false
m3/openrewrite-line-terminators/src/test/java/org/openrewrite/internal/StringUtilsTest.java	4b17e488facadac0d03503054c017fc6145c45af5c544d2e8057198dc94fda39	4b17e488facadac0d03503054c017fc6145c45af5c544d2e8057198dc94fda39	14d1b875aa8de50986f3e476c388c310b7a12c412102193a23e527e88f5d7c54	76	false
m3/openrewrite-line-terminators/src/test/resources/original-nebula/examples/org.eclipse.nebula.snippets/src/org/eclipse/nebula/snippets/gallery/SnippetTooltip.java	836b4a2e35dc446fbe3dd7d0931d97fcfdce6467c8d5871d7c90ec10a501ee96	836b4a2e35dc446fbe3dd7d0931d97fcfdce6467c8d5871d7c90ec10a501ee96	bf09b2cc1494dee9844708a9bf07b83979933bdc72f9298f763d0f7450fb3fb9	82	false
m3/openrewrite-line-terminators/src/test/resources/original-nebula/widgets/visualization/org.eclipse.nebula.visualization.widgets/src/org/eclipse/nebula/visualization/widgets/figureparts/RoundScale.java	09fa50c810f66c351000b350588d36716fd02d93657f626ce0fa1498f0a109a8	09fa50c810f66c351000b350588d36716fd02d93657f626ce0fa1498f0a109a8	ff484362671ddb4ead44814fe63836dffc751afa382f4674a8aaa8fc9a104f37	111	false
m3/recipe-first/src/main/java/org/eclipse/nebula/m3/NebulaM3A3Apply.java	8e7a5f1cd249f9d6123ca53ae82eda277d2c2f2eb56b045b0836b12e4a5fd0f5	8e7a5f1cd249f9d6123ca53ae82eda277d2c2f2eb56b045b0836b12e4a5fd0f5	0eb8b4332494e48cff2ac73ceaef66cc8f1bd76498957b7d119d88bc5b8b8213	141	false
m3/recipe-first/src/main/java/org/eclipse/nebula/m3/NebulaM3A3Cases.java	6b5c98ec6924635aadbb1d64634fabb084596f6ad1452610c7528521101d76e5	6b5c98ec6924635aadbb1d64634fabb084596f6ad1452610c7528521101d76e5	d3cba56e85a10cff484568bc8dc1ada14a6ab9eb24fb3c9614b8796a63dd72ee	58	false
m3/recipe-first/src/main/java/org/eclipse/nebula/m3/NebulaM3A3Lab.java	22367b0de2c62fbea056dc245572d5663f1f827d1a5e9549fb54afc0fe6406af	22367b0de2c62fbea056dc245572d5663f1f827d1a5e9549fb54afc0fe6406af	54a2c5cfb4befc139c6293d47c44c3eeb21877a4b0f1f9a14c4c93a25c3cb6c6	215	false
m3/recipe-first/src/main/java/org/eclipse/nebula/m3/NebulaM3FastSearchReviewPolicy.java	f00ca10334a28561a110139d478d69d217d8497df7c50eabb62e97d5c40ae8cf	f00ca10334a28561a110139d478d69d217d8497df7c50eabb62e97d5c40ae8cf	6b2e61dcfc51b52b59124b0f67be8c0b2c316e3284818e40eb018264bae3f906	91	false
m3/recipe-first/src/main/java/org/eclipse/nebula/m3/NebulaM3FastSearchReviewRecipe.java	0ac8d6d05b44ff4595708112c34db9dd61d468a12f72c96bed2920c9784ad80f	0ac8d6d05b44ff4595708112c34db9dd61d468a12f72c96bed2920c9784ad80f	a4b96a7fb61e11de59c9719c5057b06dcd79b2510a2d50731dd273974b7b4fbe	19	false
m3/recipe-first/src/main/java/org/eclipse/nebula/m3/NebulaM3FastSearchReviewTable.java	aaaeb0e63a6a15382e3303c960d24e6da8a56b751800fb9ca82d75543837ed57	aaaeb0e63a6a15382e3303c960d24e6da8a56b751800fb9ca82d75543837ed57	b9412cf4e06709c2d88caa7134350bb3b91cb6617ea4f5c791bf5398bf46f08d	36	false
m3/recipe-first/src/main/java/org/eclipse/nebula/m3/NebulaM3InventoryCli.java	324545553fbc0aed3d5fd61e5ce6e8b825a7ff034c140c092aa097032854b19e	324545553fbc0aed3d5fd61e5ce6e8b825a7ff034c140c092aa097032854b19e	cb2a9a8c62784646f6e777d9e1d15eb1d2e7ef32129050f52f2064e0a60eef27	82	false
m3/recipe-first/src/main/java/org/eclipse/nebula/m3/NebulaM3InventoryRecipe.java	3d241d0b17cfea336f585d46ad4564fa5a38c86afb895f560ac2f8254768c007	3d241d0b17cfea336f585d46ad4564fa5a38c86afb895f560ac2f8254768c007	4c50fd1b9b090862573ef157baada16156064464b19c1b457c7cf18f49acb6ee	118	false
m3/recipe-first/src/main/java/org/eclipse/nebula/m3/NebulaM3InventoryTable.java	b60de251c4e610b12377f1454a4670992adc786e363d397ecdd87d9960cfb3be	b60de251c4e610b12377f1454a4670992adc786e363d397ecdd87d9960cfb3be	507e086b46dac973f4e0d0f33e4a67b2b7dc72a94ac598fcf5eec43054f8e4f6	60	false
m3/recipe-first/src/main/java/org/eclipse/nebula/m3/NebulaM3JavaBeforeJniPolicy.java	bfcaeaae5628cf2918bf1e3480939c89a93b6e95e30ace47408cacfc35ce5b95	bfcaeaae5628cf2918bf1e3480939c89a93b6e95e30ace47408cacfc35ce5b95	d7b87481a376ee4766bde633626b6d810e8b27ca16bfe1236d56682091c30e0e	51	false
m3/recipe-first/src/main/java/org/eclipse/nebula/m3/NebulaM3JavaBeforeJniReviewRecipe.java	9db1cdc5d52131c54c3a738b99bef6ccb4388c3ec26041fdbb3bcc37272ba6f5	9db1cdc5d52131c54c3a738b99bef6ccb4388c3ec26041fdbb3bcc37272ba6f5	4cb1845981a09d4957e36dceb1c361d39e776561227fe1258643ed814306cad4	15	false
m3/recipe-first/src/main/java/org/eclipse/nebula/m3/NebulaM3JavaBeforeJniReviewTable.java	9090f21bed19be1324dcf540c76c32fef5300a65a9f564d9a63cfbebab2a2632	9090f21bed19be1324dcf540c76c32fef5300a65a9f564d9a63cfbebab2a2632	da56bfb170d7cd5700cf4c08003f0a4a9b8face1edfc0fcc32960fe8793f3cc3	36	false
m3/recipe-first/src/main/java/org/eclipse/nebula/m3/NebulaM3RepositoryReviewRecipe.java	f8e27fcf0e15766ed53fcfcf9747a63d4c21e351b47c8595a2e25eff493ac077	f8e27fcf0e15766ed53fcfcf9747a63d4c21e351b47c8595a2e25eff493ac077	e7d6be1e56c01173f05808b65df8c11f517a978bcee0f79b0c7bc66845175f04	10	false
m3/recipe-first/src/main/java/org/eclipse/nebula/m3/NebulaM3SecondPassBinding.java	7c019958d7cd4a2b6c4228735b8bde75afa1a1358427f921db0ae3dcc1e64c40	7c019958d7cd4a2b6c4228735b8bde75afa1a1358427f921db0ae3dcc1e64c40	22449a8d75055269e51619472a228fa9afc34590f2937714b482d5082f073371	13	false
m3/recipe-first/src/main/java/org/eclipse/nebula/m3/NebulaM3SecondPassReviewDagBinding.java	11589df71127265a9422181ec629390fac129be375f235438104373b79382aaf	11589df71127265a9422181ec629390fac129be375f235438104373b79382aaf	fef868b9196ce3ecd16d1a4b3d5d2d018df644118b99421cbabe667e73f255ac	19	false
m3/recipe-first/src/main/java/org/eclipse/nebula/m3/rewrite/NebulaM3ConvergenceCatalog.java	c644003201835bcc786b362d4fc05b55a3ee734b9b9c14a0f41ce8a25bd3fc51	c644003201835bcc786b362d4fc05b55a3ee734b9b9c14a0f41ce8a25bd3fc51	68835bb14134d80d633ca5ae9da973d0f112f72d53bd2800f2811c882a4376d4	8	false
m3/recipe-first/src/main/java/org/eclipse/nebula/m3/rewrite/NebulaM3Java21ConvergenceRecipe.java	b480e2c83d0db240a4dd4e0c2d8e8f74692a1753b4f0875fb76823927163c4a2	b480e2c83d0db240a4dd4e0c2d8e8f74692a1753b4f0875fb76823927163c4a2	e61d9f1c55ee1271489ec3e33f6dd3e84b02d7990f8117fe2b58bb2379125f22	10	false
m3/recipe-first/src/main/java/org/eclipse/nebula/m3/rewrite/atom/NebulaM3AtomizePureIntReturnRecipe.java	963265e9375b712f2d56f5c58288c731668650efdc1be24071d3035e661cd8d3	963265e9375b712f2d56f5c58288c731668650efdc1be24071d3035e661cd8d3	1edc44d518f6b3d31ebf82371bf3ff33464c1beeed6623fea28b79553274bf82	17	false
m3/recipe-first/src/main/java/org/eclipse/nebula/m3/rewrite/atom/NebulaM3DocumentPureIntAtomRecipe.java	64f46ebaa6a26f72d7c20a3f757c66f1d43086ac8c7f4bf8ad7a0941433f1c8e	64f46ebaa6a26f72d7c20a3f757c66f1d43086ac8c7f4bf8ad7a0941433f1c8e	f36839f7f9c5497425bf41da545b1080d22d6c400224df1139c44355652224c3	31	false
m3/recipe-first/src/main/java/org/eclipse/nebula/m3/rewrite/atom/NebulaM3FileAtomCandidateTable.java	9eb3211a0236e97704c01e31823d954bfc2e6f7d1cca06f300c634091afe6ac5	9eb3211a0236e97704c01e31823d954bfc2e6f7d1cca06f300c634091afe6ac5	b13c9aff907b066bb2c847db4ee353a97fae4b1315c07c4cf47bdb3e10ce1a2c	21	false
m3/recipe-first/src/main/java/org/eclipse/nebula/m3/rewrite/atom/NebulaM3InventoryPureIntAtomCandidates.java	012f4907e9943e33483f0452d3eba0a9018da756950eef1fda2735dde649dfec	012f4907e9943e33483f0452d3eba0a9018da756950eef1fda2735dde649dfec	a2fcb37b601e50ce54f42559549afe4fc9f9d1e7593b5b2b088233d8407a874b	21	false
m3/recipe-first/src/main/java/org/eclipse/nebula/m3/rewrite/atom/NebulaM3PatternizePureIntAtomRecipe.java	fde9df19fcd8a29d6f48ada2b3dc3ef00a132a514e8a87e8d479927f5f58d53d	fde9df19fcd8a29d6f48ada2b3dc3ef00a132a514e8a87e8d479927f5f58d53d	6c9a7452d04fa7385bda2143644308f78c8aa28a9f8b2051bde56432d85b2cd1	27	false
m3/recipe-first/src/main/java/org/eclipse/nebula/m3/rewrite/atom/NebulaM3PureIntAtomEligibility.java	e669ff390743c009909cc945f61e10b0a5c511f15e1c97a2ceb1a9a878106d6c	e669ff390743c009909cc945f61e10b0a5c511f15e1c97a2ceb1a9a878106d6c	6d0bb91dff77ff79c66ea460c9e77be6f50093a1cc442a23ef23cddf06f4f63b	90	false
m3/recipe-first/src/main/java/org/eclipse/nebula/m3/rewrite/atom/NebulaM3PureIntConvergenceRecipe.java	6f1fff7e0bfb7d16fc5ef624cc8421b0d4e3b3472f291110aa994135dd40467b	6f1fff7e0bfb7d16fc5ef624cc8421b0d4e3b3472f291110aa994135dd40467b	6f22e32844be5541e90a7d82456f45499455b8c4ae3422b3dac8e4368f991d5e	10	false
m3/recipe-first/src/main/java/org/eclipse/nebula/m3/rewrite/convergence/NebulaM3A3FileMaterializerRecipe.java	350031722a9094a1eadb9f121b9773494f000ca28ac79ea3fc99af24f31c9f3e	350031722a9094a1eadb9f121b9773494f000ca28ac79ea3fc99af24f31c9f3e	aa2467c2f11dbc90987bbaff78b5af99034c6e2a1098afaed90af3183844e19f	94	false
m3/recipe-first/src/main/java/org/eclipse/nebula/m3/rewrite/convergence/NebulaM3A3MasteryRecipe.java	1049e16d7efdd6a3bc67b55448d7a33006276a6bcf08057c3568e45798ef503a	1049e16d7efdd6a3bc67b55448d7a33006276a6bcf08057c3568e45798ef503a	02130b5e572ed1f0c8d259ed950d4853679d62fbba5b1e80dc442e5d3ff02a19	105	false
m3/recipe-first/src/main/java/org/eclipse/nebula/m3/rewrite/convergence/NebulaM3FileConvergenceRecipeDag.java	da2746a3603ad6d344ad6c633d4e1bea621fc030637843a325136181fc853f91	da2746a3603ad6d344ad6c633d4e1bea621fc030637843a325136181fc853f91	8c3a289f42311615ab0664f7ec5cbc4c589b6c61901563afa096c7f87ba51dc5	32	false
m3/recipe-first/src/main/java/org/eclipse/nebula/m3/rewrite/convergence/NebulaM3RecipeDagManifest.java	31230249f1f305c976afe5b41ed750df708411d7dad07598745ca26de5a4acc1	31230249f1f305c976afe5b41ed750df708411d7dad07598745ca26de5a4acc1	91a4f4db5233d6e45ebf29434cc44bf7b4ccf71a4ade268c608d8adf95676411	74	false
m3/recipe-first/src/main/java/org/eclipse/nebula/m3/rewrite/convergence/NebulaM3RecipeDagManifestCli.java	ab5d1b7333ceb4a1e6e95495bf249fde985cdf019cae6f9d52c1395eff8ab909	ab5d1b7333ceb4a1e6e95495bf249fde985cdf019cae6f9d52c1395eff8ab909	c6a546fc10321876b4756d1a0a70b379523938f1835667d43572a4b5d0e6a97d	12	false
m3/recipe-first/src/main/java/org/eclipse/nebula/m3/rewrite/exact/CssCompatRecipe.java	907b462c3a4d116d223a7773530833cb7d7b4761046c436898dbe4c001eec265	907b462c3a4d116d223a7773530833cb7d7b4761046c436898dbe4c001eec265	157da32cd36562d4abed3a73719728d3e0e10d345ac710ad9703811466c1bfee	20	false
m3/recipe-first/src/main/java/org/eclipse/nebula/m3/rewrite/exact/NebulaM3CDateTimeCssCompatibilityRecipe.java	aafb5e978d7f6ae7a23671dbabf4b5624f60e5892ff92b486fcce00be2e999e4	aafb5e978d7f6ae7a23671dbabf4b5624f60e5892ff92b486fcce00be2e999e4	f9d00f3fd7a17b975d8428f5c017b38b930ca1a8ecbc4cae6d6635df2346a313	16	false
m3/recipe-first/src/main/java/org/eclipse/nebula/m3/rewrite/exact/NebulaM3CatalogueBaseRefreshRecipe.java	c2965501dcca726d0efb94361d5b440697b334882ea050edb119ab4a5c0c5cf0	c2965501dcca726d0efb94361d5b440697b334882ea050edb119ab4a5c0c5cf0	21c1ab4ca578303913ec3ae48ef72da93ef65a2901c3cb7a55c114b79874f810	20	false
m3/recipe-first/src/main/java/org/eclipse/nebula/m3/rewrite/exact/NebulaM3CompileBootstrapApply.java	406fda208bb6d5a497a403c0733f4a6813b2db8d99ca41cad25be99a6d497f8b	406fda208bb6d5a497a403c0733f4a6813b2db8d99ca41cad25be99a6d497f8b	2f73bb170dc9d701f3cf97fa9f2b7a2d4c4323ec26d91516d6ffbdbd89d930e7	73	false
m3/recipe-first/src/main/java/org/eclipse/nebula/m3/rewrite/exact/NebulaM3CompileBootstrapRecipe.java	1a3b515b94ab31c39df4e11168aef422dd5d62c5dff332a57b157fe9d7e69453	1a3b515b94ab31c39df4e11168aef422dd5d62c5dff332a57b157fe9d7e69453	109a16e66d33be09148bb84273e3dc5fcd80aa10a1371be94afddce09afb74ce	54	false
m3/recipe-first/src/main/java/org/eclipse/nebula/m3/rewrite/exact/NebulaM3CurrentCDateTimeOwnerRecipe.java	e7e7405a61bab1d3038d6a5d3250b6c94a929bd8a256b46c8305af7cb3726f22	e7e7405a61bab1d3038d6a5d3250b6c94a929bd8a256b46c8305af7cb3726f22	0adf5f89a30b259599f03911b4308036c6c46a8fb2324ea5301c9db63bda6e23	203	false
m3/recipe-first/src/main/java/org/eclipse/nebula/m3/rewrite/exact/NebulaM3DeclarativeConvergenceControlRecipe.java	8951b29668bea68ffd6334b1c663a5665524855548b036cea0ded49dfad698a0	8951b29668bea68ffd6334b1c663a5665524855548b036cea0ded49dfad698a0	d82f0d8646a28a8e7d4a0e38e04953de48e476d6400d856a5104acf0f80f3320	106	false
m3/recipe-first/src/main/java/org/eclipse/nebula/m3/rewrite/exact/NebulaM3ExactJavaSnapshotRecipe.java	e11813b817e43b1745b490e8a49099931302519ddec486bcd4156644e1bbf3bd	e11813b817e43b1745b490e8a49099931302519ddec486bcd4156644e1bbf3bd	f486916d06912e17e336bf8e89a5b2d81f0e31aaf17eeff2d78036593d1ee830	60	false
m3/recipe-first/src/main/java/org/eclipse/nebula/m3/rewrite/exact/NebulaM3ExactTextSnapshotRecipe.java	0b9ac2b829c45db21fe08f1f08436ff864eb37e340f6bcfcba0707e909ef8aba	0b9ac2b829c45db21fe08f1f08436ff864eb37e340f6bcfcba0707e909ef8aba	ed08868e1ede02af6aca802677cc28aeef86bf6340479e2bad1a4f767e58d745	53	false
m3/recipe-first/src/main/java/org/eclipse/nebula/m3/rewrite/exact/NebulaM3RoundedToolbarStreamRecipe.java	67b6e8bf1b58f2754f39c8b56a3352048328a4a6fe7b607618dbabfc9e83115d	67b6e8bf1b58f2754f39c8b56a3352048328a4a6fe7b607618dbabfc9e83115d	1809671e7cc6a0729e94b1a73af8811b5c778146b82d772a981acda5b6256d23	16	false
m3/recipe-first/src/main/java/org/eclipse/nebula/m3/rewrite/exact/NebulaM3SvgLoaderLengthConvergenceRecipe.java	41be712d39428e5baac703c769b58010daf10e86a20944f33dc78164d8737005	41be712d39428e5baac703c769b58010daf10e86a20944f33dc78164d8737005	04edfeeeba6f8043704c8c65c19e8272d62797f522f710965278ab4bdf29f91f	16	false
m3/recipe-first/src/main/java/org/eclipse/nebula/m3/rewrite/exact/NebulaM3VerbatimSourceSeal.java	699aa34df44046100cbe55a85c1be4ffabba32856afb0a5ad85695634c3b1959	699aa34df44046100cbe55a85c1be4ffabba32856afb0a5ad85695634c3b1959	d54d9d3c1829150bc0f7b207d7c90720e1953c3e800c00a3f7c4cc4f0deeed64	106	false
m3/recipe-first/src/main/java/org/eclipse/nebula/m3/rewrite/stream/NebulaM3StreamSegmentNames.java	64e0f5669351eb4f24f327b41f36a3b89d67f0277b0b8216ac09f71dfe8e1c64	64e0f5669351eb4f24f327b41f36a3b89d67f0277b0b8216ac09f71dfe8e1c64	9ab92b0fc359b92753babb36f6139855eb6c83240a873dc8485923afce134a31	108	false
m3/recipe-first/src/test/java/org/eclipse/nebula/m3/NebulaM3A3ApplyTest.java	4ef09a241551ae5a20cefdc9d1c3dee830b7f0826b2f75ce9e222c4de9467f12	4ef09a241551ae5a20cefdc9d1c3dee830b7f0826b2f75ce9e222c4de9467f12	1e84190da52a6effb99b5a377532b6987d834a3e10af1a862109bd69bb0125e7	55	false
m3/recipe-first/src/test/java/org/eclipse/nebula/m3/NebulaM3A3LabTest.java	02a00ab8c02d13d7c148e591e042a8b3de0be4609284373243b9e23794955968	02a00ab8c02d13d7c148e591e042a8b3de0be4609284373243b9e23794955968	948031c67f22a910ce8e4774a1e096544e64db6566e7eda3ae6384e3343377be	28	false
m3/recipe-first/src/test/java/org/eclipse/nebula/m3/NebulaM3InventoryRecipeTest.java	867e74d97be52df7f98b2a09313a41848ec077b302ad83e04f79a2147a7f751d	867e74d97be52df7f98b2a09313a41848ec077b302ad83e04f79a2147a7f751d	8ee302b7a9db3a4c426cfd5a162451fef6fdc71d20ba986690f0b15237899759	37	false
m3/recipe-first/src/test/java/org/eclipse/nebula/m3/NebulaM3InventoryResidueTest.java	96dea5fa6d84eb6795e6b50e91a6936bc8cd4ea7e850590cfeb4f406318e26bf	96dea5fa6d84eb6795e6b50e91a6936bc8cd4ea7e850590cfeb4f406318e26bf	e16047e6c68a963c71af6fd1f9f949741bd9c6c260fdf94993e60ae6684e6c8f	26	false
m3/recipe-first/src/test/java/org/eclipse/nebula/m3/NebulaM3RepositoryReviewRecipeTest.java	a3285062f18a4b3e9a5218950d0080c14332ebd16e78eaeb223c72a5f6d95f8a	a3285062f18a4b3e9a5218950d0080c14332ebd16e78eaeb223c72a5f6d95f8a	5efce8196be19cd0141ddcf45a9dd1c2b7e3a769200d7e63b46e216a4578561c	38	false
m3/recipe-first/src/test/java/org/eclipse/nebula/m3/NebulaM3SecondPassBindingTest.java	091fd1f017d52f6159f83b23b3f0ab6eb8f8723ced6b77602fe53fb5fb9c8e18	091fd1f017d52f6159f83b23b3f0ab6eb8f8723ced6b77602fe53fb5fb9c8e18	9e953cf8c95bbfb7e770c1994f0eb19beee80fee10f43ae5cad78446b1947ed0	52	false
m3/recipe-first/src/test/java/org/eclipse/nebula/m3/NebulaM3SecondPassReviewDagBindingTest.java	5de211981d4e7446b97836dc71f97c7551917ef40807ac5d062be2aaa14eb117	5de211981d4e7446b97836dc71f97c7551917ef40807ac5d062be2aaa14eb117	d1de80ad3a6ce6da654cab03ceb94c1beb333961ccaa6c4dcd9a065a1dca66fb	36	false
m3/recipe-first/src/test/java/org/eclipse/nebula/m3/rewrite/NebulaM3DeclarativeConvergenceTest.java	ba18c0fcd15aa88d5246dfbb291ae8f857a9de36f868b711abf0e2ed3ca12c57	ba18c0fcd15aa88d5246dfbb291ae8f857a9de36f868b711abf0e2ed3ca12c57	32653155de37cf74d085ae46ba00f9c15b122932b0df54ae8427f770285821d6	29	false
m3/recipe-first/src/test/java/org/eclipse/nebula/m3/rewrite/NebulaM3Java21ConvergenceRecipeTest.java	9a934c663967426f6d0170e1d12c4008d9963561129655e87a7ea45e87fc89d3	9a934c663967426f6d0170e1d12c4008d9963561129655e87a7ea45e87fc89d3	db197926a20e496409752e648508c5ca5d132d6f52b02c6d71fbd8385a8f0e5a	14	false
m3/recipe-first/src/test/java/org/eclipse/nebula/m3/rewrite/atom/NebulaM3PureIntConvergenceRecipeTest.java	5d7109b0fca70a7ea1868ae1d7fc375b345a82f764a7f26cde58d84041e55f1b	5d7109b0fca70a7ea1868ae1d7fc375b345a82f764a7f26cde58d84041e55f1b	36f93b3b3d2a36ada9fad80086244156c404a5fbe54215b93d368744733f5d8c	123	false
m3/recipe-first/src/test/java/org/eclipse/nebula/m3/rewrite/convergence/NebulaM3A3FileMaterializerRecipeTest.java	09b21a9add843597063315a2829311782f4e30faba0f788b97be6df260796f3b	09b21a9add843597063315a2829311782f4e30faba0f788b97be6df260796f3b	6410e8fe946519d6cf508813889a3fa3acc6adc5c75fd7c11ed7dbe5bd9c67c4	44	false
m3/recipe-first/src/test/java/org/eclipse/nebula/m3/rewrite/convergence/NebulaM3A3MasteryRecipeTest.java	f7c507278606e8ed96e385afce162fa54179854364bf93fd3382714f858adf2b	f7c507278606e8ed96e385afce162fa54179854364bf93fd3382714f858adf2b	52bb2862cd60b04bee52f7642782093cb7a64eba58cd77c121af263716d7389e	38	false
m3/recipe-first/src/test/java/org/eclipse/nebula/m3/rewrite/convergence/NebulaM3RecipeDagManifestCliTest.java	95cef56bffe5bf797fddd953d8efc471ed4bbb81a7a8833368ca716c43df405e	95cef56bffe5bf797fddd953d8efc471ed4bbb81a7a8833368ca716c43df405e	94f5b74f09924dab08610dc8464934c843af2fa51358aa48c63b3c2a9b162bc6	12	false
m3/recipe-first/src/test/java/org/eclipse/nebula/m3/rewrite/convergence/NebulaM3RecipeDagManifestTest.java	b491408f6da7af85ab0e219903896e3b72c90a63e09781f008e63809cc2095d3	b491408f6da7af85ab0e219903896e3b72c90a63e09781f008e63809cc2095d3	fd4dc5cc644a9548bcf6af713e37091184e60445aa56c4dfdb9aee12ecd9ca7e	29	false
m3/recipe-first/src/test/java/org/eclipse/nebula/m3/rewrite/exact/NebulaM3CDateTimeCssCompatibilityRecipeTest.java	994ba8a07be8e27e8e3cd4dfdb705708c638f009c7219b02d7aa7f6fe3b5a03e	994ba8a07be8e27e8e3cd4dfdb705708c638f009c7219b02d7aa7f6fe3b5a03e	bf5713e9bee9a436bf1709d6fe73b252872a975d8da089fa86a2c56c74ba8b7d	86	false
m3/recipe-first/src/test/java/org/eclipse/nebula/m3/rewrite/exact/NebulaM3CatalogueBaseRefreshRecipeTest.java	b1983b942b4d9ee282f47b00808c328a8d276372bff647de01ab259d8c1799ae	b1983b942b4d9ee282f47b00808c328a8d276372bff647de01ab259d8c1799ae	a1c990f30a643072b2484eaedaa18062cbf24addf50d516a05e9d35bb6fa4f45	33	false
m3/recipe-first/src/test/java/org/eclipse/nebula/m3/rewrite/exact/NebulaM3CompileBootstrapRecipeTest.java	26ac2417564603f6c04c9bf13ae0296ad120d4bb504472c80b68500bbd502682	26ac2417564603f6c04c9bf13ae0296ad120d4bb504472c80b68500bbd502682	b64b72b324db1bc815f6de2c4fc32b64b37fccf593ed0f30876e6ddc391747a3	58	false
m3/recipe-first/src/test/java/org/eclipse/nebula/m3/rewrite/exact/NebulaM3CurrentCDateTimeOwnerRecipeTest.java	f721d54df8ed1e1cafabb303c266610b705659399133004a74e4afde26790c03	f721d54df8ed1e1cafabb303c266610b705659399133004a74e4afde26790c03	71d7ca33779095f041189c30df64e374b304a00bb75e3dd0436189c67cf68be2	134	false
m3/recipe-first/src/test/java/org/eclipse/nebula/m3/rewrite/exact/NebulaM3DeclarativeConvergenceControlRecipeTest.java	1691af3bcdb9d4717d0613af8917bb5785d2d759d516f63cc9b58debc1fb8d51	1691af3bcdb9d4717d0613af8917bb5785d2d759d516f63cc9b58debc1fb8d51	00edcebcbd8c33757d52b7011adc7044c2405dc40fe53489cd627f398b5fc71b	31	false
m3/recipe-first/src/test/java/org/eclipse/nebula/m3/rewrite/exact/NebulaM3RoundedToolbarStreamRecipeTest.java	8a268c5de986d5d67596647424f45ccd0cd163e9a27d698c02cdd8e2f01e7d56	8a268c5de986d5d67596647424f45ccd0cd163e9a27d698c02cdd8e2f01e7d56	85b85d6eb11b8033a1880d1e29e52cce0cd2ddffc469372b2bdabf6515270bf9	66	false
m3/recipe-first/src/test/java/org/eclipse/nebula/m3/rewrite/exact/NebulaM3SvgLoaderLengthConvergenceRecipeTest.java	9c6521e155d89b5f6c20e66355d59a5af3c6f00e1b7564f3d4558bbcb6dff08a	9c6521e155d89b5f6c20e66355d59a5af3c6f00e1b7564f3d4558bbcb6dff08a	d02af1738508cb1e24bb01457445119bafea91f5c299c1b04e158a4b6ee53cad	93	false
m3/recipe-first/src/test/java/org/eclipse/nebula/m3/rewrite/exact/NebulaM3VerbatimSourceSealTest.java	f46c78767c3097f0e5ddfaabe58e3d56e3635144022e93bba7e71f5a91f304f5	f46c78767c3097f0e5ddfaabe58e3d56e3635144022e93bba7e71f5a91f304f5	e1f48042085b0fd4e634bd248a939c92e4d336a37e861fc32f1bf4965d2652b5	37	false
m3/recipe-first/src/test/java/org/eclipse/nebula/m3/rewrite/stream/NebulaM3StreamSegmentNamesTest.java	1b94a21579e448607d01b5cecce3511a0b44238f480b7ccdadbaa940757b0b16	1b94a21579e448607d01b5cecce3511a0b44238f480b7ccdadbaa940757b0b16	8f7a87d3bba720f1fbae65648b9c7b087e4d93549673b1b884bbb910ac426166	166	false
m3/stream-segment-proof/proof/donor-inventory/jdk21-donors/java.base/java/util/ArrayList.java	c7db659273f9130e08b0d4508c34ff655e157b9ed48cdc7f5f5a2146ebb1c137	c7db659273f9130e08b0d4508c34ff655e157b9ed48cdc7f5f5a2146ebb1c137	3a67896e350eb27a5d3056c70b64bce434fad491e3459d01ce582e9173d47a27	870	false
m3/stream-segment-proof/proof/donor-inventory/jdk21-donors/java.base/java/util/Collection.java	de833f449dd331f125692ae3dd0ff06d7ab62d9be47d7edb56907ce2dd7988e4	de833f449dd331f125692ae3dd0ff06d7ab62d9be47d7edb56907ce2dd7988e4	675f66754c0c462a1b96624d7636f566012f3b6fee9f3c3a10f7550c899966c1	19	false
m3/stream-segment-proof/proof/donor-inventory/jdk21-donors/java.base/java/util/stream/AbstractPipeline.java	cbd4d9f14e048e087fb7d7bc81032f32c5a26d9e6159f8e60fde43ce6d17a3d3	cbd4d9f14e048e087fb7d7bc81032f32c5a26d9e6159f8e60fde43ce6d17a3d3	7903cff7001ef70846f9f1dab3eb9498078d719a9cbd1146dcc84a50c5454955	212	false
m3/stream-segment-proof/proof/donor-inventory/jdk21-donors/java.base/java/util/stream/FindOps.java	3ada9949be120880e5e74a113be6fe06469aeaba3dca4bf951af07186739d47f	3ada9949be120880e5e74a113be6fe06469aeaba3dca4bf951af07186739d47f	52f20977d99f5e4eef95c21dd280a6ad0a6393810275984bb6d7b6ec8ec84005	91	false
m3/stream-segment-proof/proof/donor-inventory/jdk21-donors/java.base/java/util/stream/ReferencePipeline.java	cfaad79cb931191a7f23a3b6133c8c337c9941f9b0ca5656da22b11b1b0bfcd3	cfaad79cb931191a7f23a3b6133c8c337c9941f9b0ca5656da22b11b1b0bfcd3	f1397c7d8c6daef5618856cb91360a484b0f2cc47fdd9ae1fed6425eaa5e6790	294	false
m3/stream-segment-proof/proof/donor-inventory/jdk21-donors/java.base/java/util/stream/Stream.java	3524f25b18c080153554ee03c85d7c82a6b3180c1b5153702358126cf2056f8f	3524f25b18c080153554ee03c85d7c82a6b3180c1b5153702358126cf2056f8f	50f7714903c2d136fe890388e3fe0fa7d5df7bedbb98210185e035fc5b76bfb8	105	false
m3/stream-segment-proof/proof/donor-inventory/l2m-donors/synexia-openrewrite-recipes/src/main/java/com/synexia/rewrite/M3L2MFacades.java	9fcdaba54bfeb88d563b06d00b99cb2dc0fba83c7232528f75068fb3a45e24b7	9fcdaba54bfeb88d563b06d00b99cb2dc0fba83c7232528f75068fb3a45e24b7	2f33b268fbd86c39155b81ec2114bff37fed7c063b6633bbaf377c8b9ae6d223	87	false
m3/stream-segment-proof/proof/donor-inventory/l2m-donors/synexia-openrewrite-recipes/src/main/java/com/synexia/rewrite/M3L2MRecipe.java	412a10fd31527313d0843150e00a64d4649f021d1a991d3b4ede37071cf31f31	412a10fd31527313d0843150e00a64d4649f021d1a991d3b4ede37071cf31f31	368266862f24355ccfd888c68efa1cc534d52e30e5b9a1fb8de34c73dd3a544e	51	false
m3/stream-segment-proof/proof/donor-inventory/l2m-donors/synexia-openrewrite-recipes/src/main/java/com/synexia/rewrite/M3SemanticAttribution.java	81785a3bc4d62a97a1ce4f14e60c4ebfc51baacc98c900acf21c3225a64c5a90	81785a3bc4d62a97a1ce4f14e60c4ebfc51baacc98c900acf21c3225a64c5a90	b82030d83cb1d92955245b2f4ee8de0e913c6ac87dd4a65c3d7a5c0bdcc1924f	84	false
m3/stream-segment-proof/proof/donor-inventory/nebula-donors/m3/recipe-first/src/main/java/org/eclipse/nebula/m3/NebulaM3InventoryRecipe.java	3d241d0b17cfea336f585d46ad4564fa5a38c86afb895f560ac2f8254768c007	3d241d0b17cfea336f585d46ad4564fa5a38c86afb895f560ac2f8254768c007	403e60d30139cd2cbbc199e1731e526d79253ee930fdc0bc83617ed3019d7136	118	false
m3/stream-segment-proof/proof/donor-inventory/nebula-donors/m3/recipe-first/src/main/java/org/eclipse/nebula/m3/NebulaM3InventoryTable.java	b60de251c4e610b12377f1454a4670992adc786e363d397ecdd87d9960cfb3be	b60de251c4e610b12377f1454a4670992adc786e363d397ecdd87d9960cfb3be	4a0883ab99b2f51827b07d9e79ff7b3298cdf299270a61a7d432ba8e6888b336	60	false
m3/stream-segment-proof/proof/donor-inventory/nebula-donors/m3/recipe-first/src/main/java/org/eclipse/nebula/m3/rewrite/atom/NebulaM3AtomizePureIntReturnRecipe.java	963265e9375b712f2d56f5c58288c731668650efdc1be24071d3035e661cd8d3	963265e9375b712f2d56f5c58288c731668650efdc1be24071d3035e661cd8d3	5fc2cf7241fcbc36ef4aa5be9f6976be7eb69746a7fa6b4aa7666bbfa7f57189	17	false
m3/stream-segment-proof/proof/donor-inventory/nebula-donors/m3/recipe-first/src/main/java/org/eclipse/nebula/m3/rewrite/atom/NebulaM3PureIntAtomEligibility.java	e669ff390743c009909cc945f61e10b0a5c511f15e1c97a2ceb1a9a878106d6c	e669ff390743c009909cc945f61e10b0a5c511f15e1c97a2ceb1a9a878106d6c	88b2e82ab99a3cd5546c1e97e738df2b5655300f3fe28b88a6a08118b9522f63	90	false
m3/stream-segment-proof/proof/donor-inventory/nebula-donors/m3/recipe-first/src/main/java/org/eclipse/nebula/m3/rewrite/convergence/NebulaM3FileConvergenceRecipeDag.java	da2746a3603ad6d344ad6c633d4e1bea621fc030637843a325136181fc853f91	da2746a3603ad6d344ad6c633d4e1bea621fc030637843a325136181fc853f91	dbda7ae7b2445a02170586db2ca201283b337a16f0c6d4e7f8daccef49a41337	32	false
m3/stream-segment-proof/proof/donor-inventory/nebula-donors/m3/recipe-first/src/main/java/org/eclipse/nebula/m3/rewrite/convergence/NebulaM3RecipeDagManifest.java	31230249f1f305c976afe5b41ed750df708411d7dad07598745ca26de5a4acc1	31230249f1f305c976afe5b41ed750df708411d7dad07598745ca26de5a4acc1	cfb0d4c1e31cfa787466a82dedb24b00df60927c0e2de33e35ff2c2df18c97eb	74	false
m3/stream-segment-proof/proof/donor-inventory/nebula-donors/m3/recipe-first/src/main/java/org/eclipse/nebula/m3/rewrite/exact/NebulaM3DeclarativeConvergenceControlRecipe.java	389cf1487f96774769e36cf0b7352510de8230369a657f911ea870d0680c5e69	389cf1487f96774769e36cf0b7352510de8230369a657f911ea870d0680c5e69	f91460150986fcefa247ba45facf77de8b03f74029a8703a792dd3f5c2d9bb6b	100	false
m3/stream-segment-proof/proof/donor-inventory/nebula-donors/m3/recipe-first/src/main/java/org/eclipse/nebula/m3/rewrite/exact/NebulaM3ExactJavaSnapshotRecipe.java	e11813b817e43b1745b490e8a49099931302519ddec486bcd4156644e1bbf3bd	e11813b817e43b1745b490e8a49099931302519ddec486bcd4156644e1bbf3bd	0faeef15fb063618bb8f5b9ed809897aefc7aaa54a2a66eaa996c824fcca4215	60	false
m3/stream-segment-proof/proof/donor-inventory/nebula-donors/m3/recipe-first/src/main/java/org/eclipse/nebula/m3/rewrite/exact/NebulaM3VerbatimSourceSeal.java	23c0c2d90bfd9998f34de9ffdccf39fdd122b651a573671a77df1984e1ccf420	23c0c2d90bfd9998f34de9ffdccf39fdd122b651a573671a77df1984e1ccf420	c265c0e4f225c37351dc50211570cde29ae5607fd530801f1dd95d566ed0fd46	98	false
m3/stream-segment-proof/proof/donor-inventory/nebula-donors/widgets/opal/roundedtoolbar/org.eclipse.nebula.widgets.opal.roundedtoolbar/src/org/eclipse/nebula/widgets/opal/roundedtoolbar/RoundedToolbar.java	fd00029ccb595dfedd0ec1c0604856359e065c9d2ca3fcbbe86382b15bbc0c59	fd00029ccb595dfedd0ec1c0604856359e065c9d2ca3fcbbe86382b15bbc0c59	fa5fcbcf3898b12b81d33b7b531e55aa0f5b1737c5784a6209eb15e7725e91ba	206	false
m3/stream-segment-proof/proof/donor-inventory/openrewrite-donors/src/main/java/org/openrewrite/staticanalysis/LambdaBlockToExpression.java	b68afa64dbf688463e01fffd02fad8fb3d2dec79e4a4d9670404cc338b42bddd	b68afa64dbf688463e01fffd02fad8fb3d2dec79e4a4d9670404cc338b42bddd	303e906dae68d807bd04384de08755c33657213b7e88d7ad74791a8dd9c97e7c	61	false
m3/stream-segment-proof/proof/donor-inventory/openrewrite-donors/src/main/java/org/openrewrite/staticanalysis/ReplaceLambdaWithMethodReference.java	b9c6738339c9691690a7cae3c5495c6251edf6c4b28f843463234c9aa8517656	b9c6738339c9691690a7cae3c5495c6251edf6c4b28f843463234c9aa8517656	b7a880cd899da3fdb615b246d8c08c2b722baf279372785f1487e84d524c489f	227	false
m3/stream-segment-proof/proof/donor-inventory/openrewrite-donors/src/main/java/org/openrewrite/staticanalysis/ReplaceStreamToListWithCollect.java	5860a8a1e2670652913c18eb7b1b5bcc8418992ff92b5eebac4f9b0aa934771f	5860a8a1e2670652913c18eb7b1b5bcc8418992ff92b5eebac4f9b0aa934771f	85ae9c6cde4bdaa94389c7f17bb8aa5d2952fc8b8b631ef4bd15b5f0b9d86d4c	17	false
m3/stream-segment-proof/proof/donor-inventory/openrewrite-donors/src/main/java/org/openrewrite/staticanalysis/SortedSetStreamToLinkedHashSet.java	dd2850f214bf16ff41913c3d6578fa86f899b6a855203ec87d483ac9a0825638	dd2850f214bf16ff41913c3d6578fa86f899b6a855203ec87d483ac9a0825638	5563379cc13d7f52cdc5ff757afcfdf995def40322603c94ad814d88b289b301	15	false
m3/stream-segment-proof/proof/donor-inventory/openrewrite-donors/src/test/java/org/openrewrite/staticanalysis/LambdaBlockToExpressionTest.java	5baef96848437e9349fa0968778ebaf0ea05ce0a0df170841fa5745589ed490f	5baef96848437e9349fa0968778ebaf0ea05ce0a0df170841fa5745589ed490f	ce47b1238bbda66765df94e4d66fec9440092cca09f33523d5e757d1eab856e1	10	false
m3/stream-segment-proof/proof/donor-inventory/openrewrite-donors/src/test/java/org/openrewrite/staticanalysis/ReplaceLambdaWithMethodReferenceTest.java	8dda7f923472f7155613d40cc2d4ad26d1d27b1a8ff2a0b03c6cbf02ec8339e8	8dda7f923472f7155613d40cc2d4ad26d1d27b1a8ff2a0b03c6cbf02ec8339e8	d24faa57981522a6fb9a279631c8158deb035fa912e4a7579b9dadbf426343da	97	false
m3/stream-segment-proof/proof/donor-inventory/openrewrite-donors/src/test/java/org/openrewrite/staticanalysis/ReplaceStreamToListWithCollectTest.java	14c8a98e3f43d55bd1897c3d47336634f8e9f93a5c693b2e080a407df7263218	14c8a98e3f43d55bd1897c3d47336634f8e9f93a5c693b2e080a407df7263218	e4965261370bc64180c6b196d945bdc3dc2fc5c5bcb8576d47112cbc8abdefbd	8	false
m3/stream-segment-proof/proof/donor-inventory/openrewrite-donors/src/test/java/org/openrewrite/staticanalysis/SortedSetStreamToLinkedHashSetTest.java	aa96fcf394de9034ac68d57809efc8fe6142f854ec2e3b15553be8f5be2a9083	aa96fcf394de9034ac68d57809efc8fe6142f854ec2e3b15553be8f5be2a9083	15b5a8c56a2c8ced19db265e63e23956f0e4c51c4174d4e6c8a6a2c50bda0df9	10	false
m3/stream-segment-proof/proof/donor-inventory/openrewrite-donors/src/test/java/org/openrewrite/staticanalysis/groovy/ReplaceLambdaWithMethodReferenceTest.java	1027909de8e906dab5d93bbf4d390d20841cde8e24b96c985ec06b7d8aa831f6	1027909de8e906dab5d93bbf4d390d20841cde8e24b96c985ec06b7d8aa831f6	40e1cba3933a955baebbb45aa86ccef1ebaadb30c12587ca0df8aa738c260974	4	false
m3/stream-segment-proof/proof/donor-inventory/openrewrite-donors/src/test/java/org/openrewrite/staticanalysis/kotlin/ReplaceLambdaWithMethodReferenceTest.java	1e45e4c00147d42c5600c9bcc09318ed3b8ddab113bfd25b63a888a99fa4c5b1	1e45e4c00147d42c5600c9bcc09318ed3b8ddab113bfd25b63a888a99fa4c5b1	206ee577ec5b1a8bcae37573465944e1b439a095640191840618b9b21c3330f9	6	false
m3/stream-segment-proof/proof/donor-inventory/synexia-donors/synexia-maven-plugin/src/main/java/com/synexia/ai/m3scale/M3AttributedAtomizer.java	6564400310dc0d3baa9a264a032b253153b795b27cdad8f9363e312439d890d2	6564400310dc0d3baa9a264a032b253153b795b27cdad8f9363e312439d890d2	38e4ef9d25a7d31e079cea7ea6bdafba99b28783ca4712697fb03869ec5a853e	310	false
m3/stream-segment-proof/proof/donor-inventory/synexia-donors/synexia-maven-plugin/src/main/java/com/synexia/ai/m3scale/M3Hash.java	792c585551d4eee29662b482a2bc04fd766f5b603ac09a29025c355b295c35f4	792c585551d4eee29662b482a2bc04fd766f5b603ac09a29025c355b295c35f4	b091e6385c1d4b54e5aacfaf6071ccff5a0bad24d43e0b2b25e00fe161c5b0db	51	false
m3/stream-segment-proof/proof/donor-inventory/synexia-donors/synexia-maven-plugin/src/main/java/com/synexia/ai/m3scale/M3JavaAtomizer.java	353b250f3e61b2e1f9c6151382220b26a6544de5f7abc020ab11eb256d2198dd	353b250f3e61b2e1f9c6151382220b26a6544de5f7abc020ab11eb256d2198dd	6d9592ff614b56fca9111a0d351d4a973c89d4941d200f74c59b4dbcb4a5d83c	231	false
m3/stream-segment-proof/proof/donor-inventory/synexia-donors/synexia-openrewrite-recipes/src/main/java/com/synexia/rewrite/M3CanonicalSemanticIdentity.java	42ce4ab45e88678742f31c1700d6e5e3e8784ad46e26a72401b118e12a231b7d	42ce4ab45e88678742f31c1700d6e5e3e8784ad46e26a72401b118e12a231b7d	56f19aa75e6ab00fe307e56688b9f67c560909458caef986d7a6a10589555c9e	177	false
m3/stream-segment-proof/proof/donor-inventory/synexia-donors/synexia-openrewrite-recipes/src/main/java/com/synexia/rewrite/M3JavaAtomPatternMaterializationRecipe.java	47e36a8af2ec9df0e56d2eaeb27702731b2880c4ae4e089c638bfff0328115e8	47e36a8af2ec9df0e56d2eaeb27702731b2880c4ae4e089c638bfff0328115e8	e2189587bd90711dbecffe8e21276f59f3eff6b43a06bcc7feb9c5b0f80a745d	321	false
m3/stream-segment-proof/proof/donor-inventory/synexia-donors/synexia-openrewrite-recipes/src/main/java/com/synexia/rewrite/M3JsparrowLoopSafety.java	90f48380ef09590c458ca31493366371d034177aaae55ec6a069e68671c6d5af	90f48380ef09590c458ca31493366371d034177aaae55ec6a069e68671c6d5af	3a977c30e866f8443032876ad5b90002498c3c5a12841f779a0b80fcc0c738af	157	false
m3/stream-segment-proof/proof/donor-inventory/synexia-donors/synexia-openrewrite-recipes/src/main/java/com/synexia/rewrite/M3JsparrowLoopStreamRecipe.java	b99ed6ac0562f50b816d55187bb72d3f8f1d8308657737c48dd659603338414e	b99ed6ac0562f50b816d55187bb72d3f8f1d8308657737c48dd659603338414e	ed5a4e6fcd2be09a8af0f8268df9d8c9ea3c6e05ffe01a21bb9f12ea70ffb50e	367	false
m3/stream-segment-proof/proof/donor-inventory/synexia-donors/synexia-openrewrite-recipes/src/main/java/com/synexia/rewrite/M3MIndexNamePolicy.java	479c8c501697ce00a79d1cd0fd38fd729da538a65135cf67cec80bf483acde82	479c8c501697ce00a79d1cd0fd38fd729da538a65135cf67cec80bf483acde82	2f119da5d78ea09b07ae64059164cdc0dba24423eed6d592b5deb8c3ffd9834e	61	false
m3/stream-segment-proof/proof/donor-inventory/synexia-donors/synexia-openrewrite-recipes/src/main/java/com/synexia/rewrite/M3SemanticAttribution.java	81785a3bc4d62a97a1ce4f14e60c4ebfc51baacc98c900acf21c3225a64c5a90	81785a3bc4d62a97a1ce4f14e60c4ebfc51baacc98c900acf21c3225a64c5a90	83b8ea3facccf177bcc46c2ef854c1dc1c0ea346a49aa39d8dd969adb22ad0c6	84	false
m3/stream-segment-proof/proof/donor-inventory/synexia-donors/synexia-openrewrite-recipes/src/main/java/com/synexia/rewrite/M3TutorialReferenceRecipeNaming.java	881614af2e8bd0cdb878edc1ac29b6e9a9ea479892822f483bbc80b0b2d23627	881614af2e8bd0cdb878edc1ac29b6e9a9ea479892822f483bbc80b0b2d23627	96ff729b8469d41bd0b97b4f80b0c389abe4f28a2dad3c98c54892bba0b9bea8	49	false
m3/stream-segment-proof/proof/donor-inventory/synexia-donors/synexia-openrewrite-recipes/src/main/java/com/synexia/rewrite/atomdb/AtomFingerprints.java	1337654658af2a1e699c9e1437251595af76b9605a94c3d2d01fd7312ae8a080	1337654658af2a1e699c9e1437251595af76b9605a94c3d2d01fd7312ae8a080	6bc6f0c6e37cd2da9a1f3b2d84a257e58f59e821217d6c18ef22eb615b9aabdf	185	false
m3/stream-segment-proof/proof/donor-inventory/synexia-donors/synexia-openrewrite-recipes/src/test/java/com/synexia/rewrite/M3FunctionalJavaProofTest.java	c64565ef36ae5eb121d32e5fffc894591793b33d9ed9914597fd4c24333ccd8b	c64565ef36ae5eb121d32e5fffc894591793b33d9ed9914597fd4c24333ccd8b	71f922fb5e7bbbcc8a07f704f7fa530192d5b5605b09ac2a0a5426c7cdce2dbf	354	false
m3/stream-segment-proof/src/test/java/org/eclipse/nebula/m3/stream/RoundedToolbarRuntimeContractTest.java	5f08977f4ab923bb16f583f7dc8f9d7be4a2a793dab55c93bf0e2e3349b26221	5f08977f4ab923bb16f583f7dc8f9d7be4a2a793dab55c93bf0e2e3349b26221	78f60fa922f9a180a8b6954211bfe000a7af0472efad3d3170aaae285ba47b84	384	false
org.eclipse.nebula.nebface/src/org/eclipse/swt/nebula/nebface/ctabletreeviewer/CTableTreeViewer.java	8ec66d299b0b302f0551d90931a3f729df415e68064ec72ff2c11e1f09e246a2	8ec66d299b0b302f0551d90931a3f729df415e68064ec72ff2c11e1f09e246a2	8ae505b241809a36da25d8829c0efdb4314e2519115861aa5f2dbcaa49a0b5ba	280	false
org.eclipse.nebula.nebface/src/org/eclipse/swt/nebula/nebface/ctabletreeviewer/ccontainerviewer/CContainerViewer.java	f4133444e9c3395a6efce6295ef05a0da5c41b0a28193e8085f3f46feebbbd87	f4133444e9c3395a6efce6295ef05a0da5c41b0a28193e8085f3f46feebbbd87	fe85f6ae94f45a4f730d03f02c50dca88ca55e02c3642671fa3f2d6d46936c73	300	false
org.eclipse.nebula.nebface/src/org/eclipse/swt/nebula/nebface/ctabletreeviewer/ccontainerviewer/ICContainerCellProvider.java	a4ebf9eafc9e7e34f09cd176aa505a15ad91c2847f4496580021b56fa5f90ba8	a4ebf9eafc9e7e34f09cd176aa505a15ad91c2847f4496580021b56fa5f90ba8	65a77a3fb65edccb2eae6f5eb263df252e1aacc50eb20dd9f9f5403e5e6c976e	0	false
org.eclipse.nebula.nebface/src/org/eclipse/swt/nebula/nebface/ctabletreeviewer/ccontainerviewer/ICContainerLabelProvider.java	51047d818c05ef4459c27dd6f71b29b290d83ac4c0a9e661e19351eaf86ea2a1	51047d818c05ef4459c27dd6f71b29b290d83ac4c0a9e661e19351eaf86ea2a1	87e4b8b6b9ee9502dea4a37be1bb78799c55097ba6699172aee4f554a3a76c15	0	false
org.eclipse.nebula.nebface/src/org/eclipse/swt/nebula/nebface/viewers/CDateTimeCellEditor.java	dd4c2e07d86b561bb77b92653c6a57f6adeb72721eae4ba1dc815e189381fde4	dd4c2e07d86b561bb77b92653c6a57f6adeb72721eae4ba1dc815e189381fde4	25db200cfd8fcc81ad37853d197d3e7740fcc375f223e9776215f99b1ac5a492	28	false
org.eclipse.nebula.nebface/src/org/eclipse/swt/nebula/nebface/viewers/CDateTimeSelectionProvider.java	992daebebc83d4eea139262148486eaa6e635f5a05bc26e7aece2034981786a2	992daebebc83d4eea139262148486eaa6e635f5a05bc26e7aece2034981786a2	90c669b367b59314873db1c8597b06f597a7394cc73eea57e35ef933842556d9	39	false
org.eclipse.nebula.nebface/src/org/eclipse/swt/nebula/nebface/viewers/CTreeViewer.java	726c454218dfc4346b678d0e73461e41be2a716e8f79bb4dad0c3de5444c6d46	726c454218dfc4346b678d0e73461e41be2a716e8f79bb4dad0c3de5444c6d46	260048360c2413044c789c0ba5514b0b4526e8f8167691d0bcac301cddd32bdb	138	false
org.eclipse.nebula.nebface/src/org/eclipse/swt/nebula/nebface/viewers/CTreeViewerRow.java	1b82a2068401e1bf63a75c2c502f8328cc9e86ef63bf0c1ae62b1fa7fd578c48	1b82a2068401e1bf63a75c2c502f8328cc9e86ef63bf0c1ae62b1fa7fd578c48	50ac18124c644d0070dcedd0caf662fd7449307faeebefa948119bd0c12505b5	76	false
org.eclipse.nebula.nebface/src/org/eclipse/swt/nebula/nebface/viewers/CheckEditingSupport.java	a6418813c2aa944b37a77a19f5e83e7ec7428b1e2ee0890b74265ec4f3839d00	a6418813c2aa944b37a77a19f5e83e7ec7428b1e2ee0890b74265ec4f3839d00	d8ba24f11a7ae9f84b91c2da147f8ae12e8d6aa5c988204e4f915ade12a8309f	6	false
org.eclipse.nebula.nebface/src/org/eclipse/swt/nebula/nebface/viewers/GridViewer.java	8e096219cd0707feca8afa6cefcf1bb0e8ca7d0bf965e8324848478ab409d0d7	8e096219cd0707feca8afa6cefcf1bb0e8ca7d0bf965e8324848478ab409d0d7	4197dd40f881530f9b348d0b0d9ad09a185729fed0eb63a255872d511f7eb686	90	false
org.eclipse.nebula.nebface/src/org/eclipse/swt/nebula/nebface/viewers/GridViewerColumn.java	89bce12e84cc658cdc93ecb3e0954ca63dad125e2f0fde970f314389f7aaf87c	89bce12e84cc658cdc93ecb3e0954ca63dad125e2f0fde970f314389f7aaf87c	ab555971e9a85c373fb3fe0bb577a59378f069a5beb1a39895db32d709d0ca11	33	false
org.eclipse.nebula.nebface/src/org/eclipse/swt/nebula/nebface/viewers/GridViewerRow.java	9492f83ceecac7722dacfae3695495211cd2a44f3df043c74d9c2bbcb0e4f15b	9492f83ceecac7722dacfae3695495211cd2a44f3df043c74d9c2bbcb0e4f15b	b293cd7b1b7af551b2caa68a15e08459707399e757bc6239993aeae7753dd6b9	44	false
org.eclipse.nebula.presentations.shelf/src/org/eclipse/swt/nebula/presentations/shelf/BusyGroupAnimation.java	a5b4dd6ec89127b05607458ada89826dc97e3f95154b45c107551c045f70a74a	a5b4dd6ec89127b05607458ada89826dc97e3f95154b45c107551c045f70a74a	c6756992e4815a685e2473e4e5acde51529d2602ecafe7d3bfd9f4e34f480232	7	false
org.eclipse.nebula.presentations.shelf/src/org/eclipse/swt/nebula/presentations/shelf/BusyItemAnimation.java	fb46264200111f25eed2c08172bc16aa0ffb008219ec965dba28acbe3824e124	fb46264200111f25eed2c08172bc16aa0ffb008219ec965dba28acbe3824e124	fef986c06dfe72e9f1210a95c4de21d89ed7024a9369e52cb486b604e93cb6d7	7	false
org.eclipse.nebula.presentations.shelf/src/org/eclipse/swt/nebula/presentations/shelf/CTabFolderStackPresentation.java	d10871e9c8f9e80898e6f64bbf5dc38b9e2d0609cddbc9bace84074be30bc980	d10871e9c8f9e80898e6f64bbf5dc38b9e2d0609cddbc9bace84074be30bc980	bd6ed642bba0ee7d44efbab37327d82271abe4673e46e6dedbda0720e1b4351b	192	false
org.eclipse.nebula.presentations.shelf/src/org/eclipse/swt/nebula/presentations/shelf/EmptyStandaloneStackPresentation.java	0533cb90fb266489732524ad7064c64f10dba881f9d7f5774dbb2b08e8ca1d5b	0533cb90fb266489732524ad7064c64f10dba881f9d7f5774dbb2b08e8ca1d5b	b89621c523c8a6aff343b1eab545f6c417e60af305b59e374539c903abff0819	48	false
org.eclipse.nebula.presentations.shelf/src/org/eclipse/swt/nebula/presentations/shelf/ExpandBarStandaloneStackPresentation.java	a18f4032ef8b269ac146fc90b48df4f07e8b0a6cd854c4db025f0ff0a7d0e41c	a18f4032ef8b269ac146fc90b48df4f07e8b0a6cd854c4db025f0ff0a7d0e41c	815fb4fc56619a16a234d78e10e8371abb0a7b5dfbca0647cafcb0f5ed528b8f	135	false
org.eclipse.nebula.presentations.shelf/src/org/eclipse/swt/nebula/presentations/shelf/ImageAnimationPlayer.java	fcd9471305c469a713828270ac583e405e5a7c43ba75c2cf666889b614965cc4	fcd9471305c469a713828270ac583e405e5a7c43ba75c2cf666889b614965cc4	b9c8276968b522a8742e66d3b2b879c48604351e07440d7e3bfdbe4b3b5340c6	32	false
org.eclipse.nebula.presentations.shelf/src/org/eclipse/swt/nebula/presentations/shelf/PGroupStackPresentation.java	d32e25846bda3eb2e6b73172c7cd56cef8f0d8ee03ac19f2cd225c121dac494c	d32e25846bda3eb2e6b73172c7cd56cef8f0d8ee03ac19f2cd225c121dac494c	b9a69791484eed3d652e6d5fc7a416c908251419c8a54229e7181b38d1d16c22	144	false
org.eclipse.nebula.presentations.shelf/src/org/eclipse/swt/nebula/presentations/shelf/PShelfStackPresentation.java	34c50c2edc234f28cfe120f289b0a33634885fd3f2ac6bc16692ce20c3378967	34c50c2edc234f28cfe120f289b0a33634885fd3f2ac6bc16692ce20c3378967	8a41df45b1a8ac8fa00c9ce43ceb45b4fc5abeb7f796f0463d1eefcd100408cd	234	false
org.eclipse.nebula.presentations.shelf/src/org/eclipse/swt/nebula/presentations/shelf/PresentationFactory.java	5575fa46a6867ab57fabaf7bd5f1d9d31476c7942760abed0e51ba32943cdd7b	5575fa46a6867ab57fabaf7bd5f1d9d31476c7942760abed0e51ba32943cdd7b	9160818a937058d51e9d9bd289cd15e2c981e07b0ecd4d790a772c248397bbae	17	false
org.eclipse.nebula.presentations.shelf/src/org/eclipse/swt/nebula/presentations/shelf/tab/GraphicUtils.java	c64e219b0c7f4ecaceb5fd39681561bb0a00be3a8c5dd646962f7fa98ecd7925	c64e219b0c7f4ecaceb5fd39681561bb0a00be3a8c5dd646962f7fa98ecd7925	1eb1334a927697d3e238990d1176da45b3bd092ba3315211dc428d5927d39b3b	164	false
org.eclipse.nebula.presentations.shelf/src/org/eclipse/swt/nebula/presentations/shelf/tab/TabBar.java	a69b3f4bd9a26905861871aa3d1b7fca792230beac20892c7ca29ec83e610350	a69b3f4bd9a26905861871aa3d1b7fca792230beac20892c7ca29ec83e610350	d488846f9ee7dc89c492f0376d2a8fb397b5fb9ba4e0a4d9e9537077bbe7a32b	204	false
org.eclipse.nebula.presentations.shelf/src/org/eclipse/swt/nebula/presentations/shelf/tab/TabBarItem.java	35ce94b7c79923e9855b138f9a2dac4865e72cc53620e5c63027d0dd5747afdc	35ce94b7c79923e9855b138f9a2dac4865e72cc53620e5c63027d0dd5747afdc	770a42300f262bde0a6460690856ce40f13adcf35e1a1e57b5609e303a6f7acd	10	false
org.eclipse.nebula.presentations.shelf/src/org/eclipse/swt/nebula/presentations/shelf/tab/TabBarItemRenderer.java	3b953c5ea835e384abda2358ddaba675d8aa6284edeafc86572887a8ee7b666c	3b953c5ea835e384abda2358ddaba675d8aa6284edeafc86572887a8ee7b666c	9b25ef57a3b526da03872aebd066fcff14ee86c4868993e42437e918736825f5	58	false
widgets/badgedlabel/org.eclipse.nebula.widgets.badgedlabel.snippets/src/org/eclipse/nebula/widgets/badgedlabel/BadgedLabelSnippet.java	bec1ebe363abaec2cbedc050fbc2e04834113adbf695ac6f7556b504c2e276bf	bec1ebe363abaec2cbedc050fbc2e04834113adbf695ac6f7556b504c2e276bf	9807f2d386c9ab477c6abbbb6e79ef232e799b53d44cb6e0610a07becdc98751	69	false
widgets/badgedlabel/org.eclipse.nebula.widgets.badgedlabel/src/org/eclipse/nebula/widgets/badgedlabel/BadgedLabel.java	b80fda335ae6b4568bdea83564914fb4393a7bbf384af50b0b73a4c9b23d62e2	b80fda335ae6b4568bdea83564914fb4393a7bbf384af50b0b73a4c9b23d62e2	d3f96a8026a641d2965010dfbde559fb61865220d19339c43f209b989f16b906	272	false
widgets/bidilayout/org.eclipse.nebula.widgets.bidilayout/src/org/eclipse/nebula/widgets/bidilayout/BidiLayout.java	ba8eb7345a7e5c8376cf2d69cf31b519ce34a65f849b0dc5022a663f6e53c215	ba8eb7345a7e5c8376cf2d69cf31b519ce34a65f849b0dc5022a663f6e53c215	2009d76cd8d7674528371a6bb8677dbc331cd37a8b1c682438d78868403d383b	536	false
widgets/calendarcombo/org.eclipse.nebula.widgets.calendarcombo.example/src/org/eclipse/nebula/widgets/calendarcombo/example/CalendarComboExampleTab.java	57a829e200554a88f761c21f1fc2804905ffdf7cd9594e92af34edd1f351cdb9	57a829e200554a88f761c21f1fc2804905ffdf7cd9594e92af34edd1f351cdb9	403542d3217c541a503d63bb53ea734037b23e227cf0c636f153b54f7ba7cfca	7	false
widgets/calendarcombo/org.eclipse.nebula.widgets.calendarcombo/src/org/eclipse/nebula/widgets/calendarcombo/AbstractColorManager.java	134c86fc8381a476e1e46de8d88cdd106eaf13b6f2f4d4e64cada7202d6c8de4	134c86fc8381a476e1e46de8d88cdd106eaf13b6f2f4d4e64cada7202d6c8de4	a840766ee343794657de3baaa90c2e0b5c60da4a1481ff70fd15d7872a16872a	67	false
widgets/calendarcombo/org.eclipse.nebula.widgets.calendarcombo/src/org/eclipse/nebula/widgets/calendarcombo/AbstractSettings.java	26c8c09309d252686b280d401409ec0a1f886ee43c1ebb3fb425341aae530bdc	26c8c09309d252686b280d401409ec0a1f886ee43c1ebb3fb425341aae530bdc	3c9840850cde7c9e4e78a52a91d6f7ee1241800381f528e780e70d93cabfb32a	97	false
widgets/calendarcombo/org.eclipse.nebula.widgets.calendarcombo/src/org/eclipse/nebula/widgets/calendarcombo/CalendarCombo.java	ecba7133d5bef24b024317025ead10a7bde6bad65d5aaedc108d6e5df20fa8f7	ecba7133d5bef24b024317025ead10a7bde6bad65d5aaedc108d6e5df20fa8f7	619efb0c678ea62c4e8568b84775e37f6967cd5aa04c335300a2fe0a0633cc0b	931	false
widgets/calendarcombo/org.eclipse.nebula.widgets.calendarcombo/src/org/eclipse/nebula/widgets/calendarcombo/CalendarComboTester.java	58a9134ef58fb8080218e41d349b94c05aecf842bd9595c37b3097bcd9254ae2	58a9134ef58fb8080218e41d349b94c05aecf842bd9595c37b3097bcd9254ae2	541d3983691a163392b65522b152bd9c730cc65bc5be79b59de02db8feab2c4c	44	false
widgets/calendarcombo/org.eclipse.nebula.widgets.calendarcombo/src/org/eclipse/nebula/widgets/calendarcombo/CalendarComposite.java	1ae4da6d2fa2667ad390a092e45abbd74a6e83f4e7ad169d983e74ed5663ad57	1ae4da6d2fa2667ad390a092e45abbd74a6e83f4e7ad169d983e74ed5663ad57	80fca8d829ac1cc42cc32343f2e594c6a8e8fe5ef82e6aa5a1bb5193280862bf	580	false
widgets/calendarcombo/org.eclipse.nebula.widgets.calendarcombo/src/org/eclipse/nebula/widgets/calendarcombo/CalendarDateParseException.java	c4b6b915c639adca2779814472dbf57ba1fd100b74a08c53a168194a73c1a697	c4b6b915c639adca2779814472dbf57ba1fd100b74a08c53a168194a73c1a697	bb570ebe976badecda58ad48ea7aa56040f45c8a59e220292c25fc4551567345	14	false
widgets/calendarcombo/org.eclipse.nebula.widgets.calendarcombo/src/org/eclipse/nebula/widgets/calendarcombo/CalendarListenerAdapter.java	cf609e0dbc427551d396978d4268c2bde680bd90d3ca832ad1cf02d0ee62b356	cf609e0dbc427551d396978d4268c2bde680bd90d3ca832ad1cf02d0ee62b356	c575ac24ad9b6666329af833f21e380bc6fcfa1b8b745b1064ef17f14d339d2d	3	false
widgets/calendarcombo/org.eclipse.nebula.widgets.calendarcombo/src/org/eclipse/nebula/widgets/calendarcombo/ColorCache.java	87aec0c74d58628dba63bd0b196c58f95d18e60952b7f6c5973b5f1a3725a0a2	87aec0c74d58628dba63bd0b196c58f95d18e60952b7f6c5973b5f1a3725a0a2	59467972d99b8a77b75fab3fd6de74d2917a24aa5c0d6283e413e6eb0e91ddaf	135	false
widgets/calendarcombo/org.eclipse.nebula.widgets.calendarcombo/src/org/eclipse/nebula/widgets/calendarcombo/CustomCombo.java	67b328eb8ae54ea83fd73ab6bcce820736bd96b4dc1b08461c9d9f20979ceb2f	67b328eb8ae54ea83fd73ab6bcce820736bd96b4dc1b08461c9d9f20979ceb2f	f6a0bdd19dcf47803b218f996323cb6b992cacaa0c1058d24914ac7879955866	1043	false
widgets/calendarcombo/org.eclipse.nebula.widgets.calendarcombo/src/org/eclipse/nebula/widgets/calendarcombo/DateHelper.java	e3ced68c693f553100ebfd8cc3e440c279e16f7486b022ea14da40fa5c8cb7b3	e3ced68c693f553100ebfd8cc3e440c279e16f7486b022ea14da40fa5c8cb7b3	0afd15af2118d4b2cda4978c22e11d4120a827cfea61e438d090298aabc578f4	353	false
widgets/calendarcombo/org.eclipse.nebula.widgets.calendarcombo/src/org/eclipse/nebula/widgets/calendarcombo/DefaultColorManager.java	34eff00f4d3ceec6f044928adb8db6a2fac21fad64aae51418b6326d45281c2e	34eff00f4d3ceec6f044928adb8db6a2fac21fad64aae51418b6326d45281c2e	f4ed523948ff52dd2577ba4334a52f2f8c964202a229bb698df381d588ca1a00	0	false
widgets/calendarcombo/org.eclipse.nebula.widgets.calendarcombo/src/org/eclipse/nebula/widgets/calendarcombo/DefaultSettings.java	1b99888b9a6150754c17509e0d3b5ece80d2b43f29f1b4369bffa982ea3f394d	1b99888b9a6150754c17509e0d3b5ece80d2b43f29f1b4369bffa982ea3f394d	84181bf97a90a9d6ddaf809d03c294c9c80ad07180d027c8464f0a3906faaf91	0	false
widgets/calendarcombo/org.eclipse.nebula.widgets.calendarcombo/src/org/eclipse/nebula/widgets/calendarcombo/FlatCalendarCombo.java	b2d3b2c61cf42dd6bd6423ee1e4cf132e4519f6cf3d9e96d631c70e0627b2a57	b2d3b2c61cf42dd6bd6423ee1e4cf132e4519f6cf3d9e96d631c70e0627b2a57	76600fac5aa0a828c8fb1329202784af60cd4a3b5efd3d7b5bd27d1895cdc68f	7	false
widgets/calendarcombo/org.eclipse.nebula.widgets.calendarcombo/src/org/eclipse/nebula/widgets/calendarcombo/ICalendarListener.java	7ac6777c910a8869970c260c2efab5cecbc10ffa474e366a246fe8ae268aa385	7ac6777c910a8869970c260c2efab5cecbc10ffa474e366a246fe8ae268aa385	ed10c2b4eec82f1c1103c23338aef45867c3008e9e72c114770aed059d11cbe3	0	false
widgets/calendarcombo/org.eclipse.nebula.widgets.calendarcombo/src/org/eclipse/nebula/widgets/calendarcombo/IColorManager.java	ea4bfafb16d524e2ea1bec868ca3a154ba180f852841894516273e9d07c5dca9	ea4bfafb16d524e2ea1bec868ca3a154ba180f852841894516273e9d07c5dca9	c9597f4596ea4ddb808582c64a8ea47aa53a2d2079ce1c4cabcefdc80ec499b1	0	false
widgets/calendarcombo/org.eclipse.nebula.widgets.calendarcombo/src/org/eclipse/nebula/widgets/calendarcombo/IDateParseExceptionListener.java	9ca725eb3cbdad07fdd36bd8265ec8572a765aeaddb087b28baab4507549c0bb	9ca725eb3cbdad07fdd36bd8265ec8572a765aeaddb087b28baab4507549c0bb	2d651ef4e70c3b9c8b5db8e1ee8d7374b8bfdbcabd87cb53598f58a2a09256da	0	false
widgets/calendarcombo/org.eclipse.nebula.widgets.calendarcombo/src/org/eclipse/nebula/widgets/calendarcombo/ISettings.java	e1babed1aa2c831c59a51b76c43fd5a074644aa8ed0ea24b5c3cf8a5ed26bf64	e1babed1aa2c831c59a51b76c43fd5a074644aa8ed0ea24b5c3cf8a5ed26bf64	1a08a1e8b6e2219e0922dbdaccaf882be5bfbdaaabcd97c232f19c459ab6a1af	0	false
widgets/calendarcombo/org.eclipse.nebula.widgets.calendarcombo/src/org/eclipse/nebula/widgets/calendarcombo/MonthPick.java	39d16eccc71a2d27ea3bb1ec249f83c625bcbc7054a9ab09f04f162f29357b8b	39d16eccc71a2d27ea3bb1ec249f83c625bcbc7054a9ab09f04f162f29357b8b	4d01e9944be2a0be211680819d40c465f8388251465494c2e6d84ae9a3528d97	261	false
widgets/calendarcombo/org.eclipse.nebula.widgets.calendarcombo/src/org/eclipse/nebula/widgets/calendarcombo/Tester.java	ac39d323fbb5e89e1ba38c068c9e337e31ea8b486b4cfc654809a87f766fecae	ac39d323fbb5e89e1ba38c068c9e337e31ea8b486b4cfc654809a87f766fecae	460c3c3642e3ffde86aa30fdb0af7699830b6d79b997ebd24643caa72ea58203	36	false
widgets/carousel/org.eclipse.nebula.widgets.carousel.snippets/src/org/eclipse/nebula/widgets/chips/CarouselSnippet.java	17968e38d05a89d959919ee301cfbe80828059fee47561d84f544d8f992f1f8a	17968e38d05a89d959919ee301cfbe80828059fee47561d84f544d8f992f1f8a	aa1e296f8d58f37db9a3a6cd9d3d5e932fea838a75fa68c77cc83bc03de96411	24	false
widgets/carousel/org.eclipse.nebula.widgets.carousel/src/org/eclipse/nebula/widgets/carousel/Carousel.java	65787d11ffbee63197953412cfc3747ee4b88d303676897eb5915acc14e504ae	65787d11ffbee63197953412cfc3747ee4b88d303676897eb5915acc14e504ae	dd0af98b8df6b8738a12a3e7df0f1d2bcfd025e7543209ea94ec67bf16f9ed0c	99	false
widgets/carousel/org.eclipse.nebula.widgets.carousel/src/org/eclipse/nebula/widgets/carousel/ImageContainer.java	7ee5d6a7b9af311db5b6d183100f039e0ebddf58c048e379778b4bf82fe06de2	7ee5d6a7b9af311db5b6d183100f039e0ebddf58c048e379778b4bf82fe06de2	c03246fbb16893868ca31a4b285c27c7b3b760762f121b5f307e8d471d643d12	132	false
widgets/carousel/org.eclipse.nebula.widgets.carousel/src/org/eclipse/nebula/widgets/carousel/ImageSelector.java	38a9315b3ddc852e04a7d4aa46c4d6e6848e306b250d0e9e3223f34fae25047f	38a9315b3ddc852e04a7d4aa46c4d6e6848e306b250d0e9e3223f34fae25047f	551db7f594093cd1aa7ec1bf820e0cd3a84e90f9445b01191f872ec2b03d17d3	96	false
widgets/cdatetime/org.eclipse.nebula.jface.cdatetime/src/org/eclipse/nebula/jface/cdatetime/CDateTimeCellEditor.java	dcb5ddda730ad18f684c5833a86cb5ede72d62bfcf47615c80d690810f82ee9a	dcb5ddda730ad18f684c5833a86cb5ede72d62bfcf47615c80d690810f82ee9a	6856b815ac92dbfd1e40bf2bb75e13e5f5352c29eedc52955b143596620bf5fd	27	false
widgets/cdatetime/org.eclipse.nebula.jface.cdatetime/src/org/eclipse/nebula/jface/cdatetime/CDateTimeObservableValue.java	389a950de0613f78211703dcf15af371b03213be4f306a03598a6e3520ce43c1	389a950de0613f78211703dcf15af371b03213be4f306a03598a6e3520ce43c1	4a9fab1569aeb1d2531ab477211d9b9bbf2c329edc47fe0bafe35405a4c7f302	52	false
widgets/cdatetime/org.eclipse.nebula.jface.cdatetime/src/org/eclipse/nebula/jface/cdatetime/CDateTimeSelectionProvider.java	065bde2a9403aeb0c465d4159b67f049a5491fed7ed9fa0f49d93dc5d2b6e7f1	065bde2a9403aeb0c465d4159b67f049a5491fed7ed9fa0f49d93dc5d2b6e7f1	a609aa3ce92242e277d0954eeb4aaceb7cb44f6344aa1a22666ec92715cc7c20	39	false
widgets/cdatetime/org.eclipse.nebula.jface.cdatetime/src/org/eclipse/nebula/jface/cdatetime/CDateTimeValueProperty.java	8b8745a8ed1ae7f2f616d4e0f639bb34783a10026bd2c5fe132e40ef0d839cb1	8b8745a8ed1ae7f2f616d4e0f639bb34783a10026bd2c5fe132e40ef0d839cb1	e8bb1dedf620482f2b8052401903d40a782394b1ca477c0a22d451375ec7d6e7	24	false
widgets/cdatetime/org.eclipse.nebula.widgets.cdatetime.css/src/org/eclipse/nebula/widgets/cdatetime/css/CDateTimeElement.java	eb6529292ded1fec88677e2cf2f253ce2827a2c54eb596ce19f6f8af90252310	eb6529292ded1fec88677e2cf2f253ce2827a2c54eb596ce19f6f8af90252310	7b10e1b3fecbfe1ddaf810dba1c93b0a53beb211d69a5ca4725411a0784a417f	2	false
widgets/cdatetime/org.eclipse.nebula.widgets.cdatetime.css/src/org/eclipse/nebula/widgets/cdatetime/css/CDateTimeElementProvider.java	8c80e52c322f6ea6dba0a0ecb581355fe5a274446ea91a2d346c7bde0c0e22ab	8c80e52c322f6ea6dba0a0ecb581355fe5a274446ea91a2d346c7bde0c0e22ab	d831d3c58634537980208945711510ccd038d1280d6de91e67003f2f49adc25c	2	false
widgets/cdatetime/org.eclipse.nebula.widgets.cdatetime.css/src/org/eclipse/nebula/widgets/cdatetime/css/CDateTimePropertyHandler.java	9b95b52df265443f996fc67e0316025bce167281d175478b0070edf56c54d87d	9b95b52df265443f996fc67e0316025bce167281d175478b0070edf56c54d87d	b4d73b1578a9ede240d1c624a6521078f5ccf78170eef7368a92ed4415b8d042	257	false
widgets/cdatetime/org.eclipse.nebula.widgets.cdatetime.css/src/org/eclipse/nebula/widgets/cdatetime/css/CSSEngineHelper.java	ad2943862d8ffa9ff90bbb163daaa16dc336e1e45c3a2ac31725eaa373333f12	ad2943862d8ffa9ff90bbb163daaa16dc336e1e45c3a2ac31725eaa373333f12	759c881ec9e5b983dc6ed14e36523b4947c2f8f3eb95d353ce4f41d3412af3ae	20	false
widgets/cdatetime/org.eclipse.nebula.widgets.cdatetime.example.e4/src/org/eclipse/nebula/widgets/cdatetime/example/e4/Activator.java	16e04c2f7500989792b9096da42840472fce2b04c738e8535e53fe86c8f2c2a2	16e04c2f7500989792b9096da42840472fce2b04c738e8535e53fe86c8f2c2a2	f83da5bbc50f1260478695d5a4a3e4019bd34e8e40095c18b881e20b720a98c0	6	false
widgets/cdatetime/org.eclipse.nebula.widgets.cdatetime.example.e4/src/org/eclipse/nebula/widgets/cdatetime/example/e4/handlers/AboutHandler.java	6eebadfdb765e29bacdfc8140ddec1fdb17abe7a216d77c5406a8e7f2479c62e	6eebadfdb765e29bacdfc8140ddec1fdb17abe7a216d77c5406a8e7f2479c62e	b63cfe27e2cb0f9e0392312d48450ce3a57172b4e918590c2b9f471320f4f476	2	false
widgets/cdatetime/org.eclipse.nebula.widgets.cdatetime.example.e4/src/org/eclipse/nebula/widgets/cdatetime/example/e4/handlers/QuitHandler.java	8aaf8d850bf8c18d5993fd1a7e834d4e5c92734b1f8e7e662b55c9afe9398417	8aaf8d850bf8c18d5993fd1a7e834d4e5c92734b1f8e7e662b55c9afe9398417	84a91520f84a64f707be3e3adda4897aca2a74916f3a6063109974bc01e63553	4	false
widgets/cdatetime/org.eclipse.nebula.widgets.cdatetime.example.e4/src/org/eclipse/nebula/widgets/cdatetime/example/e4/parts/BigWidgetsPart.java	f7cf28894b872ed09dc009ae59632b3faa777b502a0fd73168ca85e46c62543c	f7cf28894b872ed09dc009ae59632b3faa777b502a0fd73168ca85e46c62543c	f896c9e59c46ac1906531d6caf5217ea5b63e18b620edd99f3d1e565e1bb81af	26	false
widgets/cdatetime/org.eclipse.nebula.widgets.cdatetime.example.e4/src/org/eclipse/nebula/widgets/cdatetime/example/e4/parts/SimpleWidgetsPart.java	08d0d45568b0d895607b8ebe74be1c9975dd1321f63f27e76b75170ae2404a99	08d0d45568b0d895607b8ebe74be1c9975dd1321f63f27e76b75170ae2404a99	6023dca7c0e81f05732a70d8375bfc6509063ae1d67a0a12b4a53e485672b5a9	66	false
widgets/cdatetime/org.eclipse.nebula.widgets.cdatetime.example/src/org/eclipse/nebula/widgets/cdatetime/example/CDateTimeExampleTab.java	26b96daad6b2e3856842291948d8b2d919d18c68969087c62ac9bcf4f82c825b	26b96daad6b2e3856842291948d8b2d919d18c68969087c62ac9bcf4f82c825b	b9033c6c4db2f24d2ac90f57071dc57bdee5ed84122f12b62b222e32f2d4a3db	268	false
widgets/cdatetime/org.eclipse.nebula.widgets.cdatetime.snippets/src/org/eclipse/nebula/widgets/cdatetime/snippets/CDPSnippet01.java	0f308ea9daa8a726b88ac706282d5eb19689ba9fa02f940fceb41641a7006097	0f308ea9daa8a726b88ac706282d5eb19689ba9fa02f940fceb41641a7006097	a53322649ad119a8fb5e5c0c352522f965cf770aeb4fd73ba81c5d78b752c4bb	19	false
widgets/cdatetime/org.eclipse.nebula.widgets.cdatetime.snippets/src/org/eclipse/nebula/widgets/cdatetime/snippets/CDTEditorSample.java	c2fe17d61acb395f58a474c7e23ffe13195ce113998e8e9912664a4928c93b96	c2fe17d61acb395f58a474c7e23ffe13195ce113998e8e9912664a4928c93b96	6b2cc2579411cdb23635624f92a5fcc778feb5c46359403ef7e25c73600aedd7	95	false
widgets/cdatetime/org.eclipse.nebula.widgets.cdatetime.snippets/src/org/eclipse/nebula/widgets/cdatetime/snippets/CDTSnippet01.java	7e42bdf876c855d05ba77d8d509c5b47bcf2c600a9b1ef8e30d93b9e470544b0	7e42bdf876c855d05ba77d8d509c5b47bcf2c600a9b1ef8e30d93b9e470544b0	1b92b1588674228375e5b5516921a1bb77c3cb2355d5936453729c6e1a542948	18	false
widgets/cdatetime/org.eclipse.nebula.widgets.cdatetime.snippets/src/org/eclipse/nebula/widgets/cdatetime/snippets/CDTSnippet02.java	574a33858f78621218df99f04b39dc5340824d4a24ff3b37a0c3830a955b3a37	574a33858f78621218df99f04b39dc5340824d4a24ff3b37a0c3830a955b3a37	d07c2a98c696efe19455442375c06c9cbeac1a0c9a08cf36f8f8d32b3ba861c9	22	false
widgets/cdatetime/org.eclipse.nebula.widgets.cdatetime.snippets/src/org/eclipse/nebula/widgets/cdatetime/snippets/CDTSnippet03.java	3dd4021e4a0919761231717e8e91f87f098dcbfd107552b5886d77b64f2beec8	3dd4021e4a0919761231717e8e91f87f098dcbfd107552b5886d77b64f2beec8	68b6aa25303f83391caa0033bbbfad51bfa0cb1bae3b03d8af6975b7c96b6b31	23	false
widgets/cdatetime/org.eclipse.nebula.widgets.cdatetime.snippets/src/org/eclipse/nebula/widgets/cdatetime/snippets/CDTSnippet04.java	780c4c17dd0c98646e8da509ab219e7d7f458d4199f2f90a4db95c1e133f5451	780c4c17dd0c98646e8da509ab219e7d7f458d4199f2f90a4db95c1e133f5451	bb199d5849afa73f843769f5e8cbac4ebfde56f6cd660cabd8008a693c9695e4	21	false
widgets/cdatetime/org.eclipse.nebula.widgets.cdatetime.snippets/src/org/eclipse/nebula/widgets/cdatetime/snippets/CDTSnippet05.java	79664919454521bd9f36697a53c186fed86281990d037850aa8e14285f785487	79664919454521bd9f36697a53c186fed86281990d037850aa8e14285f785487	c417a4b3d56f1f050db9a51cf1ecccd6e8077a22214d90cddfc641b5079c6679	18	false
widgets/cdatetime/org.eclipse.nebula.widgets.cdatetime.snippets/src/org/eclipse/nebula/widgets/cdatetime/snippets/CDTSnippet06.java	7b61c3ba540d2f3eb6c98daa4f356c9d2c4a4b3d0462fad25ed3b5739c10d8c3	7b61c3ba540d2f3eb6c98daa4f356c9d2c4a4b3d0462fad25ed3b5739c10d8c3	6e44e967c7c3435a0787947fa4c1d79d602323a8da686b9b0268b1019e59d730	62	false
widgets/cdatetime/org.eclipse.nebula.widgets.cdatetime.snippets/src/org/eclipse/nebula/widgets/cdatetime/snippets/CDTSnippet07.java	6b2e788d09b0c3e3915ccf91ec98ecb3066cd347fdc1d0e7436e1132ad5a5924	6b2e788d09b0c3e3915ccf91ec98ecb3066cd347fdc1d0e7436e1132ad5a5924	43b897d6d71eae68eb31c4e2867409a1dc3400d00498f8a1d327bad9ccbe6cce	23	false
widgets/cdatetime/org.eclipse.nebula.widgets.cdatetime.snippets/src/org/eclipse/nebula/widgets/cdatetime/snippets/CDTSnippet08.java	2926b880ee46453391d281c6e85499c11e6a61b1032d094e8b0c3985c4d0c222	2926b880ee46453391d281c6e85499c11e6a61b1032d094e8b0c3985c4d0c222	7e3f33e065c1610ab01cf563f23e2e74e4e36e3d02144a641d1b28acd11ca3a9	28	false
widgets/cdatetime/org.eclipse.nebula.widgets.cdatetime.snippets/src/org/eclipse/nebula/widgets/cdatetime/snippets/CDTSnippet09.java	f7c9a1a44496f5413a085a4e5f20b44f3692ce03ac94df19614b447efe021d97	f7c9a1a44496f5413a085a4e5f20b44f3692ce03ac94df19614b447efe021d97	ac598b3db8db2c0ac5adb99380c072a031d5f37296e42bd04252171e0cea9571	20	false
widgets/cdatetime/org.eclipse.nebula.widgets.cdatetime.snippets/src/org/eclipse/nebula/widgets/cdatetime/snippets/CDTSnippet10.java	43666d998c0271b7f95051db78c6a847cc840afa2fcca28cdaeb9351c59e02db	43666d998c0271b7f95051db78c6a847cc840afa2fcca28cdaeb9351c59e02db	3a7a097a66c536b88e401e5be5f73f52c559e9415a1a556c2bf3fc698e3ffe5c	36	false
widgets/cdatetime/org.eclipse.nebula.widgets.cdatetime.snippets/src/org/eclipse/nebula/widgets/cdatetime/snippets/CDTSnippet11.java	761939317df1f8822db88d289b4fa3b80a8054aa652c0bf0e81d9e46b6ddb8e5	761939317df1f8822db88d289b4fa3b80a8054aa652c0bf0e81d9e46b6ddb8e5	2402f863178d30576a8a8dce3eff535807bb31f8ddaa568ed92c21f36d3df1a8	34	false
widgets/cdatetime/org.eclipse.nebula.widgets.cdatetime.snippets/src/org/eclipse/nebula/widgets/cdatetime/snippets/CDTSnippet111.java	27f954c74545fd5bcd0b0d817aaf9f81758efc0b8f720c3d94b72be36139dca9	27f954c74545fd5bcd0b0d817aaf9f81758efc0b8f720c3d94b72be36139dca9	7a8842a1ab32752ff8992806666214d9b5ab10f70735e52cf76249005de24976	73	false
widgets/cdatetime/org.eclipse.nebula.widgets.cdatetime.snippets/src/org/eclipse/nebula/widgets/cdatetime/snippets/CDTSnippet12.java	5fbb38b117588f67857f42a8c362170686cab48e878b59e1608a8182ff99826d	5fbb38b117588f67857f42a8c362170686cab48e878b59e1608a8182ff99826d	6da1a2d1b94dbe789d7c7a26b7d8d742fca8997691b48637e2f91a961cb9627f	25	false
widgets/cdatetime/org.eclipse.nebula.widgets.cdatetime.snippets/src/org/eclipse/nebula/widgets/cdatetime/snippets/CDateTimeSnippetBug527399.java	b7e5077c74b49481d91c4318d115694238dae39f08af891820f42338635b1abe	b7e5077c74b49481d91c4318d115694238dae39f08af891820f42338635b1abe	533198728533fdc47a002be96a83356f6ee2b7940ddb4f0f8b84ae174954c1e6	28	false
widgets/cdatetime/org.eclipse.nebula.widgets.cdatetime.snippets/src/org/eclipse/nebula/widgets/cdatetime/snippets/DropTestSnippet.java	47d32238caf4980607903e088cd47e67cc1fdb65e76a2f2849b49e42678ef465	47d32238caf4980607903e088cd47e67cc1fdb65e76a2f2849b49e42678ef465	ad9c8bce5159a65be80a33448f5002609fa9b0eab9956c95d7a244f6192f5bda	45	false
widgets/cdatetime/org.eclipse.nebula.widgets.cdatetime.snippets/src/org/eclipse/nebula/widgets/cdatetime/snippets/EmptySnippet.java	9cf9a707a528aca252d092bcdec792cb5e87a24fe61e3eafc325e1af32590b7f	9cf9a707a528aca252d092bcdec792cb5e87a24fe61e3eafc325e1af32590b7f	a0678055c0676ac176a6759b6d8ec253e4c7d69c5444daf9b2c041fbed38ad03	29	false
widgets/cdatetime/org.eclipse.nebula.widgets.cdatetime.tests/src/org/eclipse/nebula/widgets/cdatetime/Bug320656.java	872fe1490720ec3b0e6c6f385121196d4805435c5ad3aa01c133d9a34808a70e	872fe1490720ec3b0e6c6f385121196d4805435c5ad3aa01c133d9a34808a70e	2c95439b5bbcdd962b682736ba0c8b84af95b71123804f869a7c1862e2766db1	21	false
widgets/cdatetime/org.eclipse.nebula.widgets.cdatetime.tests/src/org/eclipse/nebula/widgets/cdatetime/Bug336853.java	d204870cafff5438e9ffbb62607677bb4553a968952ad1c4eb552ca8ed2a2571	d204870cafff5438e9ffbb62607677bb4553a968952ad1c4eb552ca8ed2a2571	d3856cfdf9ec60a67d43d681d6b0af85a2718f6052a121f04f1a0da160d7821b	26	false
widgets/cdatetime/org.eclipse.nebula.widgets.cdatetime.tests/src/org/eclipse/nebula/widgets/cdatetime/Bug352689.java	bd6b679cbf7d04a9a407495835a921ac52103bcda8d7b4a9d5bd41e01ba01605	bd6b679cbf7d04a9a407495835a921ac52103bcda8d7b4a9d5bd41e01ba01605	05b667104f847937ce18f67ed9149b56026c5faba9fad310540e56ec2974d39e	5	false
widgets/cdatetime/org.eclipse.nebula.widgets.cdatetime.tests/src/org/eclipse/nebula/widgets/cdatetime/Bug35390Milliseconds.java	a1b45265327af50c82a6f3f497587b0c5e36d38c8a4785801b45f6542741df5f	a1b45265327af50c82a6f3f497587b0c5e36d38c8a4785801b45f6542741df5f	3153cc5e8ead988a577b6b4f4a0d8c9081f3a065ff017a776dc3bc07711de7ae	28	false
widgets/cdatetime/org.eclipse.nebula.widgets.cdatetime.tests/src/org/eclipse/nebula/widgets/cdatetime/Bug364171.java	d71d5cfb93c3c283d0d0aa471993d9808ef52ae737eb853f28dfae81c7ba774e	d71d5cfb93c3c283d0d0aa471993d9808ef52ae737eb853f28dfae81c7ba774e	4c2ad319db91e844bd3311d1d0afb09d2ab3d752155c5cc9a998f8e434faa164	18	false
widgets/cdatetime/org.eclipse.nebula.widgets.cdatetime.tests/src/org/eclipse/nebula/widgets/cdatetime/Bug370605.java	fe8eeb35418bb17aebc65d88aa6df85eb58a3d695cb5018d33a575618521ade7	fe8eeb35418bb17aebc65d88aa6df85eb58a3d695cb5018d33a575618521ade7	c5d3a12eecafd1bb1ff209bd4ebd48de91fc7758a7da43551bb0993c930b054a	142	false
widgets/cdatetime/org.eclipse.nebula.widgets.cdatetime.tests/src/org/eclipse/nebula/widgets/cdatetime/CDateTimeAnalogClockTest.java	f623a24cced0dfe9e89470542c7694b692e7dc9b087f8b32e3b65c2bea0c03e0	f623a24cced0dfe9e89470542c7694b692e7dc9b087f8b32e3b65c2bea0c03e0	c490f3390400f0934a5dec75453550d72dae8f9a1a8e7c6a99cf18dd696f8e55	9	false
widgets/cdatetime/org.eclipse.nebula.widgets.cdatetime.tests/src/org/eclipse/nebula/widgets/cdatetime/CDateTimeDiscreteClockTest.java	02f8a3ba741acbcd71c11764e6b0112f0156286bb299d504b71868ea20e3a907	02f8a3ba741acbcd71c11764e6b0112f0156286bb299d504b71868ea20e3a907	67cd2c3a7c1f2d29905195a304f17832156702aa6c4f99bf70393a64580ad5ad	9	false
widgets/cdatetime/org.eclipse.nebula.widgets.cdatetime.tests/src/org/eclipse/nebula/widgets/cdatetime/CdtTester.java	cd45157d30b1880869aacee369ef46a62a074ebc72e703965e62d65ebe5aa04f	cd45157d30b1880869aacee369ef46a62a074ebc72e703965e62d65ebe5aa04f	e1b27816146ea356cd11ef773654bb50e8d8c1950cbc62638ab6d76e9d73cc1a	110	false
widgets/cdatetime/org.eclipse.nebula.widgets.cdatetime.tests/src/org/eclipse/nebula/widgets/cdatetime/DropDownTests.java	883bbefde8b98dd726f96534cff291f220390cbb8f55f956600601d382ec74eb	883bbefde8b98dd726f96534cff291f220390cbb8f55f956600601d382ec74eb	db4ee6abc26784ea7826777aae0e59d23361e090bfe53782ef97617eb1554694	44	false
widgets/cdatetime/org.eclipse.nebula.widgets.cdatetime.tests/src/org/eclipse/nebula/widgets/cdatetime/FocusTests.java	111b986b3fd9181efbbe29adbddbb7eda92c27e614fe38ecec125e7e4500dd78	111b986b3fd9181efbbe29adbddbb7eda92c27e614fe38ecec125e7e4500dd78	b22975735dec912aaf31addb6a75b881bf04ced130ecfd78a97a7d1acd1a9db3	339	false
widgets/cdatetime/org.eclipse.nebula.widgets.cdatetime.tests/src/org/eclipse/nebula/widgets/cdatetime/LocaleTests.java	67a9b4cc916eddeed124a18274dce4c90ae7aa041b73d708d9c7fc443715d946	67a9b4cc916eddeed124a18274dce4c90ae7aa041b73d708d9c7fc443715d946	e0fea7c83add806bb421f2c114de47b09573122354b68b05657e70535092e785	26	false
widgets/cdatetime/org.eclipse.nebula.widgets.cdatetime.tests/src/org/eclipse/nebula/widgets/cdatetime/SelectionTests.java	d62e0c69476d9e08805b8269f8a9de4808adfbcc1f976acdcf57eac9604e9a93	d62e0c69476d9e08805b8269f8a9de4808adfbcc1f976acdcf57eac9604e9a93	b4f9933c6edef5b1c6dc62ee16b41da4a54162c9dce96e4fe96aa7a2f917638a	150	false
widgets/cdatetime/org.eclipse.nebula.widgets.cdatetime.tests/src/org/eclipse/nebula/widgets/cdatetime/SpinnerTests.java	5a1a1ab1b4b4ad388b5c2e714cc094d439442a6d5d3fc5739d5e998d79b19bb6	5a1a1ab1b4b4ad388b5c2e714cc094d439442a6d5d3fc5739d5e998d79b19bb6	2b313326e82aa52fe35947f67dd662204d5335ab99f189f13c97035fb0e939f6	35	false
widgets/cdatetime/org.eclipse.nebula.widgets.cdatetime.tests/src/org/eclipse/nebula/widgets/cdatetime/TestFocusCDateTime.java	4398b5a234167088604288936eff50ffb771aaf61129218834450e4941a65d9f	4398b5a234167088604288936eff50ffb771aaf61129218834450e4941a65d9f	44eda8902a9187a03045b8a9ec2edb0774808613011bac3530b87c57c02048ff	10	false
widgets/cdatetime/org.eclipse.nebula.widgets.cdatetime.tests/src/org/eclipse/nebula/widgets/cdatetime/css/BaseCSSThemingTest.java	44dd7b7a3f606a5b72d1d2ba2c194d03fc4303795394cd59adc12b4cc87b275f	44dd7b7a3f606a5b72d1d2ba2c194d03fc4303795394cd59adc12b4cc87b275f	2f7ba723dd352aafc18688e0a64bd10c5ed8057c61a54aadec5cf0c779c62fd7	125	false
widgets/cdatetime/org.eclipse.nebula.widgets.cdatetime.tests/src/org/eclipse/nebula/widgets/cdatetime/css/ThemingButtonPropertiesTests.java	1ad6d83e15231ef6904b9f1b310ce6acd2aea4f963b2772c2036e73da3875af1	1ad6d83e15231ef6904b9f1b310ce6acd2aea4f963b2772c2036e73da3875af1	c9b3fd40d3339a064934e95b40709a510654b5f6af6639e4dfa9b27eeb815bcd	12	false
widgets/cdatetime/org.eclipse.nebula.widgets.cdatetime.tests/src/org/eclipse/nebula/widgets/cdatetime/css/ThemingGeneralPropertiesTests.java	e23f45bfd02b4a06e827d930691d952075d3b7e9bcd4b1f53c26601159f6cd98	e23f45bfd02b4a06e827d930691d952075d3b7e9bcd4b1f53c26601159f6cd98	3ed44601e7319fbfff1e0ef2a07eb960cc15abacdb3d0b84ed67500c46f30af0	20	false
widgets/cdatetime/org.eclipse.nebula.widgets.cdatetime.tests/src/org/eclipse/nebula/widgets/cdatetime/css/ThemingPickerPartPropertiesTests.java	0aade3cdfe278b609847b935ffac0638ef148ddce5efda14ed7b9f5bfb3d39f7	0aade3cdfe278b609847b935ffac0638ef148ddce5efda14ed7b9f5bfb3d39f7	58c083e8fc89fe72ddbe2ddd16bd2126ace50b6df7223b9eb04fcc1ffe4b1e6e	30	false
widgets/cdatetime/org.eclipse.nebula.widgets.cdatetime.tests/src/org/eclipse/nebula/widgets/cdatetime/screenshots/ScreenShots.java	0ab3eb39a4a3cfde5c41352f0558d79360290946c250c28c30e4dde3b4109fcd	0ab3eb39a4a3cfde5c41352f0558d79360290946c250c28c30e4dde3b4109fcd	62ae1b12253ab2022d87a8d0b35a70b49b17f06314ea71d1c917cf0502da3c42	28	false
widgets/cdatetime/org.eclipse.nebula.widgets.cdatetime.tests/src/org/eclipse/nebula/widgets/cdatetime/tests/css/CSSPropertyHandlerSimpleProviderImpl.java	234eff7ce055796a8ea7f1d266dc69a63a280e0d4eb36ade24563e18b784fa48	234eff7ce055796a8ea7f1d266dc69a63a280e0d4eb36ade24563e18b784fa48	ea34e2f42b5600281c7c4d19c65cca521f6a0946c0e58185131ffee1505a5b32	111	false
widgets/cdatetime/org.eclipse.nebula.widgets.cdatetime/src/org/eclipse/nebula/widgets/cdatetime/AnalogClockPainter.java	41cb5d456794d40508bf84c5376a703502091b88b5527165593a93fb265e8afb	41cb5d456794d40508bf84c5376a703502091b88b5527165593a93fb265e8afb	393042e88a7e6ed018e446cd2f26ce4cc1fbaa1854077abeb5f42dd351174c50	184	false
widgets/cdatetime/org.eclipse.nebula.widgets.cdatetime/src/org/eclipse/nebula/widgets/cdatetime/AnalogTimePicker.java	044303e9e3a0e7f6c646e0744eec34d300cecf34e274314d2d1ae7f08823a3f7	044303e9e3a0e7f6c646e0744eec34d300cecf34e274314d2d1ae7f08823a3f7	b1fced9957c4fd32370dcb6c5c071c8422c038ba4fbbb86093455d1d2eac3d2f	340	false
widgets/cdatetime/org.eclipse.nebula.widgets.cdatetime/src/org/eclipse/nebula/widgets/cdatetime/Body.java	960dd3583967e56b9499a885e57b14bf1305beaa19362ef2667dd038afce8667	960dd3583967e56b9499a885e57b14bf1305beaa19362ef2667dd038afce8667	2b424e12237aa32955fdb4ff1441f6cfce0dce6bf7798eee46ef104ccac6ff0f	20	false
widgets/cdatetime/org.eclipse.nebula.widgets.cdatetime/src/org/eclipse/nebula/widgets/cdatetime/CDT.java	50a44a5fb64bcb299aceb8ec12aa5c4898f4a3b2ad1f99b6159031f9e3de8a65	50a44a5fb64bcb299aceb8ec12aa5c4898f4a3b2ad1f99b6159031f9e3de8a65	217686a0dc462fa95085e80b1fcb001df155acf7c31917cda9c8226147141b04	0	false
widgets/cdatetime/org.eclipse.nebula.widgets.cdatetime/src/org/eclipse/nebula/widgets/cdatetime/CDatePanel.java	9a1f3ee02d805bbd64b2ffdca0c01b7a0b4a7925c04919c1f122fbb490769e76	9a1f3ee02d805bbd64b2ffdca0c01b7a0b4a7925c04919c1f122fbb490769e76	1cdd16707771ff005c74ea650c9df11aff78796e26bcaa58e6aab333cdc083ab	111	false
widgets/cdatetime/org.eclipse.nebula.widgets.cdatetime/src/org/eclipse/nebula/widgets/cdatetime/CDateTime.java	2c962f33b5f8e5f1f99ddcca7591c3234ac6e1e34c73391ca807fcab413f7d3e	2c962f33b5f8e5f1f99ddcca7591c3234ac6e1e34c73391ca807fcab413f7d3e	59656342189c1b0e031d5e983c8b85943669a8b1f0e05f0d89168cb76378534d	1424	false
widgets/cdatetime/org.eclipse.nebula.widgets.cdatetime/src/org/eclipse/nebula/widgets/cdatetime/CDateTimeBuilder.java	4ed235a84dbcd6c4deb246b96d0f03cd04e162ac788c14f84eee770c4442582b	4ed235a84dbcd6c4deb246b96d0f03cd04e162ac788c14f84eee770c4442582b	096ff4b202128045a87ed73d724df73f0573d981987c08cae0d961883c0f0919	147	false
widgets/cdatetime/org.eclipse.nebula.widgets.cdatetime/src/org/eclipse/nebula/widgets/cdatetime/CDateTimePainter.java	3ecfab45cb879198a2c2bf84dbe9e4443ce859a67a87a9552d08abace2dbb753	3ecfab45cb879198a2c2bf84dbe9e4443ce859a67a87a9552d08abace2dbb753	7d8f33f33ab92193f0c94841b5e895e6d03d94fe3e489723c8569c2449abbdbc	422	false
widgets/cdatetime/org.eclipse.nebula.widgets.cdatetime/src/org/eclipse/nebula/widgets/cdatetime/DatePicker.java	523027758ed937c1c1843db3fe89ed61c2fb91144c09dad665929bb371088210	523027758ed937c1c1843db3fe89ed61c2fb91144c09dad665929bb371088210	ea3fd05b7a5901304fc1cc35e47fa68203aedd496a295d72cdee65e688e8dfa5	1131	false
widgets/cdatetime/org.eclipse.nebula.widgets.cdatetime/src/org/eclipse/nebula/widgets/cdatetime/DiscreteTimePicker.java	1d40f207ded989d98f6c212c015a1c1e6f8ff786fbf002a6bd571dbc0b1e6765	1d40f207ded989d98f6c212c015a1c1e6f8ff786fbf002a6bd571dbc0b1e6765	97f023faaad99f53d78d33655647228cfb5cf9069d4aa37bc85457df9fedf56e	285	false
widgets/cdatetime/org.eclipse.nebula.widgets.cdatetime/src/org/eclipse/nebula/widgets/cdatetime/Footer.java	a0dfdadcbab0bee615f236fb8bdf17ab50bd4bb174233fb4a898be66de9ec1bd	a0dfdadcbab0bee615f236fb8bdf17ab50bd4bb174233fb4a898be66de9ec1bd	1992507a0a24cbff8fddc493b3833ad65d1be1656aebe6bae7f4f81f35ba7c03	20	false
widgets/cdatetime/org.eclipse.nebula.widgets.cdatetime/src/org/eclipse/nebula/widgets/cdatetime/Header.java	d94d568872b0efb69671a889a603485030065c875c80b398e23604fc87894bc1	d94d568872b0efb69671a889a603485030065c875c80b398e23604fc87894bc1	aac2f8af247c79444381b184588fd1900f45d8a15453682dcbe088e812871116	33	false
widgets/cdatetime/org.eclipse.nebula.widgets.cdatetime/src/org/eclipse/nebula/widgets/cdatetime/Resources.java	ba60d06b1e7caa6a976ef8918680e531e11d94c4c4ef9a1a8db78329c2817ecd	ba60d06b1e7caa6a976ef8918680e531e11d94c4c4ef9a1a8db78329c2817ecd	2831e3051cea90a29bdca2b05fc3a89c26c445a8cf1dab42e881a339d98f1473	54	false
widgets/chips/org.eclipse.nebula.widgets.chips.snippets/src/org/eclipse/nebula/widgets/chips/ChipsSnippet.java	e0795e3211469f2847150391026c9a6fcee0f90bcb96b4dd6c1f9f60412862c2	e0795e3211469f2847150391026c9a6fcee0f90bcb96b4dd6c1f9f60412862c2	367fb20b1cb7840d571cbecedb8fb0e97f243098cd220536c626b2716c364824	300	false
widgets/chips/org.eclipse.nebula.widgets.chips/src/org/eclipse/nebula/widgets/chips/Chips.java	7bf9b90543114b67e99d0116667bd7f0f096e48131ee720ca957ce1430a40d37	7bf9b90543114b67e99d0116667bd7f0f096e48131ee720ca957ce1430a40d37	76463dd96adb588a8615b68c292e3af4d1759924ff0fa1832bfbe660be2f869c	341	false
widgets/chips/org.eclipse.nebula.widgets.chips/src/org/eclipse/nebula/widgets/chips/CloseEvent.java	23cc6d65c05a8679aaa9e9c4bac55039daed002eddf25cf651a0d96cd06da219	23cc6d65c05a8679aaa9e9c4bac55039daed002eddf25cf651a0d96cd06da219	6b17835921392f9b5a54f5698f2b241d66037c50b128a9671ab126fd133b5c31	2	false
widgets/chips/org.eclipse.nebula.widgets.chips/src/org/eclipse/nebula/widgets/chips/CloseListener.java	247057fa78805dc64492dd30b955acc8476252a9d638add8640a5aa154157dc3	247057fa78805dc64492dd30b955acc8476252a9d638add8640a5aa154157dc3	cc68516bfbca017fedf20c306dca3259ada2a60839cfb9be72868d7e4df1b414	0	false
widgets/collapsiblebuttons/org.eclipse.nebula.widgets.collapsiblebuttons.example/src/org/eclipse/nebula/widgets/collapsiblebuttons/example/Activator.java	c768bf15325215a75aeb5cab55fb5f81b0a1d78403ca8c4e5e9bc6eb073b98d7	c768bf15325215a75aeb5cab55fb5f81b0a1d78403ca8c4e5e9bc6eb073b98d7	a21f978a5ddeaa66f108cf897208b265554bcf35550d1e654c44fd909cee7715	9	false
widgets/collapsiblebuttons/org.eclipse.nebula.widgets.collapsiblebuttons.example/src/org/eclipse/nebula/widgets/collapsiblebuttons/example/CollapsibleButtonsExampleTab.java	f8513e5c66d6f16010dec8abda4c2b03cc7d4ce9f42874e80ac8f91efc3c873e	f8513e5c66d6f16010dec8abda4c2b03cc7d4ce9f42874e80ac8f91efc3c873e	ee6c14d3a9171b1930d6a05144d1587b4f44bfb4fca138379a37c0c05c53b56f	28	false
widgets/collapsiblebuttons/org.eclipse.nebula.widgets.collapsiblebuttons/src/org/eclipse/nebula/widgets/collapsiblebuttons/AbstractButtonPainter.java	8c993ea76464b0b4f573a4372425a8620dfb8852b486367db51846a7fb9d90a9	8c993ea76464b0b4f573a4372425a8620dfb8852b486367db51846a7fb9d90a9	f5ef1526f980576279d234f872cdfc2de8b1fdcfc1c05aaa71e0de512ca53eb1	90	false
widgets/collapsiblebuttons/org.eclipse.nebula.widgets.collapsiblebuttons/src/org/eclipse/nebula/widgets/collapsiblebuttons/AbstractColorManager.java	853cdb27f37a5a0d165e2e6639604f3533c98420153ab58b908e85a4c16a329b	853cdb27f37a5a0d165e2e6639604f3533c98420153ab58b908e85a4c16a329b	b6ebf8f7fbf25e0c2c51b4834f2493da044c17194edcd89b7eaba218e060af7e	223	false
widgets/collapsiblebuttons/org.eclipse.nebula.widgets.collapsiblebuttons/src/org/eclipse/nebula/widgets/collapsiblebuttons/AbstractLanguageManager.java	a1be2caa284d7e9d2a6797ca6ab0c56378c662d383c77ca4163f7f6e4dab9022	a1be2caa284d7e9d2a6797ca6ab0c56378c662d383c77ca4163f7f6e4dab9022	c08bfd591e6af1d2e0891ec3f2dfd7be8eb87dac7381d5710e06fc11e0a19f00	6	false
widgets/collapsiblebuttons/org.eclipse.nebula.widgets.collapsiblebuttons/src/org/eclipse/nebula/widgets/collapsiblebuttons/AbstractSettings.java	0ba338d766bd5587d952252f186581b2125ea50af35fa4e82ee077622895f208	0ba338d766bd5587d952252f186581b2125ea50af35fa4e82ee077622895f208	e8f0489ffb44409c6c9f4d1d42efdde5a342e91980960c25a7a41289811eb933	42	false
widgets/collapsiblebuttons/org.eclipse.nebula.widgets.collapsiblebuttons/src/org/eclipse/nebula/widgets/collapsiblebuttons/ButtonListenerAdapter.java	4f2d0f92155c799acc426c53e3d46266ec830df519901e0d931cd0bff080ef96	4f2d0f92155c799acc426c53e3d46266ec830df519901e0d931cd0bff080ef96	d73bef57835ed515a540561c98a2180b8b54d6240e70cd9fc221bd2093a79030	4	false
widgets/collapsiblebuttons/org.eclipse.nebula.widgets.collapsiblebuttons/src/org/eclipse/nebula/widgets/collapsiblebuttons/ButtonsTester.java	ef2f6c1f4991b559f806aba8131a89fbf916e9dd0fa1a8e59f5b3d1eea412de5	ef2f6c1f4991b559f806aba8131a89fbf916e9dd0fa1a8e59f5b3d1eea412de5	fc4aedc2d04c7b5ee9003c0e31c0155d3624dc4fd180b09c36a7dcf57fe6a923	45	false
widgets/collapsiblebuttons/org.eclipse.nebula.widgets.collapsiblebuttons/src/org/eclipse/nebula/widgets/collapsiblebuttons/CollapsibleButtons.java	a9d3bbb5b65a7e33904663ccac887427a0a22f97558ee247df94a8b7d3ce626d	a9d3bbb5b65a7e33904663ccac887427a0a22f97558ee247df94a8b7d3ce626d	38a384de9acbbf53ae3e5a0b7535cde8a029c74fa669c5a126bd166aba1ebb86	546	false
widgets/collapsiblebuttons/org.eclipse.nebula.widgets.collapsiblebuttons/src/org/eclipse/nebula/widgets/collapsiblebuttons/ColorCache.java	f62654dc89c9191b1bb6accb020f37250aa9e9cf0ea0faf016ca6b2e54a8023b	f62654dc89c9191b1bb6accb020f37250aa9e9cf0ea0faf016ca6b2e54a8023b	a1c3f2b7a3faae485e2593173f329dc405f1a222c7f6f93b5627618894505cf4	135	false
widgets/collapsiblebuttons/org.eclipse.nebula.widgets.collapsiblebuttons/src/org/eclipse/nebula/widgets/collapsiblebuttons/CursorCache.java	da4a959c7387fdc634823431098c7a638b5b6a9486a6b505aa10954256d36253	da4a959c7387fdc634823431098c7a638b5b6a9486a6b505aa10954256d36253	bb8cc0e141338ee8a788e55cf20ebf1869a85339492bed93075112055fc32a29	17	false
widgets/collapsiblebuttons/org.eclipse.nebula.widgets.collapsiblebuttons/src/org/eclipse/nebula/widgets/collapsiblebuttons/CustomButton.java	d20b1f2051fd6a88245e3d74e07037d711ce90c418a18481bc7321fab8ef3227	d20b1f2051fd6a88245e3d74e07037d711ce90c418a18481bc7321fab8ef3227	978bcc6b1357c7053efddf871e426dfe4dec5956d6ff3714ab5753ed1b49cfab	69	false
widgets/collapsiblebuttons/org.eclipse.nebula.widgets.collapsiblebuttons/src/org/eclipse/nebula/widgets/collapsiblebuttons/DefaultButtonPainter.java	2288550698bdcc18251bcb3df112f88758135f6ecaf07ddf1b0e321d95f380f9	2288550698bdcc18251bcb3df112f88758135f6ecaf07ddf1b0e321d95f380f9	7c46b1af60b3ca21a46ea277e07bb8b19f92c25d61097493deb2aac61fb68892	0	false
widgets/collapsiblebuttons/org.eclipse.nebula.widgets.collapsiblebuttons/src/org/eclipse/nebula/widgets/collapsiblebuttons/DefaultColorManager.java	dda1ce2b013a4a9443d165b5839e055f057cd79f99906e1c2e923e6eb228aeb3	dda1ce2b013a4a9443d165b5839e055f057cd79f99906e1c2e923e6eb228aeb3	27e149469f9578ebeb5bdc20fcb936f2b733004ee1abcd05b4f1bda8216802a5	2	false
widgets/collapsiblebuttons/org.eclipse.nebula.widgets.collapsiblebuttons/src/org/eclipse/nebula/widgets/collapsiblebuttons/DefaultLanguageManager.java	ddf9b2247df342a5256479eb8952b58ba5bf69fcc3c4432429e8ec93bb8ac453	ddf9b2247df342a5256479eb8952b58ba5bf69fcc3c4432429e8ec93bb8ac453	f127b0de6c6d149ca0337b7df1271e7dcef58c0f626da79b92f78aef5aadcc11	0	false
widgets/collapsiblebuttons/org.eclipse.nebula.widgets.collapsiblebuttons/src/org/eclipse/nebula/widgets/collapsiblebuttons/DefaultSettings.java	6df4eb026ecff773044fe97f48f5b5e266921526f257438de930f6aca2b4445c	6df4eb026ecff773044fe97f48f5b5e266921526f257438de930f6aca2b4445c	2a0b03edd9036b380e04da198a5b291bddc4ed62a0f6d05ea8cf54d7b82c2f0e	0	false
widgets/collapsiblebuttons/org.eclipse.nebula.widgets.collapsiblebuttons/src/org/eclipse/nebula/widgets/collapsiblebuttons/IButtonListener.java	8cdf64256731a1ed925d954a1ffbeb3495a25e42dc44c323f00e17ce2c215361	8cdf64256731a1ed925d954a1ffbeb3495a25e42dc44c323f00e17ce2c215361	48956e3c6b569327544aa2bb2739634975f4223bd1a6eb3f0ee6d17d0997c155	0	false
widgets/collapsiblebuttons/org.eclipse.nebula.widgets.collapsiblebuttons/src/org/eclipse/nebula/widgets/collapsiblebuttons/IButtonPainter.java	4726c9ccff55498ead8c1c7174ff4f5afba2f631199e4c846f8b650f34104400	4726c9ccff55498ead8c1c7174ff4f5afba2f631199e4c846f8b650f34104400	e32b08a95788b3d0a704fd9d4fc77a07280e5f138bfdeedfe6ee0df493f1c3de	0	false
widgets/collapsiblebuttons/org.eclipse.nebula.widgets.collapsiblebuttons/src/org/eclipse/nebula/widgets/collapsiblebuttons/IColorManager.java	82920165fbc6c0d14647c32fa5a2173821bc7e8a40b74522e790b12f5b153f69	82920165fbc6c0d14647c32fa5a2173821bc7e8a40b74522e790b12f5b153f69	2f40342c5ad25c303ca38e4423436fb571643b5d7089c760d4c6ac419435c5eb	0	false
widgets/collapsiblebuttons/org.eclipse.nebula.widgets.collapsiblebuttons/src/org/eclipse/nebula/widgets/collapsiblebuttons/ILanguageSettings.java	e88eedbc24131a60ac6ef6149cdf6453ac7ebcc2c3323e61058a9ba92119f14e	e88eedbc24131a60ac6ef6149cdf6453ac7ebcc2c3323e61058a9ba92119f14e	a478ad86225593a894b4a7edc543c7cece2cccc5b34adbd676113e07e2f7849b	0	false
widgets/collapsiblebuttons/org.eclipse.nebula.widgets.collapsiblebuttons/src/org/eclipse/nebula/widgets/collapsiblebuttons/IMenuListener.java	9862a1c2e9902e48d2e64d13bafe213fefb91c31d4c3bc6ff0d42c9d9334439d	9862a1c2e9902e48d2e64d13bafe213fefb91c31d4c3bc6ff0d42c9d9334439d	19149c124e277762ffaa0598e82ece3bb08a0758ce5c9a5bc21626d8616a349f	0	false
widgets/collapsiblebuttons/org.eclipse.nebula.widgets.collapsiblebuttons/src/org/eclipse/nebula/widgets/collapsiblebuttons/ISettings.java	2592f019e4979b929a9e60e455d6f59d707e66a5cf895e4741440f753ca25b28	2592f019e4979b929a9e60e455d6f59d707e66a5cf895e4741440f753ca25b28	5778b28ceeee3c59fdfe005b708644264f23ebae6d51c694de4aa5b52c1c3ce3	0	false
widgets/collapsiblebuttons/org.eclipse.nebula.widgets.collapsiblebuttons/src/org/eclipse/nebula/widgets/collapsiblebuttons/ImageCache.java	da0cf0fdd9499d1564e0dce9956fe5ab310581691c62254888f939ec1800ce59	da0cf0fdd9499d1564e0dce9956fe5ab310581691c62254888f939ec1800ce59	4856f286100d92d79dd31611467df5393bc55e5abadaf51dbe89d659a69af692	36	false
widgets/collapsiblebuttons/org.eclipse.nebula.widgets.collapsiblebuttons/src/org/eclipse/nebula/widgets/collapsiblebuttons/Tester.java	643a5e34d2d06e8ab112cd69e5140d5ca78b941f878e143a5bc867ec10725be0	643a5e34d2d06e8ab112cd69e5140d5ca78b941f878e143a5bc867ec10725be0	b0442a776308f2ea47b42e190774a9e0609b5cc35b2fc450ab945a0c64a447d8	36	false
widgets/collapsiblebuttons/org.eclipse.nebula.widgets.collapsiblebuttons/src/org/eclipse/nebula/widgets/collapsiblebuttons/ToolbarComposite.java	9ce855c5f091694148917536aab692a2873923ada9f49593b66221a37111aa78	9ce855c5f091694148917536aab692a2873923ada9f49593b66221a37111aa78	4a0b835a779a5736d6733dae32fa29dfea54d64a7ccecd77172012a3ed999f61	323	false
widgets/compositetable/org.eclipse.nebula.widgets.compositetable.tests/src/org/eclipse/nebula/widgets/compositetable/CompositeTableTest.java	adaf919377185f9be35322b7f9744ba33f428c021f70306e7e3d4a70dd87907a	adaf919377185f9be35322b7f9744ba33f428c021f70306e7e3d4a70dd87907a	34f22937864e642b53a32a7bbbbd962b3595ee8fce3019f7b763304bb6373785	58	false
widgets/compositetable/org.eclipse.nebula.widgets.compositetable.tests/src/org/eclipse/nebula/widgets/compositetable/CompositeTable_267316Test.java	c628f47463c77e742851acb3fdab36c2d0b50201e361973e763faf48dcbbbc72	c628f47463c77e742851acb3fdab36c2d0b50201e361973e763faf48dcbbbc72	36796e9481747d53b4202fde15f6048422f4725b72553198a61dabf9323cb7ca	33	false
widgets/compositetable/org.eclipse.nebula.widgets.compositetable.tests/src/org/eclipse/nebula/widgets/compositetable/NativeHeaderTest.java	5057e3d56a9546bfe1b33f9fa4d03670ef61a68af9e95f6109a41f6f368af15a	5057e3d56a9546bfe1b33f9fa4d03670ef61a68af9e95f6109a41f6f368af15a	31782df0e29e417216966bff847eced0a320f6146b9817cc249ef883125aacc5	47	false
widgets/compositetable/org.eclipse.nebula.widgets.compositetable.tests/src/org/eclipse/nebula/widgets/compositetable/day/CMClientFixture.java	b134dc865ae92544b66064bf03dc37513a41b824308ad5ff142bca07993116e3	b134dc865ae92544b66064bf03dc37513a41b824308ad5ff142bca07993116e3	43b85fd585a41e5ede39a0453cc15c7a949aadd3f422edf5b15d61e47119404e	37	false
widgets/compositetable/org.eclipse.nebula.widgets.compositetable.tests/src/org/eclipse/nebula/widgets/compositetable/day/CMTimedEventFixture.java	2681e20cea03dc4da99a36386d3d83ec187d83f8ad801b297342ddeb2975db90	2681e20cea03dc4da99a36386d3d83ec187d83f8ad801b297342ddeb2975db90	0ffb2289287adf7730b090e24077fc9b181709ea901e8e62d58b9a676210561e	28	false
widgets/compositetable/org.eclipse.nebula.widgets.compositetable.tests/src/org/eclipse/nebula/widgets/compositetable/day/CalendarControlTestSuite.java	cf796965f3bf090ef53a360fd953fb5c6e39a365956907314bbf48ab7e34fa54	cf796965f3bf090ef53a360fd953fb5c6e39a365956907314bbf48ab7e34fa54	7b6f866a08cbf8d5e5520dbc2048ae3c10aa867c9c7accd71c908fbb14f86dbe	7	false
widgets/compositetable/org.eclipse.nebula.widgets.compositetable.tests/src/org/eclipse/nebula/widgets/compositetable/day/CalendarableModel_InitTest.java	a7b8ed8f52eff76e2a0f94faff301d20c93a835b73fa6fb3e08d7612c6b6eb39	a7b8ed8f52eff76e2a0f94faff301d20c93a835b73fa6fb3e08d7612c6b6eb39	2ccca4a8e8a313f4045f598fcf718479455af0fb710c8215c3d53ced1a479ce0	47	false
widgets/compositetable/org.eclipse.nebula.widgets.compositetable.tests/src/org/eclipse/nebula/widgets/compositetable/day/CalendarableModel_RefreshResultsTest.java	b3748287d9fd285474d667fece12a1181aa23eca630a8a18a8b758591be0797d	b3748287d9fd285474d667fece12a1181aa23eca630a8a18a8b758591be0797d	976f638e9ed65c0afcf98b8bcfe410cd6a19f9707e301cd89996e7538b63c8e8	153	false
widgets/compositetable/org.eclipse.nebula.widgets.compositetable.tests/src/org/eclipse/nebula/widgets/compositetable/day/CalendarableModel_TimedFindMethodsTest.java	0cb5cce029a646d1dfe852d3834623062b03febf97efbad2aceb573a2b66bb06	0cb5cce029a646d1dfe852d3834623062b03febf97efbad2aceb573a2b66bb06	15987c89c4695e489acfc0719913f97aee8ad03523c7227b0ba61484b0830c27	114	false
widgets/compositetable/org.eclipse.nebula.widgets.compositetable.tests/src/org/eclipse/nebula/widgets/compositetable/day/DayModel_GetColumnsForEventsTest.java	1fbe27eb54940984f63ad1e01a2091a6f85f68faec06c15f4a77d8610c8955ec	1fbe27eb54940984f63ad1e01a2091a6f85f68faec06c15f4a77d8610c8955ec	51760456f2a0328ab42be9bc7086dad4115faa65be45cf2ace0f7e0e8010ad23	188	false
widgets/compositetable/org.eclipse.nebula.widgets.compositetable/src/org/eclipse/nebula/widgets/compositetable/AbsoluteLayout.java	cfc1423e3baad17741d60de3fcd4462a665539534fe32f116f12f23bca932093	cfc1423e3baad17741d60de3fcd4462a665539534fe32f116f12f23bca932093	dee5210c3b6c41708035ae082ca2805681c945ddcad69f9432ee6074f7e350d9	31	false
widgets/compositetable/org.eclipse.nebula.widgets.compositetable/src/org/eclipse/nebula/widgets/compositetable/AbstractGridRowLayout.java	2d07d5051162a6b993d5d0a0860bb8ee64a764fbe932ca7984c9d12b43fa5e00	2d07d5051162a6b993d5d0a0860bb8ee64a764fbe932ca7984c9d12b43fa5e00	0d269f6721e5d5845390c0573be8fac3bb82532c1dfd6ce5ecf781acecb2cd8a	155	false
widgets/compositetable/org.eclipse.nebula.widgets.compositetable/src/org/eclipse/nebula/widgets/compositetable/AbstractNativeHeader.java	19ac366210e42772c134dc8fa99ca403c344d1426171b038317f057c196106f0	19ac366210e42772c134dc8fa99ca403c344d1426171b038317f057c196106f0	7e33cfab4ed671751eecfeb2d11236fe133bbbd6cbcf3e51360a0192826f607c	139	false
widgets/compositetable/org.eclipse.nebula.widgets.compositetable/src/org/eclipse/nebula/widgets/compositetable/AbstractSelectableRow.java	61f2059f4483575e6a212dad798ff3913f0eaa1b2dd005637e341048b2efebe2	61f2059f4483575e6a212dad798ff3913f0eaa1b2dd005637e341048b2efebe2	ab00ad5cfb0c693f8eff52f91cb17dd57542b212a79a86772108f24b5461e4b5	79	false
widgets/compositetable/org.eclipse.nebula.widgets.compositetable/src/org/eclipse/nebula/widgets/compositetable/AbstractSortableHeader.java	ff74d85e154ce71b1dcb82da8d7cc86b968f2185ecbd64045a85771bf9893b12	ff74d85e154ce71b1dcb82da8d7cc86b968f2185ecbd64045a85771bf9893b12	23b6b97e5e500af991b2d67a06e1a077507ed41c8890b74fe5e2731919d356cb	98	false
widgets/compositetable/org.eclipse.nebula.widgets.compositetable/src/org/eclipse/nebula/widgets/compositetable/ColumnControlListener.java	afd310b779d1088190d21d4daf28c37d085e306a617e0b7f7625a441fc95be4f	afd310b779d1088190d21d4daf28c37d085e306a617e0b7f7625a441fc95be4f	6e707a6582fba6fc46d0d31c30e3bb7e73991e92fb3f97941ff8d151d4456567	0	false
widgets/compositetable/org.eclipse.nebula.widgets.compositetable/src/org/eclipse/nebula/widgets/compositetable/CompositeTable.java	b36f67e36bc6d7d1a1d25fd05e21281a9d282a324a50b7fb0635d84c7ec8dd25	b36f67e36bc6d7d1a1d25fd05e21281a9d282a324a50b7fb0635d84c7ec8dd25	d51080ef635d8b706fdacd178bbed5c38c7c96a25ef2b9fa364ba63bc2ff29a2	377	false
widgets/compositetable/org.eclipse.nebula.widgets.compositetable/src/org/eclipse/nebula/widgets/compositetable/CompositeTableLayout.java	344ac986ae70872b05b7d227f851ca89fce8d2c303c3f50cc87c79a8c6298b6b	344ac986ae70872b05b7d227f851ca89fce8d2c303c3f50cc87c79a8c6298b6b	7bf97659b9f748d94c9f44e5897bed037de8085ab587f0908a9af5531ef00ed7	0	false
widgets/compositetable/org.eclipse.nebula.widgets.compositetable/src/org/eclipse/nebula/widgets/compositetable/DeleteAdapter.java	2ff30ef0b834fb91085bfff727112fdea24da902a21f66ade3633d0c7b74400f	2ff30ef0b834fb91085bfff727112fdea24da902a21f66ade3633d0c7b74400f	06bd1c35aa752cc062716c8c864fc89a5be0956b7a1a4a676bc5edf175c2359c	4	false
widgets/compositetable/org.eclipse.nebula.widgets.compositetable/src/org/eclipse/nebula/widgets/compositetable/EmptyTablePlaceholder.java	2e8289888846eb72111d5e67b6222b3cb3d8616b44331813d8d0112bc392c3aa	2e8289888846eb72111d5e67b6222b3cb3d8616b44331813d8d0112bc392c3aa	7070bcdb56f37475f71c10492b480ff481bb4a2648c7f99b436278bd69eecaa0	64	false
widgets/compositetable/org.eclipse.nebula.widgets.compositetable/src/org/eclipse/nebula/widgets/compositetable/GridRowLayout.java	7e8d6d1b052ed3b31e3069dc4b2edb060ce2974b76c6c656f5b29176db51f04c	7e8d6d1b052ed3b31e3069dc4b2edb060ce2974b76c6c656f5b29176db51f04c	9291817e679676521c2f375de99b9a4d825ba68a04d8b2a39a7933f2e349aaf9	29	false
widgets/compositetable/org.eclipse.nebula.widgets.compositetable/src/org/eclipse/nebula/widgets/compositetable/HeaderLayout.java	e27b61139668e5a42788b6f1b93720603c69c3d6d50657bf644a7598fe811013	e27b61139668e5a42788b6f1b93720603c69c3d6d50657bf644a7598fe811013	54329136bd934233d807a0bbd96cad9380e110d4d7155918e2c3a359ec369384	239	false
widgets/compositetable/org.eclipse.nebula.widgets.compositetable/src/org/eclipse/nebula/widgets/compositetable/IDeleteHandler.java	0995cf721866120706fc52c565523f57f9c6c780ae7dd8e431a2772e703ca223	0995cf721866120706fc52c565523f57f9c6c780ae7dd8e431a2772e703ca223	f1e391c09d3bee88990c98dcee853c948b3f5a80227d8dd56b2420a99a8dfac9	0	false
widgets/compositetable/org.eclipse.nebula.widgets.compositetable/src/org/eclipse/nebula/widgets/compositetable/IInsertHandler.java	2ef67848a1272f83a7dc7efafcf5db59b7c9b7010be26aa73a67da1e4fa6a6a2	2ef67848a1272f83a7dc7efafcf5db59b7c9b7010be26aa73a67da1e4fa6a6a2	cf93a0ecf3cc1525caf0feb77ee0e14985b420e4f3d6f498061c7960062ad6b0	0	false
widgets/compositetable/org.eclipse.nebula.widgets.compositetable/src/org/eclipse/nebula/widgets/compositetable/IRowContentProvider.java	b3f660951c9861992f80bae8e78fcdb4342df78554b6368851e05519792174e2	b3f660951c9861992f80bae8e78fcdb4342df78554b6368851e05519792174e2	5fc68c5d95b512933b3778c0b266f15bb020b96a2ae08f8655272df058d3e890	0	false
widgets/compositetable/org.eclipse.nebula.widgets.compositetable/src/org/eclipse/nebula/widgets/compositetable/IRowFocusListener.java	58d39a9250f81f23a9e1610c7ba578c600c2d71eb575131bceaff9894a5bc271	58d39a9250f81f23a9e1610c7ba578c600c2d71eb575131bceaff9894a5bc271	6bf823a0e3f668d7feaaac128d25e719abbd8a798f9a24a54d60377ba51e94ce	0	false
widgets/compositetable/org.eclipse.nebula.widgets.compositetable/src/org/eclipse/nebula/widgets/compositetable/InternalCompositeTable.java	d076f905fbb6868898023c0ce8785e9c6a43303c25fba7ee2fa8bb8fb1354029	d076f905fbb6868898023c0ce8785e9c6a43303c25fba7ee2fa8bb8fb1354029	f70f522727b7e2466400d8b43c21fe13073543f920a4d28d1ec0cf2ecc73344b	1192	false
widgets/compositetable/org.eclipse.nebula.widgets.compositetable/src/org/eclipse/nebula/widgets/compositetable/ResizableGridRowLayout.java	c871818cc51133619f5cbb24ec92b16e04f14b3405d1424177e1e03914779169	c871818cc51133619f5cbb24ec92b16e04f14b3405d1424177e1e03914779169	6ef6ba1effc44ba43f0fde85ba741074b052c9924df9ac205d9fa4bb71de4ca4	97	false
widgets/compositetable/org.eclipse.nebula.widgets.compositetable/src/org/eclipse/nebula/widgets/compositetable/RowConstructionListener.java	d8b972c15ec1431615271667c5a50170d6829dfe9589e50bb53c050e9a9ede09	d8b972c15ec1431615271667c5a50170d6829dfe9589e50bb53c050e9a9ede09	bf90178f746b1c904b6951c59046daf7169e1342fde56acb1b16d90933ff83b8	0	false
widgets/compositetable/org.eclipse.nebula.widgets.compositetable/src/org/eclipse/nebula/widgets/compositetable/RowFocusAdapter.java	e7bc4c206265e871013e67a374a7cb26456f6a3a94b6b638dbe0785bd0e7f281	e7bc4c206265e871013e67a374a7cb26456f6a3a94b6b638dbe0785bd0e7f281	c6ca0321091b8b701d84b6ee4962e3110da3e169f23096b99f473888de682087	4	false
widgets/compositetable/org.eclipse.nebula.widgets.compositetable/src/org/eclipse/nebula/widgets/compositetable/ScrollEvent.java	b75452131e9c45486ac0d786d7d99a2d9dd74a7b9c00f2f5cd8942f226cbaaf7	b75452131e9c45486ac0d786d7d99a2d9dd74a7b9c00f2f5cd8942f226cbaaf7	d44a3cac3350d6024956f03290ca5dbcd26de21958508eb5cd1f157c290cc638	11	false
widgets/compositetable/org.eclipse.nebula.widgets.compositetable/src/org/eclipse/nebula/widgets/compositetable/ScrollListener.java	cc2f0e91f206bfbee6a7293ccf8941bc803c66034893b4f9f611f4715a064633	cc2f0e91f206bfbee6a7293ccf8941bc803c66034893b4f9f611f4715a064633	bc1c725a3c2c9996b0ed6969c2c1ff2e2e65153835dd0af456be2bde8d9f405a	0	false
widgets/compositetable/org.eclipse.nebula.widgets.compositetable/src/org/eclipse/nebula/widgets/compositetable/TableRow.java	27b322b0e7043285e3080b7982489a28da268ee7c58b48a90fe4a165b866b89d	27b322b0e7043285e3080b7982489a28da268ee7c58b48a90fe4a165b866b89d	8bb5ffd70ac5a3e392314aff2486234426052293405e8f30b0845333a83a49da	78	false
widgets/compositetable/org.eclipse.nebula.widgets.compositetable/src/org/eclipse/nebula/widgets/compositetable/day/CalendarableItemEvent.java	19a42c799ca43924ce38cb8d39ed273f6b93cf99bfa22bc2077c8c54062569f3	19a42c799ca43924ce38cb8d39ed273f6b93cf99bfa22bc2077c8c54062569f3	46e827c8f653610f5036cad8519e5b2462157167dc95fda9f4fb10b85d423c6e	2	false
widgets/compositetable/org.eclipse.nebula.widgets.compositetable/src/org/eclipse/nebula/widgets/compositetable/day/CalendarableItemEventHandler.java	6a089e093cb2300e4d07a3dd5d1ebe238b76a274796f1bd9acc79708b4171948	6a089e093cb2300e4d07a3dd5d1ebe238b76a274796f1bd9acc79708b4171948	c21fd055529ca8d54659ea8e7228dcf006310dc449d9391062aa1871ffc75ce2	2	false
widgets/compositetable/org.eclipse.nebula.widgets.compositetable/src/org/eclipse/nebula/widgets/compositetable/day/CalendarableSelectionChangeListener.java	b32c4a4ef50a436df9c38f703b9a5af199245213ad8618636d0a445d46227c3b	b32c4a4ef50a436df9c38f703b9a5af199245213ad8618636d0a445d46227c3b	1dcd174ec3cabe2d5cba397972a9c5dd7211c4ce378093d21547f53623a6d329	0	false
widgets/compositetable/org.eclipse.nebula.widgets.compositetable/src/org/eclipse/nebula/widgets/compositetable/day/DayEditor.java	25299caf092256eeef6f334e7dbf65392a147ce81c757a6e9b1a438ecb14ce74	25299caf092256eeef6f334e7dbf65392a147ce81c757a6e9b1a438ecb14ce74	cbf7a4849acd83376ee769d1dcd3f8901066d12ac816b12805af97fbced95685	798	false
widgets/compositetable/org.eclipse.nebula.widgets.compositetable/src/org/eclipse/nebula/widgets/compositetable/day/DayEditorSelection.java	94d16be708290f8745d84724f092223fd930ce058f31bf356635fa46b56c4535	94d16be708290f8745d84724f092223fd930ce058f31bf356635fa46b56c4535	df4c7b3909ef6b84ab9792654f1f60e8fb5f63957b38f59f9db682104475dfff	6	false
widgets/compositetable/org.eclipse.nebula.widgets.compositetable/src/org/eclipse/nebula/widgets/compositetable/day/ICalendarableItemControl.java	891b30d3f95444a0b8274b9d13558a68f32e07042ae9c696399ee260757a9245	891b30d3f95444a0b8274b9d13558a68f32e07042ae9c696399ee260757a9245	062ae73591d0a89475c87e1ff4a0e7d9865e3fec124b152710318b9dcfe3a0e2	0	false
widgets/compositetable/org.eclipse.nebula.widgets.compositetable/src/org/eclipse/nebula/widgets/compositetable/day/NewEvent.java	0bcba9c1cf99b597ad24ddbbe1250b158c49ccc1c08ba5a80c70e94f8008f248	0bcba9c1cf99b597ad24ddbbe1250b158c49ccc1c08ba5a80c70e94f8008f248	c1f22fb6012a80405e73208b52e06a55b36856e1fedf7778bb6ec76f66cb21c8	4	false
widgets/compositetable/org.eclipse.nebula.widgets.compositetable/src/org/eclipse/nebula/widgets/compositetable/day/SelectionChangeEvent.java	f0663d8a06d9089002d9a2fc48bfae177513479460341b5b4cd9094e9f7253ed	f0663d8a06d9089002d9a2fc48bfae177513479460341b5b4cd9094e9f7253ed	215fce27d45d976539179b34dec9f62f70a9896d26cb37de1e8f8f098b87ecea	3	false
widgets/compositetable/org.eclipse.nebula.widgets.compositetable/src/org/eclipse/nebula/widgets/compositetable/day/internal/DayEditorCalendarableItemControl.java	e6ef1c444d8f55c954bdc70e4c2db5bb352d680f7e1dc1f510e808e3ca40fafa	e6ef1c444d8f55c954bdc70e4c2db5bb352d680f7e1dc1f510e808e3ca40fafa	29d7be173e280c51304b2bf8c35cd5f150a9111fb1060eda763fe12ee8870b26	141	false
widgets/compositetable/org.eclipse.nebula.widgets.compositetable/src/org/eclipse/nebula/widgets/compositetable/day/internal/EventLayoutComputer.java	cb90d04c5bcfebe208a84c08b84ef01dc4e5a826f3c9ffe4000c61bacad007bb	cb90d04c5bcfebe208a84c08b84ef01dc4e5a826f3c9ffe4000c61bacad007bb	cdf5c651358d2572f993af8a5c4b8b5333146ec262761cf72b2793fc97f2f0bc	133	false
widgets/compositetable/org.eclipse.nebula.widgets.compositetable/src/org/eclipse/nebula/widgets/compositetable/day/internal/TimeSlice.java	1fa3f29caada2fbc67a6056e3b3cb1e4c04ae59c3f7e7b8fab58ee47df444a04	1fa3f29caada2fbc67a6056e3b3cb1e4c04ae59c3f7e7b8fab58ee47df444a04	395c7dd5b5b03034a8491832940c4fec4c838fa49889031f6804c997721fa4fd	182	false
widgets/compositetable/org.eclipse.nebula.widgets.compositetable/src/org/eclipse/nebula/widgets/compositetable/day/internal/TimeSlot.java	94ef7f3a3827b40543a03eb028ef9c0fb84a6e551f64f99454c19106c784a24f	94ef7f3a3827b40543a03eb028ef9c0fb84a6e551f64f99454c19106c784a24f	229e5e218e0b8da31a4b1f1275d88684c6298f68364472651e161f74fa6e4f79	134	false
widgets/compositetable/org.eclipse.nebula.widgets.compositetable/src/org/eclipse/nebula/widgets/compositetable/internal/DuckType.java	65eed69b0fba3f10e57ef647cd2f5059a67933f155f28317f4f8ad991a1cc91b	65eed69b0fba3f10e57ef647cd2f5059a67933f155f28317f4f8ad991a1cc91b	840411fc963b3d6c39e6b6b6ec052a7a502377de6c20dcaf3c12de4730db17d5	43	false
widgets/compositetable/org.eclipse.nebula.widgets.compositetable/src/org/eclipse/nebula/widgets/compositetable/internal/ISelectableRegionControl.java	a1c793989282f30383968409d7bee52d0975a1e7e149db334e1943113835ccde	a1c793989282f30383968409d7bee52d0975a1e7e149db334e1943113835ccde	55d8eeb8e6f740cf023220cd7b3f608c3a9468a6c11088ae677392edc2360994	0	false
widgets/compositetable/org.eclipse.nebula.widgets.compositetable/src/org/eclipse/nebula/widgets/compositetable/internal/ReflectedMethod.java	48a68f1667d0052f5565f49ddf56778cedb55c718f795a28794a27602037805e	48a68f1667d0052f5565f49ddf56778cedb55c718f795a28794a27602037805e	04cc882322b0049ff4d675b348752bea3e7f734cb51f63a4308236aa12935991	24	false
widgets/compositetable/org.eclipse.nebula.widgets.compositetable/src/org/eclipse/nebula/widgets/compositetable/internal/ReflectedProperty.java	6ddd2191ec5f901e3fda620cd5adfcb671752927628a9020399c938b27ebbc1f	6ddd2191ec5f901e3fda620cd5adfcb671752927628a9020399c938b27ebbc1f	02006c06f1095b0a589090c3dbe5a5cc8bbaeb89b4377c8e72f8a0b07c49b0ee	28	false
widgets/compositetable/org.eclipse.nebula.widgets.compositetable/src/org/eclipse/nebula/widgets/compositetable/internal/RelaxedDuckType.java	740c7b72a4b80ee7fe1127253f5ebf5bb20a5d95f3ba6fda6e03bbdef858076b	740c7b72a4b80ee7fe1127253f5ebf5bb20a5d95f3ba6fda6e03bbdef858076b	79be67af49f5134528413f2a22554d9e683e829c6a2f64b59a8d8f12c55f02d9	27	false
widgets/compositetable/org.eclipse.nebula.widgets.compositetable/src/org/eclipse/nebula/widgets/compositetable/month/MonthCalendar.java	8210ef4618bf2ccb5f108293a6d7c2e578558d242cc4a101b2052bba23336928	8210ef4618bf2ccb5f108293a6d7c2e578558d242cc4a101b2052bba23336928	1e685e5152a4fdf1a41b4efb5b67df3ce4c3a4f4bd2aaad7769d5d07caec993e	364	false
widgets/compositetable/org.eclipse.nebula.widgets.compositetable/src/org/eclipse/nebula/widgets/compositetable/month/MonthCalendarSelectedDay.java	5f60814cb9275c9ff4aba3b0c97667c38cbfe0031b6e6618a1d447a98114a1c5	5f60814cb9275c9ff4aba3b0c97667c38cbfe0031b6e6618a1d447a98114a1c5	28bf3533c094c88230b9d835245b4470597200bf2b9a17a29764178f5400c610	3	false
widgets/compositetable/org.eclipse.nebula.widgets.compositetable/src/org/eclipse/nebula/widgets/compositetable/month/internal/Day.java	f027b97ed731f346999ccda0e7109e6121ca26499bc24ba6a11b50d6f06b4501	f027b97ed731f346999ccda0e7109e6121ca26499bc24ba6a11b50d6f06b4501	c8433e0cfc876cf8290d6261c0399274c792848a8f83bedfb51d0486411e226f	229	false
widgets/compositetable/org.eclipse.nebula.widgets.compositetable/src/org/eclipse/nebula/widgets/compositetable/month/internal/MonthCalendarableItemControl.java	9217d7135c670f67690a9d5a8bdb31a317fb8ee4fc4a2e9cf1f3742bbbd09427	9217d7135c670f67690a9d5a8bdb31a317fb8ee4fc4a2e9cf1f3742bbbd09427	894365c34494aa2fdceed58774ad4eeaa22840f35df91ee4f23fcf3529c80a8c	490	false
widgets/compositetable/org.eclipse.nebula.widgets.compositetable/src/org/eclipse/nebula/widgets/compositetable/month/internal/Week.java	7f282fc4d0c3cc2dbf59e12417c755a80d782a6dfd90fbbc85cc7c34d978bd4a	7f282fc4d0c3cc2dbf59e12417c755a80d782a6dfd90fbbc85cc7c34d978bd4a	be9b0749210be5520d1cc7228d8ed2ba6953448ae82935a836160ccc083f98cd	25	false
widgets/compositetable/org.eclipse.nebula.widgets.compositetable/src/org/eclipse/nebula/widgets/compositetable/month/internal/WeekHeader.java	5197bc9718d6439883fa015259465d93c1d6235d490499a7e40545719e0f0fac	5197bc9718d6439883fa015259465d93c1d6235d490499a7e40545719e0f0fac	877171fda82fa4d71a6c6ee0769613704cd17c9bacb9c841af7c45d3997fcca1	62	false
widgets/compositetable/org.eclipse.nebula.widgets.compositetable/src/org/eclipse/nebula/widgets/compositetable/timeeditor/AbstractEventEditor.java	66e714dc3f89834afc66d46490ebb898e802bff76251b80a3b642e796efa90e7	66e714dc3f89834afc66d46490ebb898e802bff76251b80a3b642e796efa90e7	04a2650c6e0c6e88ea6da3b92db948605dc7f4661da78918126c0cce19feb4ac	62	false
widgets/compositetable/org.eclipse.nebula.widgets.compositetable/src/org/eclipse/nebula/widgets/compositetable/timeeditor/CalendarableItem.java	80f3d59a4c6ffa5032f390fd1590cce1d7277087c36e62522adc58a320e8a3e2	80f3d59a4c6ffa5032f390fd1590cce1d7277087c36e62522adc58a320e8a3e2	35d6b3ffbdab3c1f68edcc9a5d33541a8be270b3f815caf19e1600b0b5c892f2	138	false
widgets/compositetable/org.eclipse.nebula.widgets.compositetable/src/org/eclipse/nebula/widgets/compositetable/timeeditor/CalendarableModel.java	5846b41336fc88154f0c4276cda58c42da500596c6f23547d4709fbc3af4498e	5846b41336fc88154f0c4276cda58c42da500596c6f23547d4709fbc3af4498e	a8bb748778898ef4f3650ea0c0286a3cf17b0bc1d51e66109c8cd5385c50b309	445	false
widgets/compositetable/org.eclipse.nebula.widgets.compositetable/src/org/eclipse/nebula/widgets/compositetable/timeeditor/EventContentProvider.java	4284b5dfd81fb451337049716659158181287d1ac36f5ca60e29ef897cdf2801	4284b5dfd81fb451337049716659158181287d1ac36f5ca60e29ef897cdf2801	7df73e7b2e277614469d20243752139be1d2e5492b215d62682fd84de366d9ac	0	false
widgets/compositetable/org.eclipse.nebula.widgets.compositetable/src/org/eclipse/nebula/widgets/compositetable/timeeditor/EventCountProvider.java	3f489ff7c980709cc4a165a7f9583cba63b19276bb99cc5be27e60a5b457f6a7	3f489ff7c980709cc4a165a7f9583cba63b19276bb99cc5be27e60a5b457f6a7	3e5084c032d76d9b95f0ca5877c4255b44b872055819e7e2dc733bcb3bf10e87	0	false
widgets/compositetable/org.eclipse.nebula.widgets.compositetable/src/org/eclipse/nebula/widgets/compositetable/timeeditor/IEventEditor.java	8371a107958b8287b71c76a04977fbe627c0eaa1bc110b7e0b12b32b85c1494c	8371a107958b8287b71c76a04977fbe627c0eaa1bc110b7e0b12b32b85c1494c	ed7fa9c40c0df67a4c5ae5e614134cc562838403ca28e6e5335a25950bbc566b	0	false
widgets/compositetable/org.eclipse.nebula.widgets.compositetable/src/org/eclipse/nebula/widgets/compositetable/timeeditor/ModelObject.java	4a4d33da76c8b41d2931eed441789b9f81373b8a5cb4cd17f16f62482b0ae516	4a4d33da76c8b41d2931eed441789b9f81373b8a5cb4cd17f16f62482b0ae516	d87afcd794630ae0f0aeac375ec77b27ee194dae337a236cfed75cc6f15d347f	26	false
widgets/compositetable/org.eclipse.nebula.widgets.compositetable/src/org/eclipse/nebula/widgets/compositetable/viewers/IMonthCalendarContentProvider.java	679fc6116c9b8fb00b21c2a84ac35cb6194cd713ede7a203d7ae6a438fea508c	679fc6116c9b8fb00b21c2a84ac35cb6194cd713ede7a203d7ae6a438fea508c	ad4e4ac2dd97c409ca725455fa49f558bd22400f68ade33081188a6cc21409ca	0	false
widgets/compositetable/org.eclipse.nebula.widgets.compositetable/src/org/eclipse/nebula/widgets/compositetable/viewers/MonthCalendarViewer.java	020d545fbf00c804ebe6fa142b637c17bd2fc1a7239be6ed1152e3a53d48bec5	020d545fbf00c804ebe6fa142b637c17bd2fc1a7239be6ed1152e3a53d48bec5	742522aef591af7826046d613c275175df42caae66cca8d04935156789b0e1b0	84	false
widgets/ctree/org.eclipse.nebula.widgets.ctree/src/org/eclipse/nebula/widgets/ctree/CTree.java	f72d7f8f53a0bc47fcd94524d646362c422d06e23d9c1eec76e8cd0dc107f3eb	f72d7f8f53a0bc47fcd94524d646362c422d06e23d9c1eec76e8cd0dc107f3eb	70251c6872f9a1efebcd97af275b1b0848564cb9a22d8a25408ff1b0305bf70e	997	false
widgets/ctree/org.eclipse.nebula.widgets.ctree/src/org/eclipse/nebula/widgets/ctree/CTreeCell.java	e7f33486446baec6f7e02454ff77be041d63afee7a509d83dc33c1fe2b2b845e	e7f33486446baec6f7e02454ff77be041d63afee7a509d83dc33c1fe2b2b845e	c99d41d3a8e8677b1876265ffa061ef70bc2b950e20152873fad2ae536bbb93a	793	false
widgets/ctree/org.eclipse.nebula.widgets.ctree/src/org/eclipse/nebula/widgets/ctree/CTreeColumn.java	ac6e30d77ee5b4604420b90f64f3ddd55f0efd467c73ff9ec911ae1917ca0783	ac6e30d77ee5b4604420b90f64f3ddd55f0efd467c73ff9ec911ae1917ca0783	5c99a70e00e4030e3f480bdc84b4509676a3924dc9cd72aee7931177cf9c3684	191	false
widgets/ctree/org.eclipse.nebula.widgets.ctree/src/org/eclipse/nebula/widgets/ctree/CTreeEditor.java	1da67b124742cd0be03d1a18c9d8d1549588d280ee118f930255dc846a104d2a	1da67b124742cd0be03d1a18c9d8d1549588d280ee118f930255dc846a104d2a	2418e57fc1e528d083706f54f2ca0d8d794fac7adc7c18e898c60fc577a14ec4	161	false
widgets/ctree/org.eclipse.nebula.widgets.ctree/src/org/eclipse/nebula/widgets/ctree/CTreeItem.java	b8ce5bd658208f90e0c421892494176ba8d6b99f528ea481d2ceb059bab54775	b8ce5bd658208f90e0c421892494176ba8d6b99f528ea481d2ceb059bab54775	e781e5782468ec68de589bb316754604a136c9b9b1ef7500b37ae7481758a373	603	false
widgets/ctree/org.eclipse.nebula.widgets.ctree/src/org/eclipse/nebula/widgets/ctree/CTreeLayout.java	f200e4ddf977bd6664a4c739549f279509ea572547cb1f18719f2fbacf3bf7b3	f200e4ddf977bd6664a4c739549f279509ea572547cb1f18719f2fbacf3bf7b3	023728f5d1f93eba9f1a768dd45f2dc3f712b2e5efb5903843cb57cc2ced78a5	216	false
widgets/ctree/org.eclipse.nebula.widgets.ctree/src/org/eclipse/nebula/widgets/ctree/SColors.java	1b808ad8e1edfdae901ad95f87973d834038b063dc908b5449a519312baad7fb	1b808ad8e1edfdae901ad95f87973d834038b063dc908b5449a519312baad7fb	5c1db8c41b2dba64181f3a5339dde2e4f3f14b469d1c99cbbc317a676810571c	142	false
widgets/ctree/org.eclipse.nebula.widgets.ctree/src/org/eclipse/nebula/widgets/ctree/SComposite.java	20f9fdd7a70cc81ac1f69d5840028418dec95406d89f0b305688c81b8fe50a36	20f9fdd7a70cc81ac1f69d5840028418dec95406d89f0b305688c81b8fe50a36	1ff82fcd02383544070773dd6358ceeade927a45e5f6c3f8494745530114bb3d	142	false
widgets/ctreecombo/org.eclipse.nebula.widgets.ctreecombo.snippets/src/org/eclipse/nebula/widgets/ctreecombo/snippets/CTreeComboSnippet.java	3f21f447d30e8139340748053b4a34f0219c30513b0ced4669529230e6893ac0	3f21f447d30e8139340748053b4a34f0219c30513b0ced4669529230e6893ac0	921a7a22e0c8d238f9fa06e3b0e15bbbf91f88d3f76a2fade5b1090855e4e692	128	false
widgets/ctreecombo/org.eclipse.nebula.widgets.ctreecombo.snippets/src/org/eclipse/nebula/widgets/ctreecombo/snippets/Country.java	33e27cdf095e9a274d621f86a962d71efaad87a3fda3aff2abb03a2e4367f9cf	33e27cdf095e9a274d621f86a962d71efaad87a3fda3aff2abb03a2e4367f9cf	24b72e232d97493dc6e26cea7957538f94785f6128ae78ebcf397e4ac62a1b35	47	false
widgets/ctreecombo/org.eclipse.nebula.widgets.ctreecombo/src/org/eclipse/nebula/widgets/ctreecombo/CTreeCombo.java	deab5958da74df3d131bbbe5cee21674444a6e248f3b13e208a049116f95ddf6	deab5958da74df3d131bbbe5cee21674444a6e248f3b13e208a049116f95ddf6	aee2c1c1d4e9581f61ad67dfcb24c9f97d81f29a592c489c245771cdf59904af	855	false
widgets/ctreecombo/org.eclipse.nebula.widgets.ctreecombo/src/org/eclipse/nebula/widgets/ctreecombo/CTreeComboColumn.java	9986ce7d000badbdb2230b288d481833b19f12bf4a957436884d2f6b409f3fc3	9986ce7d000badbdb2230b288d481833b19f12bf4a957436884d2f6b409f3fc3	2cd7eca5a59e36c36d1b4161816a0959b7a62924db9924773c7a8896a1cf5173	36	false
widgets/ctreecombo/org.eclipse.nebula.widgets.ctreecombo/src/org/eclipse/nebula/widgets/ctreecombo/CTreeComboItem.java	ff35b276adc56b38f82ba0fbd8839e13218fc0e51d278c4a6f3c02fd970df368	ff35b276adc56b38f82ba0fbd8839e13218fc0e51d278c4a6f3c02fd970df368	7c66c326ad47748b68603b88ededbe06f842e7a3f257cabf3be5583c334976f1	250	false
widgets/ctreecombo/org.eclipse.nebula.widgets.ctreecombo/src/org/eclipse/nebula/widgets/ctreecombo/viewer/CTreeComboViewer.java	5d3033d2995d0f967ec13331e4ee47aa46342a6cde2447f26b55a5d0fa771d1e	5d3033d2995d0f967ec13331e4ee47aa46342a6cde2447f26b55a5d0fa771d1e	0c33baf8e788ae3dd3f08612f24bfddc3c5ee55caad63e8338d3202850c6bcd8	556	false
widgets/ctreecombo/org.eclipse.nebula.widgets.ctreecombo/src/org/eclipse/nebula/widgets/ctreecombo/viewer/CTreeComboViewerRow.java	03fa4c977fed83ed8ec02d241e69647db37a20502aeb2b4fbcd0895fc6776b35	03fa4c977fed83ed8ec02d241e69647db37a20502aeb2b4fbcd0895fc6776b35	9b015b40e76abba8f18b14fc98acab98416d33fece829c51882114467bbce388	178	false
widgets/cwt/org.eclipse.nebula.cwt.snippets/src/org/eclipse/nebula/cwt/snippets/SvgRemoteSnippet.java	47cecd1d35cc0eb8f23c9eca539625b7a33632b421a34700516d01aa9f94de6a	47cecd1d35cc0eb8f23c9eca539625b7a33632b421a34700516d01aa9f94de6a	df62ac4b3e15e6054dd8bc1d994961f9b79bd65f86903ea77ee367b493e7c26f	70	false
widgets/cwt/org.eclipse.nebula.cwt.snippets/src/org/eclipse/nebula/cwt/snippets/SvgSnippet01.java	fca41c38619d9e5bc600983f876a65f0940369fac33af2955f0d6c8804484a15	fca41c38619d9e5bc600983f876a65f0940369fac33af2955f0d6c8804484a15	9afd8a2bdebec07dddc57e3c2e0996171f8a338dbe24664b8deebf5a8d74b056	37	false
widgets/cwt/org.eclipse.nebula.cwt.tests/src/org/eclipse/nebula/cwt/base/DropDownTests.java	3d5c26f199eac7fb8c35fa08f6438074dd45226e40135eaf982daa4d065405df	3d5c26f199eac7fb8c35fa08f6438074dd45226e40135eaf982daa4d065405df	4b1ddc3f276f486f63ce3c7a7a1f28171c38bfccbba5d312e20cc9c94fa70031	35	false
widgets/cwt/org.eclipse.nebula.cwt.tests/src/org/eclipse/nebula/cwt/base/MorePublicBaseCombo.java	f59126545e17eee3c3c7b08f38dfb31bc595b73366f0bbb372a8c8b1952710e8	f59126545e17eee3c3c7b08f38dfb31bc595b73366f0bbb372a8c8b1952710e8	20f44834efd8c92c272ac62cc005de69962c15dd92a90c686b32c6c799f392f4	12	false
widgets/cwt/org.eclipse.nebula.cwt.tests/src/org/eclipse/nebula/cwt/base/ReparentComboTest.java	903ebdb080c7b4c5997dbcd2273041de9ed866c08559c7955cff8747a4105e47	903ebdb080c7b4c5997dbcd2273041de9ed866c08559c7955cff8747a4105e47	6fe92622e5d5494bc801a69cea44964c9bd2e3204e83493c0ad8b501946688cd	34	false
widgets/cwt/org.eclipse.nebula.cwt.tests/src/org/eclipse/nebula/cwt/svg/SvgRenderTests.java	a2837bfe8a975784f8de138c76fbe50ddf975c8f14f1f6f36e0c7167153ffdf4	a2837bfe8a975784f8de138c76fbe50ddf975c8f14f1f6f36e0c7167153ffdf4	aa6835fcabe4eee1a3a61f6fdd5b2a0eb318e5d068924a760e12acf8e3e780a5	112	false
widgets/cwt/org.eclipse.nebula.cwt.tests/src/org/eclipse/nebula/cwt/svg/VControlTest.java	4731176b8db9b68c88fa7d195e90dca4efedf9907fe021896d71ab5446363742	4731176b8db9b68c88fa7d195e90dca4efedf9907fe021896d71ab5446363742	909fb5c9ca95eabdaa08ff052614355df224aea43f19e056b316a68fc5382456	32	false
widgets/cwt/org.eclipse.nebula.cwt.tests/src/org/eclipse/nebula/cwt/test/AbstractVTestCase.java	c8f0370231446ef9f3a15d438cceb9ea8ee5f19c6e491c432d9bd428a3d1b713	c8f0370231446ef9f3a15d438cceb9ea8ee5f19c6e491c432d9bd428a3d1b713	58a837efce13689a1b6819e995314f5243f0ff09c554831d9056fbd09f4c2a8c	553	false
widgets/cwt/org.eclipse.nebula.cwt.tests/src/org/eclipse/nebula/cwt/v/ActivationTests.java	0d319d703c57b5481600aabd74955361e8e383b7d035d3d93bed0fcc9c88a492	0d319d703c57b5481600aabd74955361e8e383b7d035d3d93bed0fcc9c88a492	a0ed0e33f6b6e38cdcb3ae0155e7dbb61a21410100b3b54efef9361163702e06	48	false
widgets/cwt/org.eclipse.nebula.cwt.tests/src/org/eclipse/nebula/cwt/v/ButtonFocusTests.java	b092841de5f64699bf9b4a0eb06918632fb3979884b33c25fc4f2cc28972f1c9	b092841de5f64699bf9b4a0eb06918632fb3979884b33c25fc4f2cc28972f1c9	ead95dfa41791d98f09b61815018f10fdf153030230735b745a8ee87b6016e7f	112	false
widgets/cwt/org.eclipse.nebula.cwt.tests/src/org/eclipse/nebula/cwt/v/DisposalTests.java	7d00ff5ecfff806de9302f0b49519d8c1ad24996fd45606e7e2f87154ee51810	7d00ff5ecfff806de9302f0b49519d8c1ad24996fd45606e7e2f87154ee51810	ed976c68d969a4372f63829ad685aa2b4d65453595fa56671a88269585b6bf06	14	false
widgets/cwt/org.eclipse.nebula.cwt.tests/src/org/eclipse/nebula/cwt/v/PaintTest01.java	17be8c88140641822f0109a472bc48b6327464eee80c62dae7a5f0488e1c3e55	17be8c88140641822f0109a472bc48b6327464eee80c62dae7a5f0488e1c3e55	6785e391a4bbd2fae6df956d6efe0a56b6e5eff57196a94b59e786ddfc4ea8fa	24	false
widgets/cwt/org.eclipse.nebula.cwt.tests/src/org/eclipse/nebula/cwt/v/VCustomTest.java	b44a33c00e76464ab0d5a501ca91254965b37260fc777e8b6b5ed7b1168388ba	b44a33c00e76464ab0d5a501ca91254965b37260fc777e8b6b5ed7b1168388ba	ddec895096d870cf7bcf8336e19ff2bcd3d943684c8499edca8f481a6b1e8a47	67	false
widgets/cwt/org.eclipse.nebula.cwt/src/org/eclipse/nebula/cwt/animation/AnimationRunner.java	c7d614ceef1592889020c816500e447cdabc4d0d4640a8e9eba8334d7d65a4d2	c7d614ceef1592889020c816500e447cdabc4d0d4640a8e9eba8334d7d65a4d2	6eee9a45aed67c83e9ac75e35b830c7fa9b443bef4269c67d0b9f519a724bce7	26	false
widgets/cwt/org.eclipse.nebula.cwt/src/org/eclipse/nebula/cwt/animation/ScrollingSmoother.java	6222409e28a718b5b1e4b87dfecb18bfae37d4904979ac6ad793acd39b8c772f	6222409e28a718b5b1e4b87dfecb18bfae37d4904979ac6ad793acd39b8c772f	c714eddc07db28e201059dafb783f7c422e502762c8d6be69debb67032dc8fc1	65	false
widgets/cwt/org.eclipse.nebula.cwt/src/org/eclipse/nebula/cwt/animation/effects/AbstractEffect.java	c0e7106334d582170fea72f9c3fd00eacd0be7f175765e204ba5c0ec417a8338	c0e7106334d582170fea72f9c3fd00eacd0be7f175765e204ba5c0ec417a8338	30543eb7e149b1d6543eb08085c182ebd50cc94bae898a6b9ac69a870a65a828	40	false
widgets/cwt/org.eclipse.nebula.cwt/src/org/eclipse/nebula/cwt/animation/effects/Grow.java	92d975a77e1573517209da4d9700df72e8161772ff9fe11ff3c99b2b66b9c36f	92d975a77e1573517209da4d9700df72e8161772ff9fe11ff3c99b2b66b9c36f	521a2d1da76f63ac21daef9b28fd41d3164db57736238099e5853f16d3f30791	14	false
widgets/cwt/org.eclipse.nebula.cwt/src/org/eclipse/nebula/cwt/animation/effects/IEffect.java	849bc066479a6febb52fdb96061a47d7e82b8dacd4c0a86de7d2f5d624e0d9b8	849bc066479a6febb52fdb96061a47d7e82b8dacd4c0a86de7d2f5d624e0d9b8	d31d933bb7dd634e0f354a35d211b3da829b14a31dcdc04330cf7ade63c6cdae	0	false
widgets/cwt/org.eclipse.nebula.cwt/src/org/eclipse/nebula/cwt/animation/effects/MoveControl.java	61b955009e1f449e06dbfbdb9634282753a5d31bf2b1b36c67dcd063c12462b5	61b955009e1f449e06dbfbdb9634282753a5d31bf2b1b36c67dcd063c12462b5	6ab3a5da2f4a86a69821a0cf6f9dfbb38f13d3c6a316ca832fd917db3ff3403b	22	false
widgets/cwt/org.eclipse.nebula.cwt/src/org/eclipse/nebula/cwt/animation/effects/MoveScrollBar.java	0c099ed6a731c83cd894a8ce15da25ca0c617ff3293fa75d9aa74f356d1c6b42	0c099ed6a731c83cd894a8ce15da25ca0c617ff3293fa75d9aa74f356d1c6b42	c18c5cefbc1e3291efcb10265976a7e5716a717d4ac76f8dd0bb13e7ebdaf14b	26	false
widgets/cwt/org.eclipse.nebula.cwt/src/org/eclipse/nebula/cwt/animation/effects/Resize.java	0a09e6b3001611abdb70c46b3e58c53f0fb67b1bb0e4666053b901049b985e58	0a09e6b3001611abdb70c46b3e58c53f0fb67b1bb0e4666053b901049b985e58	81097cf92e284f789d7599693caba7aaedf0c5caae9616430722f1ad290da0d7	15	false
widgets/cwt/org.eclipse.nebula.cwt/src/org/eclipse/nebula/cwt/animation/effects/SetAlpha.java	3d2f4eecbc7a36b1e2c2299ab19278b75d313b23571b14217a8bbcf526a478ac	3d2f4eecbc7a36b1e2c2299ab19278b75d313b23571b14217a8bbcf526a478ac	c2d13ebcc55a2eacc65cba295b46b5948fd61833d977b8abfdfc78a052b70058	27	false
widgets/cwt/org.eclipse.nebula.cwt/src/org/eclipse/nebula/cwt/animation/effects/SetBounds.java	8ae25ae63951ae3595282961d21a53d123a5460266925c7523487151ab13d07a	8ae25ae63951ae3595282961d21a53d123a5460266925c7523487151ab13d07a	38626733add475f86d20d7b05b263887bf174e8efd82435f1249d21b04a72b90	11	false
widgets/cwt/org.eclipse.nebula.cwt/src/org/eclipse/nebula/cwt/animation/effects/Shake.java	21153dd12b5e43b18f36388b7be6b95fdbdf376fa0c13df2ade33d6eeda9b196	21153dd12b5e43b18f36388b7be6b95fdbdf376fa0c13df2ade33d6eeda9b196	22f393e0ff21863f76115347ecc2ad20b8c8ede53a0f36d79dec2c9d99ac4cc4	14	false
widgets/cwt/org.eclipse.nebula.cwt/src/org/eclipse/nebula/cwt/animation/movement/AbstractMovement.java	612163a19ad63c3210e6de7db9738b9bbd7175a20ca6193d73feb39861f487c9	612163a19ad63c3210e6de7db9738b9bbd7175a20ca6193d73feb39861f487c9	2d302efbe6f94c262d21e115ffc61a26ac902d8b12d6de67d90e3e3c18c1f7f5	4	false
widgets/cwt/org.eclipse.nebula.cwt/src/org/eclipse/nebula/cwt/animation/movement/BounceOut.java	102802055817f436c6d4ede003a7c16c67c572ec1c330a8167c8e7f78e74049e	102802055817f436c6d4ede003a7c16c67c572ec1c330a8167c8e7f78e74049e	9e15a165f712005d9a2297f502b1dcd2209e74886602c83f5dc7d646a218414b	17	false
widgets/cwt/org.eclipse.nebula.cwt/src/org/eclipse/nebula/cwt/animation/movement/ElasticOut.java	4b62861edc32e29d243781e77f3196a89f9e560e1a72382eb65a235add0fb13c	4b62861edc32e29d243781e77f3196a89f9e560e1a72382eb65a235add0fb13c	83501e8dc189cd0e843770191cc5ae67da1e0a385de71cea894390d03ebed13d	26	false
widgets/cwt/org.eclipse.nebula.cwt/src/org/eclipse/nebula/cwt/animation/movement/ExpoOut.java	4631ede019dc6b88e140515cd6867871ce6fdfb8cc64d69a2e2a17317b575d59	4631ede019dc6b88e140515cd6867871ce6fdfb8cc64d69a2e2a17317b575d59	b5bde6348fd694275241bc24d5348c8d6f0f7051ce1b4db330efc042e8164484	10	false
widgets/cwt/org.eclipse.nebula.cwt/src/org/eclipse/nebula/cwt/animation/movement/IMovement.java	e54037be81dbb6ad268af765dd69cbad8a14ab18cd5cabecc0a9c845918a8633	e54037be81dbb6ad268af765dd69cbad8a14ab18cd5cabecc0a9c845918a8633	b0c290be80093800369f8e294772994331580045d573e37f3fb2556a878329ea	0	false
widgets/cwt/org.eclipse.nebula.cwt/src/org/eclipse/nebula/cwt/animation/movement/LinearInOut.java	31975bbc5046b0ff9b065b7f2dca986eb2596859ea990687edfe5dfbf99be3fb	31975bbc5046b0ff9b065b7f2dca986eb2596859ea990687edfe5dfbf99be3fb	030f0ac2eafa737bbc4381d3c8987d0dcd48ab68770346b58e43d33d57253947	5	false
widgets/cwt/org.eclipse.nebula.cwt/src/org/eclipse/nebula/cwt/animation/movement/SinusDecreaseVariation.java	e867b18cee75cd2866216453f42e206e91d5bc05942eb4d8c002e7ba6a08617d	e867b18cee75cd2866216453f42e206e91d5bc05942eb4d8c002e7ba6a08617d	1af8f71868e22a442c4d00e076f519c506310f3829b4ba1ab77066ce8018a334	6	false
widgets/cwt/org.eclipse.nebula.cwt/src/org/eclipse/nebula/cwt/animation/movement/SinusVariation.java	6c79bc0eaa474a38898ed9ca5790fd55f487d25a207eca2802247e26869eebae	6c79bc0eaa474a38898ed9ca5790fd55f487d25a207eca2802247e26869eebae	849497e41b6a8a52f3777e0b9f8231113aa15c4c404c2c7c64224bd733fae432	6	false
widgets/cwt/org.eclipse.nebula.cwt/src/org/eclipse/nebula/cwt/base/BaseCombo.java	78d6a9d32cf3b2ce40c40729d577d0a688aa36fcb03113bdb8f1e624aa0f7760	78d6a9d32cf3b2ce40c40729d577d0a688aa36fcb03113bdb8f1e624aa0f7760	8c4de1d4b4b06b5960cf5343d725f3f52fd690f17a31d2452657af6be781de11	501	false
widgets/cwt/org.eclipse.nebula.cwt/src/org/eclipse/nebula/cwt/svg/SvgColors.java	07a58a8a6b0c2d81a551423526b2dfbddb3bf583d7b29973288904428409e408	07a58a8a6b0c2d81a551423526b2dfbddb3bf583d7b29973288904428409e408	589c7a9d20541996217924375867cf2c8b5d10e8339bedbb56977eac8d60e8b3	153	false
widgets/cwt/org.eclipse.nebula.cwt/src/org/eclipse/nebula/cwt/svg/SvgContainer.java	46bbf0abcf2a755f6ae0a78750a88a9bb3eaf53d79de618323641a453d72c964	46bbf0abcf2a755f6ae0a78750a88a9bb3eaf53d79de618323641a453d72c964	33c1fa05f71c5eedb191f5e89d07fc193737ef53c6bcedde5d3bb5a491eb439a	15	false
widgets/cwt/org.eclipse.nebula.cwt/src/org/eclipse/nebula/cwt/svg/SvgDocument.java	f50109d72effa8a4e4f09b7c9b337139a4c0349096e9e8d65ac1872effe8ad42	f50109d72effa8a4e4f09b7c9b337139a4c0349096e9e8d65ac1872effe8ad42	c4799d2b7061c199e9dd84581f1d2fb76ef73b1ffb868e8c9d786d5c312839e9	30	false
widgets/cwt/org.eclipse.nebula.cwt/src/org/eclipse/nebula/cwt/svg/SvgElement.java	606d3c3eb383eef29aaa79a7f1dee67bd1009cb599f7be2ec844ca531b34d368	606d3c3eb383eef29aaa79a7f1dee67bd1009cb599f7be2ec844ca531b34d368	9775ce78a6eb65792988e30be44f0e993be446a9e38b500512d71fdd15dd3b01	33	false
widgets/cwt/org.eclipse.nebula.cwt/src/org/eclipse/nebula/cwt/svg/SvgFill.java	58c66ed0d4b99234a76053ee980a6eaf12adbe9bcffa1500a00a08f792525464	58c66ed0d4b99234a76053ee980a6eaf12adbe9bcffa1500a00a08f792525464	260ca02e403ef7183852b410b568da7994e90d830c9ff041683d6051692737a0	12	false
widgets/cwt/org.eclipse.nebula.cwt/src/org/eclipse/nebula/cwt/svg/SvgFragment.java	f84c0125ca52f6774ffd65f4641ce109f36c4c180c9412170f573b36cdeca9c2	f84c0125ca52f6774ffd65f4641ce109f36c4c180c9412170f573b36cdeca9c2	e6dadc55eec2b60b0c44901791220bc763e0b3a3a91624b1c23aec2e0a603b84	53	false
widgets/cwt/org.eclipse.nebula.cwt/src/org/eclipse/nebula/cwt/svg/SvgGradient.java	d357ef972373908f667f97d3ec3146f1370c7ba704c01dcac88843946caacaed	d357ef972373908f667f97d3ec3146f1370c7ba704c01dcac88843946caacaed	017354213123c0ab3a1b579ac0207bb8efba27fe44098b0ed156b6c3838c4719	89	false
widgets/cwt/org.eclipse.nebula.cwt/src/org/eclipse/nebula/cwt/svg/SvgGradientStop.java	c74735f8103c663b9ee871e0fabbee4736c16bd477183c578d41ac5e208e02e7	c74735f8103c663b9ee871e0fabbee4736c16bd477183c578d41ac5e208e02e7	4f39a975fbaca49614d5a24c62e332cd97594a8ad6b6b46f7c19b3508ef22624	10	false
widgets/cwt/org.eclipse.nebula.cwt/src/org/eclipse/nebula/cwt/svg/SvgGraphic.java	6ce951389acc048e89b6cb8613ff4029f1065b0a85fd0648383398532c5b49d7	6ce951389acc048e89b6cb8613ff4029f1065b0a85fd0648383398532c5b49d7	60d0f4c14ec2477d7c4b7e1b5d81b588127b99fb0b7f902b2c9f478f19a3c73c	119	false
widgets/cwt/org.eclipse.nebula.cwt/src/org/eclipse/nebula/cwt/svg/SvgLoader.java	23d730f01826b3d5c3de5d9f5299f2db11574ae3c482956b20928aaa676f9a08	23d730f01826b3d5c3de5d9f5299f2db11574ae3c482956b20928aaa676f9a08	afd6da7a0a500f932b4701735805107f60c7ee51556c769e1dca709a2020533a	1244	false
widgets/cwt/org.eclipse.nebula.cwt/src/org/eclipse/nebula/cwt/svg/SvgPaint.java	95c3bf2cf5ca138f079d79239189dd836d2607f6c04c3fab03d031142e31991b	95c3bf2cf5ca138f079d79239189dd836d2607f6c04c3fab03d031142e31991b	8217a6c3286fd239433232577c04e700199b061008cb749044fc4bbdf1ba4b2d	25	false
widgets/cwt/org.eclipse.nebula.cwt/src/org/eclipse/nebula/cwt/svg/SvgShape.java	2378b0f17f0e9022dde3959b8a2cf6adf97c5db4c093c8aba85673d2c16c8fde	2378b0f17f0e9022dde3959b8a2cf6adf97c5db4c093c8aba85673d2c16c8fde	6711c16c4650c5849b646c9bbf3cefad5a9615febd2f3658c4702cfcad274cfc	150	false
widgets/cwt/org.eclipse.nebula.cwt/src/org/eclipse/nebula/cwt/svg/SvgStroke.java	471bea49312674909231f4a22d3fdcdfe2455acf0a3b763c6579843e308b3acd	471bea49312674909231f4a22d3fdcdfe2455acf0a3b763c6579843e308b3acd	0c32914ab0371ff037ecae501050b895e30a3668bf55ab3add8dd1aeb1faf154	14	false
widgets/cwt/org.eclipse.nebula.cwt/src/org/eclipse/nebula/cwt/svg/SvgStyle.java	328733e613b7c3bda5786eec61ec7643a4ffc4aca184273c595d57fa37055958	328733e613b7c3bda5786eec61ec7643a4ffc4aca184273c595d57fa37055958	30e8ef82f599feb49aca546ee1cedaf4f3a389c99605fc7d41ab2ad5738d9215	2	false
widgets/cwt/org.eclipse.nebula.cwt/src/org/eclipse/nebula/cwt/svg/SvgTransform.java	880c8e9f2e2af04e557136e4513f3ffdb8d39389dd3bc0984fbd0c820d7835cd	880c8e9f2e2af04e557136e4513f3ffdb8d39389dd3bc0984fbd0c820d7835cd	36a75722d97b5171d484231bf85903dc9b40a6fc182c8b8625aadbb204dd7504	68	false
widgets/cwt/org.eclipse.nebula.cwt/src/org/eclipse/nebula/cwt/svg/SvgUse.java	953bdc3ae2099a777a6756583d07b82be2a227e87859a8cfacceffe8c958668e	953bdc3ae2099a777a6756583d07b82be2a227e87859a8cfacceffe8c958668e	0bc35a73ae4d5399be5a45c4defd8748b5c4f54af926e41e9f479fe9e42e4bbc	28	false
widgets/cwt/org.eclipse.nebula.cwt/src/org/eclipse/nebula/cwt/v/IControlPainter.java	59af1d181209044f1338d49708d42f88a525e941fe8dc2e106b00f1faa896d7c	59af1d181209044f1338d49708d42f88a525e941fe8dc2e106b00f1faa896d7c	780c86a12d707059c1c16540034405ec29cacc168f7c71f1f8bd8d4f87213856	0	false
widgets/cwt/org.eclipse.nebula.cwt/src/org/eclipse/nebula/cwt/v/VButton.java	660b02cabfcc4bcfd7cfa79c29838bc5e82ded6f3e0d9d8d113a1352c23e24e7	660b02cabfcc4bcfd7cfa79c29838bc5e82ded6f3e0d9d8d113a1352c23e24e7	f4d77ba9de7b6568d05c6e7835c8c72c7a52c920d7a61c8fb54c4d561c3f4bb9	94	false
widgets/cwt/org.eclipse.nebula.cwt/src/org/eclipse/nebula/cwt/v/VButtonImageBak.java	4812036a725c5c63069ce56c00f4da7def17e127b9e8471c7ace2eb666f9939e	4812036a725c5c63069ce56c00f4da7def17e127b9e8471c7ace2eb666f9939e	387ae419680653f7399d13f02da8fbfacb99b2eb0dd2a952b96219ef6c303f7e	112	false
widgets/cwt/org.eclipse.nebula.cwt/src/org/eclipse/nebula/cwt/v/VButtonPainter.java	def89814a23a8c5a28bc266d0314f003a71ebb17043882471ee586e715ac91a4	def89814a23a8c5a28bc266d0314f003a71ebb17043882471ee586e715ac91a4	4c4eb314b128d7cfa5b92475cebf42c936c494effad0ce3a0b90a11bd9031115	32	false
widgets/cwt/org.eclipse.nebula.cwt/src/org/eclipse/nebula/cwt/v/VCanvas.java	a2a3ad2ef34d6cd6e66277c87ca951577b151ece512228316091ba15a1f38a48	a2a3ad2ef34d6cd6e66277c87ca951577b151ece512228316091ba15a1f38a48	8f2c4f103ff1ba42fd018aa42edba5dd4ad0eb656bc269c5f953b58d0c3d3cab	5	false
widgets/cwt/org.eclipse.nebula.cwt/src/org/eclipse/nebula/cwt/v/VControl.java	2e4714cd068e2c2ff24bd6bbfe6fd050f323c66b175ac39ce5767f003cafa300	2e4714cd068e2c2ff24bd6bbfe6fd050f323c66b175ac39ce5767f003cafa300	f364b3311287774611624865517129715d78b171a284588805dede45b3e3cda1	658	false
widgets/cwt/org.eclipse.nebula.cwt/src/org/eclipse/nebula/cwt/v/VControlPainter.java	e9e16e3db66fbdaf3ebed514a9c431746d3fe63dfd0bd96a161d652688effe1d	e9e16e3db66fbdaf3ebed514a9c431746d3fe63dfd0bd96a161d652688effe1d	df77f6bf547851b42e97a3201a2ab18f5137d911fad28c7725069464cc73954f	185	false
widgets/cwt/org.eclipse.nebula.cwt/src/org/eclipse/nebula/cwt/v/VCustom.java	55273a22795c1730f9fdba67ccab8e79a1d6feb6201efa90d0bf35d42b91384c	55273a22795c1730f9fdba67ccab8e79a1d6feb6201efa90d0bf35d42b91384c	67bb9d79d15033f437bbfda04c9b788dee588e35d66d8c717200f76a315232a1	30	false
widgets/cwt/org.eclipse.nebula.cwt/src/org/eclipse/nebula/cwt/v/VGridLayout.java	a552b53e9e40025c0e17adc54931403c5e95ee816c5a229ae466919b2b6f807d	a552b53e9e40025c0e17adc54931403c5e95ee816c5a229ae466919b2b6f807d	6617a30d7954fa38e6638d84aa5d8c4269dea61f2d6ea90711959aa7703588ec	255	false
widgets/cwt/org.eclipse.nebula.cwt/src/org/eclipse/nebula/cwt/v/VLabel.java	96f926d9a2a72fc9120e54d5880677bb95cdb0b83a42a50e50cd36a8a390917f	96f926d9a2a72fc9120e54d5880677bb95cdb0b83a42a50e50cd36a8a390917f	f1fadd7a98a4db53361329be824c7953b15d2d0e3c5d02be52bb80eb0ab5c9b8	16	false
widgets/cwt/org.eclipse.nebula.cwt/src/org/eclipse/nebula/cwt/v/VLabelPainter.java	300a9de4e76f00b65e3161b5d2a4c77e98f0f59e4dd050c889aab224c9a28c6d	300a9de4e76f00b65e3161b5d2a4c77e98f0f59e4dd050c889aab224c9a28c6d	99d87140a15aad517183fc811d0199ad79a6cb7f68b88f051ffdfa39c7b317c9	18	false
widgets/cwt/org.eclipse.nebula.cwt/src/org/eclipse/nebula/cwt/v/VLayout.java	ed035e69a625f5a2d42f3512f1ee003eab6356455881300e4e3ac875231b815e	ed035e69a625f5a2d42f3512f1ee003eab6356455881300e4e3ac875231b815e	41ac21544ba7fdd0380b471d146cb644d149e985bfee39ea5ee84cfc86c2eeac	0	false
widgets/cwt/org.eclipse.nebula.cwt/src/org/eclipse/nebula/cwt/v/VNative.java	6739a6b3addf4b241a6c1a8440a82feef18fb098a6ee6821c869a06988b7e2ff	6739a6b3addf4b241a6c1a8440a82feef18fb098a6ee6821c869a06988b7e2ff	07e25de840bad85b58878a7f766a54598ea8188be101283d006cd3f28a7d926e	83	false
widgets/cwt/org.eclipse.nebula.cwt/src/org/eclipse/nebula/cwt/v/VPanel.java	0a095ef5718a945fe29c3a093c26e9bedefc4cc6c48d2b33510423d18c28e4d4	0a095ef5718a945fe29c3a093c26e9bedefc4cc6c48d2b33510423d18c28e4d4	6dbbdc492215a0ae2b321e5e39b901103f65a993fa74bc84f77df69aea9961c6	176	false
widgets/cwt/org.eclipse.nebula.cwt/src/org/eclipse/nebula/cwt/v/VPanelPainter.java	45e96205f3ab2b3401f7c809a9212cf4cc1c32ad6e47031dd9c712714b0a1ce5	45e96205f3ab2b3401f7c809a9212cf4cc1c32ad6e47031dd9c712714b0a1ce5	710f9f7c9d0779456686ddfc77bd65e26758e2b2877ffa5afd6ec97e9a6c5c88	19	false
widgets/cwt/org.eclipse.nebula.cwt/src/org/eclipse/nebula/cwt/v/VSimpleLayout.java	87e6d5cc5d41ce4519fc260e91d9a48b1da2ecb211620a1a2759c19c33741a93	87e6d5cc5d41ce4519fc260e91d9a48b1da2ecb211620a1a2759c19c33741a93	f15a338b2b548bc53c988f81d85c9a3ca10a8509cf8e5a0cb0bae2efa8acb87a	17	false
widgets/cwt/org.eclipse.nebula.cwt/src/org/eclipse/nebula/cwt/v/VSpacer.java	af6e1aaa026123467698a389e317e12d98c951df2b444a8c4d9a88eb6a76aef9	af6e1aaa026123467698a389e317e12d98c951df2b444a8c4d9a88eb6a76aef9	f994ac8b40a090e58aa6390c5711e4ed1a4657a008021141ba6e689ad0def6b0	7	false
widgets/cwt/org.eclipse.nebula.cwt/src/org/eclipse/nebula/cwt/v/VStackLayout.java	48dc63cd992f5d33726042c76ccfbedd8e007a55059efa325c3870cac51d7027	48dc63cd992f5d33726042c76ccfbedd8e007a55059efa325c3870cac51d7027	5504414c09434c860c05375168271778abfa9b0d9c4522ddd0e5e90dcb1437d1	55	false
widgets/cwt/org.eclipse.nebula.cwt/src/org/eclipse/nebula/cwt/v/VTracker.java	b9ac03a9998b8d60272cefa800ce4f1c94051a6477b66b5d0977fc9266b5a470	b9ac03a9998b8d60272cefa800ce4f1c94051a6477b66b5d0977fc9266b5a470	9477f6ff2fe39e4203f3d3b4b01b32071864288360c87803a6cec4ca26fcc9ae	346	false
widgets/datechooser/org.eclipse.nebula.widgets.datechooser.example/src/org/eclipse/nebula/widgets/datechooser/example/DateChooserComboExampleTab.java	f22225f87c1176dbf6f7cfc1ac9896cf00791dd2a953961a8db29c96c59b6c6c	f22225f87c1176dbf6f7cfc1ac9896cf00791dd2a953961a8db29c96c59b6c6c	93adf4d5a7f7b26c37df700f17bebb85a2315f688690f5c63fbff88e9a620969	96	false
widgets/datechooser/org.eclipse.nebula.widgets.datechooser.example/src/org/eclipse/nebula/widgets/datechooser/example/DateChooserExampleTab.java	4183231037dc4320cc4c03b81c1c0c6f41c6b04f831ca51addf5faea6d62469b	4183231037dc4320cc4c03b81c1c0c6f41c6b04f831ca51addf5faea6d62469b	1da8e7c2f074b4e6b92c0dc76ea4c09b8ea369f30858b03072ab8c32e9077314	118	false
widgets/datechooser/org.eclipse.nebula.widgets.datechooser/src/org/eclipse/nebula/widgets/datechooser/AbstractCombo.java	9e16f91aeff399e65492aedf379937bfdf80d55f50d45c6e9b84fdce3dd559d4	9e16f91aeff399e65492aedf379937bfdf80d55f50d45c6e9b84fdce3dd559d4	d321635de2ae696dc7795278824f71ef5c8c3b97fa38e35d354cd15cae6784c1	509	false
widgets/datechooser/org.eclipse.nebula.widgets.datechooser/src/org/eclipse/nebula/widgets/datechooser/DateChooser.java	0cfc566a31b5926df9e6fab428462ed0a52f0dafc16dc8bc7f483d5d8a7e9621	0cfc566a31b5926df9e6fab428462ed0a52f0dafc16dc8bc7f483d5d8a7e9621	9d3ced36a73096044f6025d050271278852a2cb56816c69c2b26b61ec939f954	921	false
widgets/datechooser/org.eclipse.nebula.widgets.datechooser/src/org/eclipse/nebula/widgets/datechooser/DateChooserCombo.java	1457b1899beb469b7952e8ca80fc5cffe49a6cb41f4b402156365f71d4314bea	1457b1899beb469b7952e8ca80fc5cffe49a6cb41f4b402156365f71d4314bea	a1420fc10952e59fc165ab55a2040a81b07c76be2cd65020912f7ee724311af6	126	false
widgets/datechooser/org.eclipse.nebula.widgets.datechooser/src/org/eclipse/nebula/widgets/datechooser/DateChooserComboCellEditor.java	4b1f2c7b77110982fbf5b2a4e477b383ad65a84e0874eb62af07c83237cb5fea	4b1f2c7b77110982fbf5b2a4e477b383ad65a84e0874eb62af07c83237cb5fea	8de56f87fcdf67fc3e406d788eb87aed6320ecc91b56ceb8c230796e145ac65b	42	false
widgets/datechooser/org.eclipse.nebula.widgets.datechooser/src/org/eclipse/nebula/widgets/datechooser/DateChooserComboObservableValue.java	214569271eecdecc2bcf200a7cea97815e1fedf16d5418df51b25c79fc10a35b	214569271eecdecc2bcf200a7cea97815e1fedf16d5418df51b25c79fc10a35b	6f57fa4be3f7f39439a2f15f62c8d47bea7c0c9d12b58e8bf72f98e07f5339fb	48	false
widgets/datechooser/org.eclipse.nebula.widgets.datechooser/src/org/eclipse/nebula/widgets/datechooser/DateChooserObservableValue.java	1bee06300cb5f4eb1a4dcd8552a76c35d7753705496278a2e573262d89bdb76d	1bee06300cb5f4eb1a4dcd8552a76c35d7753705496278a2e573262d89bdb76d	e5f0a4a6f79deb9c6d9e8f55ca72fe113c9422f6d3aa949db6515fb34f5f54be	48	false
widgets/datechooser/org.eclipse.nebula.widgets.datechooser/src/org/eclipse/nebula/widgets/datechooser/DateChooserTheme.java	6cad3f18f69d585aefde7ef5e7625c0372f2a97fdb2fab8e2b9731dfa8456a38	6cad3f18f69d585aefde7ef5e7625c0372f2a97fdb2fab8e2b9731dfa8456a38	bd0681be3a0e75097973b551026a8bff69a3d2b51cd1b3f0e121d2a810e48786	276	false
widgets/effects/org.eclipse.nebula.effects.stw.example/src/org/eclipse/nebula/effects/stw/example/AbstractSTWDemoFrame.java	442784b4a2f4b14f6b1cee9385cd67a52476af02caeb8470798d21130f61d065	442784b4a2f4b14f6b1cee9385cd67a52476af02caeb8470798d21130f61d065	8bb6f0696e9ad3410f8f2dadb5019e0ce2387ac30540af9bce351393feda8ed3	44	false
widgets/effects/org.eclipse.nebula.effects.stw.example/src/org/eclipse/nebula/effects/stw/example/STWDemo.java	7c9aa98fd3ce57993181a90a4f19e7eed42e80be8e2efcb0f47e6efe294d8bbc	7c9aa98fd3ce57993181a90a4f19e7eed42e80be8e2efcb0f47e6efe294d8bbc	6653f172cb014ba8db6f52870232a548093a8557dd7e74b6954526e97410f89d	225	false
widgets/effects/org.eclipse.nebula.effects.stw.example/src/org/eclipse/nebula/effects/stw/example/STWExampleTab.java	a177594ec5f2d4a04e535186be841864c807834e105a120815c5a7893a7fc0a5	a177594ec5f2d4a04e535186be841864c807834e105a120815c5a7893a7fc0a5	7e18684d6b8bf09027f7a93c118418f18733b3bf4754db28f3e92455f9cafdbc	11	false
widgets/effects/org.eclipse.nebula.effects.stw.example/src/org/eclipse/nebula/effects/stw/example/TransitionTest.java	3bb5bdcaa720ab08e1b58c43d9063e50173e9c89fd1dbcd8dfa851bfd08668a9	3bb5bdcaa720ab08e1b58c43d9063e50173e9c89fd1dbcd8dfa851bfd08668a9	7d05c88f36964c03eeea12dd5c410e7ed14e61541a3a74bc2b93460abf04b780	17	false
widgets/effects/org.eclipse.nebula.effects.stw.example/src/org/eclipse/nebula/effects/stw/example/TransitionTest1.java	885cb4c3ffb14d6839966a09e9801d2196a0b056990a20777f6aade8d898662f	885cb4c3ffb14d6839966a09e9801d2196a0b056990a20777f6aade8d898662f	2ece508f0e4fba87208f5c3717dc306bfd83f3724d4ba87ca4464cc2ff7c5017	225	false
widgets/effects/org.eclipse.nebula.effects.stw.example/src/org/eclipse/nebula/effects/stw/example/TransitionTest2.java	a5c5a95075672b605a61766798c60dd3df27f554c7f3f0de31198c44109f6f0c	a5c5a95075672b605a61766798c60dd3df27f554c7f3f0de31198c44109f6f0c	2b0d2048268cbbf59fa4928d5edaf351369b76879ade591a93ae884b1a41d122	48	false
widgets/effects/org.eclipse.nebula.effects.stw/src/org/eclipse/nebula/effects/stw/ImageCapture.java	6ab169815c681f5279735e25b1b5b6af33577e5c1c8c9ce4824810a9e4fc6c79	6ab169815c681f5279735e25b1b5b6af33577e5c1c8c9ce4824810a9e4fc6c79	c18eee8b47db7816c5af3c8896b35cda3afa2448897cb672b528dae412308c4f	55	false
widgets/effects/org.eclipse.nebula.effects.stw/src/org/eclipse/nebula/effects/stw/ImageTransitionable.java	f03d25eccfd0e17aba71e6104889068b5b21ba37c86f1d2e3fd66ca5208bde90	f03d25eccfd0e17aba71e6104889068b5b21ba37c86f1d2e3fd66ca5208bde90	89ceeb48114054374214578c2dbf5f311655adde9b2acf235879fc6b47a6e894	0	false
widgets/effects/org.eclipse.nebula.effects.stw/src/org/eclipse/nebula/effects/stw/Transition.java	57042ee588466fef6ab0946b5e8fe5033564e5d12b104bdc1b88326a8b883419	57042ee588466fef6ab0946b5e8fe5033564e5d12b104bdc1b88326a8b883419	aeba75a77a6e02e39b4cdf11b4a0f34e26961a8d0a929947c602e6756155284a	125	false
widgets/effects/org.eclipse.nebula.effects.stw/src/org/eclipse/nebula/effects/stw/TransitionListener.java	6266b34e3d8765fc677025a5fab2814c25a4bc0f3a6a85afa449f509306cd658	6266b34e3d8765fc677025a5fab2814c25a4bc0f3a6a85afa449f509306cd658	3f28d72901bb219c1561aaddebc86a1643aae25aef25299a08d43cde63b2e3cd	0	false
widgets/effects/org.eclipse.nebula.effects.stw/src/org/eclipse/nebula/effects/stw/TransitionManager.java	548bd068ea11932125d4f68889976288a92329b4459532ae30dd1f1246c3bc20	548bd068ea11932125d4f68889976288a92329b4459532ae30dd1f1246c3bc20	5afc420af7a603242af671f324add99dd3d3ef0b3025e6425546e9303912d032	129	false
widgets/effects/org.eclipse.nebula.effects.stw/src/org/eclipse/nebula/effects/stw/Transitionable.java	604f4951918f7056d7f39655855dbecac8a3a17a457b15be553b00c11b670d10	604f4951918f7056d7f39655855dbecac8a3a17a457b15be553b00c11b670d10	6fc21875a51e12a09975a8ebae36d192276a21a35bc69de5b48f42bc20a64cc2	0	false
widgets/effects/org.eclipse.nebula.effects.stw/src/org/eclipse/nebula/effects/stw/transitions/CubicRotationTransition.java	771a05c58c0d52e6145d86d109b5b826309cfd217f43fec9444f47866e821e52	771a05c58c0d52e6145d86d109b5b826309cfd217f43fec9444f47866e821e52	a5dd75a75ccf1483ef7f81a4327eca82c1cf78659eeb6aa8b4dec88e5c7e9a8f	308	false
widgets/effects/org.eclipse.nebula.effects.stw/src/org/eclipse/nebula/effects/stw/transitions/FadeTransition.java	f1e623a1a8621dd119e757ee2b6ef0703bc08ed9700cc3b6813eb107fb760574	f1e623a1a8621dd119e757ee2b6ef0703bc08ed9700cc3b6813eb107fb760574	c77af23d238e9c538a3810a50d7dcccd77e5dee3e310c11377e5e164dbd6442f	81	false
widgets/effects/org.eclipse.nebula.effects.stw/src/org/eclipse/nebula/effects/stw/transitions/SlideTransition.java	a9581de254e3a44d2aa285c44d203a16047f1b1657dfe7f9285782513aa81985	a9581de254e3a44d2aa285c44d203a16047f1b1657dfe7f9285782513aa81985	7cee3ddde4d960bb4e2976b58982efb8b73849d9628096fb37fd06309c1aab8b	92	false
widgets/floatingtext/org.eclipse.nebula.widgets.floatingtext.snippets/src/org/eclipse/nebula/widgets/floatingtext/snippets/FloatingTextSnippet.java	d9bb2f7f20f138a1c8737f593de460762ef428ab73be0d381c321b9b5d63b143	d9bb2f7f20f138a1c8737f593de460762ef428ab73be0d381c321b9b5d63b143	66508baaf43e35c97198cd2bfb4500fd646dbf22a3600b05062b4e8ac8499466	101	false
widgets/floatingtext/org.eclipse.nebula.widgets.floatingtext.snippets/src/org/eclipse/nebula/widgets/floatingtext/snippets/FloatingTextSnippetSimple.java	df4d9b860f49d0d8f3e1b1e43b0441c75429795a0e9f1db45c376c070bab8179	df4d9b860f49d0d8f3e1b1e43b0441c75429795a0e9f1db45c376c070bab8179	67682cdbdc932519e5771f0185e23bcd61b46a3c432b19a0b3ce45a7a1ab7c3c	27	false
widgets/floatingtext/org.eclipse.nebula.widgets.floatingtext/src/org/eclipse/nebula/widgets/floatingtext/FloatingText.java	1ac6e60cd867209d80f5af7b3dbdc94a0be134dfd62566a893cfeeb0c5a30f5a	1ac6e60cd867209d80f5af7b3dbdc94a0be134dfd62566a893cfeeb0c5a30f5a	8535513b976605bcef14cffb648418632b074437bf1496528485c2259c0aa503	157	false
widgets/fontawesome/org.eclipse.nebula.widgets.fontawesome.snippets/src/org/eclipse/nebula/widgets/fontawesome/FontAwesomeSnippet.java	d91dd87427e4a4ffbf1abf5bb3d4290b48f0f368eaf5e6010fde5adf3c77939c	d91dd87427e4a4ffbf1abf5bb3d4290b48f0f368eaf5e6010fde5adf3c77939c	c9567ddd6759212f92fa27b262f84285332ecdeb2b953b377f464b5dbb58f5b2	29	false
widgets/fontawesome/org.eclipse.nebula.widgets.fontawesome.snippets/src/org/eclipse/nebula/widgets/fontawesome/FontAwesomeSnippet2.java	e3d083ef05bd614768690a879318d437c0eaa3ad6c321d3bc8068e114fd35e22	e3d083ef05bd614768690a879318d437c0eaa3ad6c321d3bc8068e114fd35e22	8e1a5ba30dcd000f0aa979c1a7bd527de56f8f2194656e630de3232108b9cb27	42	false
widgets/fontawesome/org.eclipse.nebula.widgets.fontawesome.snippets/src/org/eclipse/nebula/widgets/fontawesome/FontAwesomeSnippet3.java	d5755fd87716fee268ea7f198ad597a0d2a372bae3e3b951e82eb6ec42d4e9ec	d5755fd87716fee268ea7f198ad597a0d2a372bae3e3b951e82eb6ec42d4e9ec	d85c1daab831afbd7ad3111de6ab5c34dcac87388531d0d175c3b2b14633e952	70	false
widgets/fontawesome/org.eclipse.nebula.widgets.fontawesome/src/org/eclipse/nebula/widgets/fontawesome/FontAwesome.java	ad4ef09f92e4d62359d06452152c5809f7c6da7ca9a4005e03c59b4c6adbb954	ad4ef09f92e4d62359d06452152c5809f7c6da7ca9a4005e03c59b4c6adbb954	08be160465978be6546212fc3bab8acfb27c79aa01de36aa2b7314d444bbb856	60	false
widgets/formattedtext/org.eclipse.nebula.widgets.formattedtext.tests/src/org/eclipse/nebula/widgets/formattedtext/Bug459484Test.java	cb1063de5f10d3bbd9321be1a7fb1191a802e967e9bfea4ed1eb395a0257a31a	cb1063de5f10d3bbd9321be1a7fb1191a802e967e9bfea4ed1eb395a0257a31a	f16a50fe21914a8b827e280d78cfff111bf04e31f040d94787b23891ebe58358	24	false
widgets/formattedtext/org.eclipse.nebula.widgets.formattedtext.tests/src/org/eclipse/nebula/widgets/formattedtext/IPAddressFormatterSnippet.java	c622673b0010ab7ec05cf40d7e007732f635f81f5e0af810663282b9262d4c56	c622673b0010ab7ec05cf40d7e007732f635f81f5e0af810663282b9262d4c56	e731231cda1d29f4b293b199feb80e97fca9030335ad7ac1763a1de1964f4887	22	false
widgets/formattedtext/org.eclipse.nebula.widgets.formattedtext/src/org/eclipse/nebula/widgets/formattedtext/AbstractFormatter.java	76a23e112a805dc11417b29ec10da5fce027fb0755658b51285d797b398fa5e9	76a23e112a805dc11417b29ec10da5fce027fb0755658b51285d797b398fa5e9	a0f4ec3917b92216bdc56a010a03ea0f63e7b01e292af2e1dbfd961408f7e707	26	false
widgets/formattedtext/org.eclipse.nebula.widgets.formattedtext/src/org/eclipse/nebula/widgets/formattedtext/BigDecimalFormatter.java	0f186f3787e01d380f85106ededfa04a4f6d26d0d71b00ede01db8c3b0b86c93	0f186f3787e01d380f85106ededfa04a4f6d26d0d71b00ede01db8c3b0b86c93	1f654bfdd7bc72772ef235e2288f8c88cd6af0532ef0d813746e20c16a505ee4	28	false
widgets/formattedtext/org.eclipse.nebula.widgets.formattedtext/src/org/eclipse/nebula/widgets/formattedtext/BigIntegerFormatter.java	92a501250f11697c2ae26d4d63da50ee3750216ab31a6fac4c93107f1aed3b21	92a501250f11697c2ae26d4d63da50ee3750216ab31a6fac4c93107f1aed3b21	ff5cb08409e83af254123a59fffaa19fd9031b8ce29406cb7bda14ea0871f0b5	24	false
widgets/formattedtext/org.eclipse.nebula.widgets.formattedtext/src/org/eclipse/nebula/widgets/formattedtext/DateFormatter.java	13e35782cee42c718c83c6a277f208e1ca3373bcdd47f1e6656f5c554523fbd0	13e35782cee42c718c83c6a277f208e1ca3373bcdd47f1e6656f5c554523fbd0	63bc89171062bd1537b5820a122e4a339f2f1daeb423510281ad2d94e15ba1ef	52	false
widgets/formattedtext/org.eclipse.nebula.widgets.formattedtext/src/org/eclipse/nebula/widgets/formattedtext/DateTimeFormatter.java	3829ff3c864fbd659b2e2de8a0b8bbe3a526537ae70eabb60e2e5e92b6020883	3829ff3c864fbd659b2e2de8a0b8bbe3a526537ae70eabb60e2e5e92b6020883	5ab775663177547b756a025f68c446ec24891d0ef95bea9054bdf2429fb2f1ce	586	false
widgets/formattedtext/org.eclipse.nebula.widgets.formattedtext/src/org/eclipse/nebula/widgets/formattedtext/DefaultFormatterFactory.java	d08444ddaa08541306cea02079bfee5c9717ee847a0ec46dbb2f95d6f4d9a18d	d08444ddaa08541306cea02079bfee5c9717ee847a0ec46dbb2f95d6f4d9a18d	e31522091e9485e07b20b48b0c012abe5d723601044515b4d0ffaa553acf29b2	36	false
widgets/formattedtext/org.eclipse.nebula.widgets.formattedtext/src/org/eclipse/nebula/widgets/formattedtext/DoubleFormatter.java	fecc936aab3e8c7e39db3473e44d3b0c0dc07676098e9dbf0603b4edc2ad10a2	fecc936aab3e8c7e39db3473e44d3b0c0dc07676098e9dbf0603b4edc2ad10a2	9a11b30a3fc0835506ff9d33c7ac3e84e8733364619705b01219171acf31ce27	20	false
widgets/formattedtext/org.eclipse.nebula.widgets.formattedtext/src/org/eclipse/nebula/widgets/formattedtext/FloatFormatter.java	9882629a7b82a49494069d66a86d43d6720bf40a4ec09c79d8b258528d94e4d6	9882629a7b82a49494069d66a86d43d6720bf40a4ec09c79d8b258528d94e4d6	1faba5a41fe2e47fb44095305b32107b14b5da2ed578eb241181e4dcd85de619	20	false
widgets/formattedtext/org.eclipse.nebula.widgets.formattedtext/src/org/eclipse/nebula/widgets/formattedtext/FormattedText.java	39c2ca6de4d0b1894d7d074f7d9159b8695591f0635d38b4c852b27f3ca5e757	39c2ca6de4d0b1894d7d074f7d9159b8695591f0635d38b4c852b27f3ca5e757	3c63c6965c530e191b19316a632941b821895a0caeb2829b37703651cddd981c	81	false
widgets/formattedtext/org.eclipse.nebula.widgets.formattedtext/src/org/eclipse/nebula/widgets/formattedtext/FormattedTextCellEditor.java	5362c6de27f6d029eae53fe016ebbab018d921c3a0d80ef650173a90a5b8e000	5362c6de27f6d029eae53fe016ebbab018d921c3a0d80ef650173a90a5b8e000	53f73b5e6e8bef81b4f2eb5cb2dd1f37791918a8810aa0fb69657ba735128e28	16	false
widgets/formattedtext/org.eclipse.nebula.widgets.formattedtext/src/org/eclipse/nebula/widgets/formattedtext/FormattedTextObservableValue.java	47f6689cd5676ae301b51531d54d1cd31ace57bed7396b45d874215ba6306335	47f6689cd5676ae301b51531d54d1cd31ace57bed7396b45d874215ba6306335	eaf72fbfafacfdf94f350452454ddec52d6e54dc748560912a4fff974805b913	52	false
widgets/formattedtext/org.eclipse.nebula.widgets.formattedtext/src/org/eclipse/nebula/widgets/formattedtext/IPAddressFormatter.java	9d544eedb867da879e69f282610816274f89fa37eb47c44a1213c3dcb247255c	9d544eedb867da879e69f282610816274f89fa37eb47c44a1213c3dcb247255c	ff3ef947f3f821da3e9846f64879ce4d3afab4b42be98f861d4156066d7008d3	220	false
widgets/formattedtext/org.eclipse.nebula.widgets.formattedtext/src/org/eclipse/nebula/widgets/formattedtext/ITextFormatter.java	eca7afe0a80edf5964aae62ecd114350227ebabdceec4ea4f3e0775523175093	eca7afe0a80edf5964aae62ecd114350227ebabdceec4ea4f3e0775523175093	d9ab6fc5b59f570188e12dbeb1aecfbaa4529672ba5a0a33f5a37518d106fc5e	0	false
widgets/formattedtext/org.eclipse.nebula.widgets.formattedtext/src/org/eclipse/nebula/widgets/formattedtext/IntegerFormatter.java	468f3ed8daf8d9676eb06195215c643c2f3ee6566bb66febe7baa85d1e5de5cb	468f3ed8daf8d9676eb06195215c643c2f3ee6566bb66febe7baa85d1e5de5cb	2f47e44f1c050a8c34cd17c87186e313c411e6cd4ebf964428e3a8c16b03429a	20	false
widgets/formattedtext/org.eclipse.nebula.widgets.formattedtext/src/org/eclipse/nebula/widgets/formattedtext/LongFormatter.java	4beac0de2c17f6792436d8ed893afd7e71a55b99abe6d60e8aa48b501e13f15b	4beac0de2c17f6792436d8ed893afd7e71a55b99abe6d60e8aa48b501e13f15b	561c0cf8d1a8bb0f558fdc7a9308d985ebeaaba486437ba39feee1217aea22b0	20	false
widgets/formattedtext/org.eclipse.nebula.widgets.formattedtext/src/org/eclipse/nebula/widgets/formattedtext/MaskFormatter.java	95917a6d0245aa3541254427573a9912752b0de4ac82c2a09798bab594a2e8b9	95917a6d0245aa3541254427573a9912752b0de4ac82c2a09798bab594a2e8b9	a3af7c1c67cd1804ae21ed226652e8b1e6b67c8fb2608af2a1040ab07e3497e0	162	false
widgets/formattedtext/org.eclipse.nebula.widgets.formattedtext/src/org/eclipse/nebula/widgets/formattedtext/NumberFormatter.java	9deac163f3553904492da0e267f541e63401f14739c3b72268ed3dad02acb337	9deac163f3553904492da0e267f541e63401f14739c3b72268ed3dad02acb337	4a7932a309f9b0fc98697f179c0c315b35584ba4c24390db32f49a93105d899e	410	false
widgets/formattedtext/org.eclipse.nebula.widgets.formattedtext/src/org/eclipse/nebula/widgets/formattedtext/PercentFormatter.java	135c870ceb1bf368a416e52ee84f08aaad7e7d776d53ee42b577a07bbf1f1540	135c870ceb1bf368a416e52ee84f08aaad7e7d776d53ee42b577a07bbf1f1540	69ce76642887a183e494eb3904d6d38b0cf96fe5b9fe5e6392fc6f2d3fbf2ac5	30	false
widgets/formattedtext/org.eclipse.nebula.widgets.formattedtext/src/org/eclipse/nebula/widgets/formattedtext/ShortFormatter.java	bf22516f8da601be3e7d4c2f6ce5c9a6c172b3d4184da3f184560e48a5ecc766	bf22516f8da601be3e7d4c2f6ce5c9a6c172b3d4184da3f184560e48a5ecc766	8b687187f7742e1a945b48cdc1ad1dfd65f7c3c3a28917d13d650ed8afc3d934	24	false
widgets/formattedtext/org.eclipse.nebula.widgets.formattedtext/src/org/eclipse/nebula/widgets/formattedtext/StringFormatter.java	755e41a28f24f6e4c44cadfb1e7692e723d0fbe50176be21d1244fc2b12c000f	755e41a28f24f6e4c44cadfb1e7692e723d0fbe50176be21d1244fc2b12c000f	88984086c85b689ca2840845314f019c54e38946e085a23450d2daf1f4ac0175	18	false
widgets/formattedtext/org.eclipse.nebula.widgets.formattedtext/src/org/eclipse/nebula/widgets/formattedtext/TimeFormatter.java	1900423c55575002f611a3ba00b1a03e0f87951a564e0853244bd632983e8a0f	1900423c55575002f611a3ba00b1a03e0f87951a564e0853244bd632983e8a0f	b23a03c78e7ae36d2c58c421c87ff3c4df375bc98f66f09496b58ad3162a5c61	44	false
widgets/gallery/org.eclipse.nebula.widgets.gallery.example/src/org/eclipse/nebula/widgets/gallery/example/AnimationExampleTab.java	2a110c31d8ead367eb14f460e435d489c167bb9858fe635b5dde768854a56759	2a110c31d8ead367eb14f460e435d489c167bb9858fe635b5dde768854a56759	3277652f8274491fd03fef50709873ab81281653a305d4f00ee52c749b558d42	20	false
widgets/gallery/org.eclipse.nebula.widgets.gallery.example/src/org/eclipse/nebula/widgets/gallery/example/GalleryExampleTab.java	4113bf841c8384f792759a4fe95129056a7b40188007881f344375214862b15d	4113bf841c8384f792759a4fe95129056a7b40188007881f344375214862b15d	0df3a76c4d3ab0998188ece8edb568c3a453533a6bd0a3fcf01c80ad40ee27c0	318	false
widgets/gallery/org.eclipse.nebula.widgets.gallery.tests/src/org/eclipse/nebula/widgets/gallery/tests/AllTests.java	b4dfc687103d8bf1d05f01a9a163e55c142f37a01864a6e54412f8954de67443	b4dfc687103d8bf1d05f01a9a163e55c142f37a01864a6e54412f8954de67443	813fa15e5dd24899b7749cb7cf049e7a10e18f6bd10322157390faad270a934f	10	false
widgets/gallery/org.eclipse.nebula.widgets.gallery.tests/src/org/eclipse/nebula/widgets/gallery/tests/Bug212182Test.java	8ea7eb2e9949d5372f9b0ec69fb923381c95c6eb47d7165ee503973576465929	8ea7eb2e9949d5372f9b0ec69fb923381c95c6eb47d7165ee503973576465929	00b79b267a4437260c6d3b2c98aa0ae31c29a514e1f3d50d9ff21468b8aae39c	34	false
widgets/gallery/org.eclipse.nebula.widgets.gallery.tests/src/org/eclipse/nebula/widgets/gallery/tests/Bug216204Test.java	5ea993554b6793dd0e8c1d225168dccc8de2affcecb55a8afc6dc491df0bb12d	5ea993554b6793dd0e8c1d225168dccc8de2affcecb55a8afc6dc491df0bb12d	78aaade16cdd97f3d8e9662292d6578386cc79ebc06cf761bd6f5a129e902de1	86	false
widgets/gallery/org.eclipse.nebula.widgets.gallery.tests/src/org/eclipse/nebula/widgets/gallery/tests/Bug217988Test.java	4d2405a0b077067d0bbb1b3efdf9201abe62c6d577143bf2295777e97ae09687	4d2405a0b077067d0bbb1b3efdf9201abe62c6d577143bf2295777e97ae09687	b181abb9e226ef667f6c94e2371e50368e7a3265976e5820e9ab65cd88a51158	58	false
widgets/gallery/org.eclipse.nebula.widgets.gallery.tests/src/org/eclipse/nebula/widgets/gallery/tests/Bug276435Test.java	490c4293be8705a26847fc30def8d0c947ad927e1ff9061e3aef241e97e78897	490c4293be8705a26847fc30def8d0c947ad927e1ff9061e3aef241e97e78897	c42b1b17f6cde89f2ed318454bab490feaf43884bfdafe02ba39d5dc0978165f	27	false
widgets/gallery/org.eclipse.nebula.widgets.gallery.tests/src/org/eclipse/nebula/widgets/gallery/tests/Bug280635Test.java	287747890017dfe3e0578418d8446889030d8f20727baafce1ea1c95a6c69aec	287747890017dfe3e0578418d8446889030d8f20727baafce1ea1c95a6c69aec	f9d264a8bdf817477ce07b5d5a87698ad6d7cd4e9ca24f1b68d3af5691d60487	65	false
widgets/gallery/org.eclipse.nebula.widgets.gallery.tests/src/org/eclipse/nebula/widgets/gallery/tests/GalleryTest.java	90c9fe688115baa7f87e44efa47f5a65ea14a9e2f229da09c821f8e34ce8f9a8	90c9fe688115baa7f87e44efa47f5a65ea14a9e2f229da09c821f8e34ce8f9a8	a63f8c18aca5214576a40ebc85bd210c194c1fc5e400986210d4ce8444869afd	91	false
widgets/gallery/org.eclipse.nebula.widgets.gallery.tests/src/org/eclipse/nebula/widgets/gallery/tests/GalleryVirtualBehaviorTest.java	950d4708d10e8fd636e9b724035d09b32e135d57f98560485e0b6cf7468ab3e5	950d4708d10e8fd636e9b724035d09b32e135d57f98560485e0b6cf7468ab3e5	d9e793770b61a623d54b9168a50b523fc4e6ee9529a5a76924267bb2b7090673	74	false
widgets/gallery/org.eclipse.nebula.widgets.gallery/src/org/eclipse/nebula/animation/AnimationRunner.java	bbfb75005df350c6fa956eaf9268c8d92ede43137f99a80646eb8ffb9a2f7b42	bbfb75005df350c6fa956eaf9268c8d92ede43137f99a80646eb8ffb9a2f7b42	9300d8bd119b450b9dc962a113e858457c0dec8f72d2b14d50bdcdcbbfa1175a	35	false
widgets/gallery/org.eclipse.nebula.widgets.gallery/src/org/eclipse/nebula/animation/ScrollingSmoother.java	16b5ba2ed15a6f4dc34fe67567d88fb1daae37b32032a2a30c74d14ec6bee0e0	16b5ba2ed15a6f4dc34fe67567d88fb1daae37b32032a2a30c74d14ec6bee0e0	43cab9b3633f96e2d8a2c15bad0b34475955ce55d8d583afac9e324e40adc644	61	false
widgets/gallery/org.eclipse.nebula.widgets.gallery/src/org/eclipse/nebula/animation/effects/AbstractEffect.java	3ba0a2bb63b7dcf514173827d682961e16ef2b04d752c6a92c24438985fadd66	3ba0a2bb63b7dcf514173827d682961e16ef2b04d752c6a92c24438985fadd66	e9e5aad885a028bbace2e623d49aff3d91b7a8492d6a55b8c69797f78232447d	38	false
widgets/gallery/org.eclipse.nebula.widgets.gallery/src/org/eclipse/nebula/animation/effects/AlphaEffect.java	42e1511c498c9489b8764144ea5fa0f0876f834443dd948b340486e705920ec3	42e1511c498c9489b8764144ea5fa0f0876f834443dd948b340486e705920ec3	54628dc46e869ec756d257a04ffe967f8f5e106e73aaa242808bec54c36d11d0	29	false
widgets/gallery/org.eclipse.nebula.widgets.gallery/src/org/eclipse/nebula/animation/effects/CrossFadeEffect.java	7a1e81d49d56e2a1129e6f8b926ebcf4055c31e93d0b1dab70918d784ca814f1	7a1e81d49d56e2a1129e6f8b926ebcf4055c31e93d0b1dab70918d784ca814f1	e845dc1be2170f0d1b0695875865add894c124e447cdc39c0fcfb25a43fa28eb	39	false
widgets/gallery/org.eclipse.nebula.widgets.gallery/src/org/eclipse/nebula/animation/effects/GrowEffect.java	5a79cd93969022416c4e6b6e2a431c9f84c4aafc2cf0b0c90a50e8956cf97048	5a79cd93969022416c4e6b6e2a431c9f84c4aafc2cf0b0c90a50e8956cf97048	7a90c8140cd1d287160be3632f5193705cf97d51140776bb7f3b3d0c1ab28a0f	14	false
widgets/gallery/org.eclipse.nebula.widgets.gallery/src/org/eclipse/nebula/animation/effects/IEffect.java	c800954364baf1e9f62b78f6e739fb6badf877469a2bd3ba39536c872ad34d61	c800954364baf1e9f62b78f6e739fb6badf877469a2bd3ba39536c872ad34d61	ad9e20018653e33aa03cd19247cd9e99797332b42646ddf9ac46cc167c6d8503	0	false
widgets/gallery/org.eclipse.nebula.widgets.gallery/src/org/eclipse/nebula/animation/effects/MoveControlEffect.java	89c922910dd69e43d4b097e029d9df4e9f9488c31e7bb6990191af3cea4ad2c2	89c922910dd69e43d4b097e029d9df4e9f9488c31e7bb6990191af3cea4ad2c2	44062458652e9587515e666eade58464f7a2f84961bdb3e85147ef7ff6f04430	22	false
widgets/gallery/org.eclipse.nebula.widgets.gallery/src/org/eclipse/nebula/animation/effects/MoveScrollBarEffect.java	85920b307981c33ab92c99f49fce2f77ac259b83fd765f1d3ac91a7bac8e9c20	85920b307981c33ab92c99f49fce2f77ac259b83fd765f1d3ac91a7bac8e9c20	6d49590be14159436233cdd091ede02124b1278cd3fd2aa7d017832984db3f9a	26	false
widgets/gallery/org.eclipse.nebula.widgets.gallery/src/org/eclipse/nebula/animation/effects/ParallelEffect.java	22b3ea038e4c9a151da49074a31d20434799e0cbb8534fc235189ea2795e2e99	22b3ea038e4c9a151da49074a31d20434799e0cbb8534fc235189ea2795e2e99	82240bca266fbc0d99540fcfbf89d2a0bd5c01dcddb90edf7b2c1b67e8e33daf	58	false
widgets/gallery/org.eclipse.nebula.widgets.gallery/src/org/eclipse/nebula/animation/effects/ResizeEffect.java	fcb6186a8bf2e2c672c5d9b1b7d5f712a32f4914b847bcc1c3beb989ab5c44d0	fcb6186a8bf2e2c672c5d9b1b7d5f712a32f4914b847bcc1c3beb989ab5c44d0	7163d9d1aebd7fcc371d1b2f5b7b50445cbac3cf41458da7ba3359a27ec4a220	15	false
widgets/gallery/org.eclipse.nebula.widgets.gallery/src/org/eclipse/nebula/animation/effects/SequenceEffect.java	5ecfbbbf4ca00215d9576a3e40953ea4c1f3b0880904fa6c4679ce7b511c12f5	5ecfbbbf4ca00215d9576a3e40953ea4c1f3b0880904fa6c4679ce7b511c12f5	5d30c9ca219bafe0ce4ca1b5d20d931fd007b9b8bfeca0cb4c84c1aaae760cc5	41	false
widgets/gallery/org.eclipse.nebula.widgets.gallery/src/org/eclipse/nebula/animation/effects/SetBoundsEffect.java	0311d54d6338897074283457e4101ea356c0e8f2ff8e502c522ed1e8b6aff786	0311d54d6338897074283457e4101ea356c0e8f2ff8e502c522ed1e8b6aff786	035185d3967a94ace99faa3b2fb547da3e243fdcb714ab3794790918b0ef8415	11	false
widgets/gallery/org.eclipse.nebula.widgets.gallery/src/org/eclipse/nebula/animation/effects/SetColorEffect.java	e501a645c38e9af131c776aa54543bb1bdee1026cbc531f99f788df9dd847055	e501a645c38e9af131c776aa54543bb1bdee1026cbc531f99f788df9dd847055	c901f6b5dacda7840e09391c21bd164e6c36040f428db7150d05e5d0d4561d9f	28	false
widgets/gallery/org.eclipse.nebula.widgets.gallery/src/org/eclipse/nebula/animation/effects/ShakeEffect.java	b0589dee039fb38938cc30127532b8a52c6b49cc19fab8895fc05983f471f1af	b0589dee039fb38938cc30127532b8a52c6b49cc19fab8895fc05983f471f1af	48b7c40b39c6f29f19f415f8d34c78bf928ccbcff4bc09415dfc24e909c0a08d	14	false
widgets/gallery/org.eclipse.nebula.widgets.gallery/src/org/eclipse/nebula/animation/movement/AbstractMovement.java	46b006fe1b5e455220d59a4998364e84c0de6ffcf6310a59cbea28d67d83cdc1	46b006fe1b5e455220d59a4998364e84c0de6ffcf6310a59cbea28d67d83cdc1	2d70c291b09fbfc0e56011ede9aada02ee757efbf397d98383992d61e99e05e6	4	false
widgets/gallery/org.eclipse.nebula.widgets.gallery/src/org/eclipse/nebula/animation/movement/BounceOut.java	f7325fc2f4002aaf1a7cb4a48ac621c519e76cb22b7db10be350471b6671c47e	f7325fc2f4002aaf1a7cb4a48ac621c519e76cb22b7db10be350471b6671c47e	f9adf897322122ec3686e4a99abbadf2cd367ecdc5e9dd4c7c1967e45d2cdae9	17	false
widgets/gallery/org.eclipse.nebula.widgets.gallery/src/org/eclipse/nebula/animation/movement/ElasticOut.java	b520e7e66f5f8d62ca72da8dae9827f20d967925ccc7e1b38126a7eddbd92740	b520e7e66f5f8d62ca72da8dae9827f20d967925ccc7e1b38126a7eddbd92740	fdbaaacced31d2a6aacea403b39db5225b0f797c0ceca570998525c0a19f3c26	26	false
widgets/gallery/org.eclipse.nebula.widgets.gallery/src/org/eclipse/nebula/animation/movement/ExpoOut.java	0fa1858752c7101ad6ff34bdf3b9d4becb770ab874c634f82f0dff21db77d3b4	0fa1858752c7101ad6ff34bdf3b9d4becb770ab874c634f82f0dff21db77d3b4	9a1263b386c57e9dcdb8d8555a6b6d584b4b0f970b89a8b907914cf5661e7608	10	false
widgets/gallery/org.eclipse.nebula.widgets.gallery/src/org/eclipse/nebula/animation/movement/IMovement.java	7ae9f0862e83f1e153f6420ae8c1f0502fdc3272c79b07c5e6184a65e3d2481f	7ae9f0862e83f1e153f6420ae8c1f0502fdc3272c79b07c5e6184a65e3d2481f	01ba1d7c407bda78abb564dc7704631627470903c5225d157129aaa211572272	0	false
widgets/gallery/org.eclipse.nebula.widgets.gallery/src/org/eclipse/nebula/animation/movement/LinearInOut.java	9a9422857f43d9773a3453f446f34a4b985c137e2feb3b8e31e17e892e6b726c	9a9422857f43d9773a3453f446f34a4b985c137e2feb3b8e31e17e892e6b726c	500df9ebee9c9a883e013ccec523112638334f9c9c2ad461998fb6b08b879234	5	false
widgets/gallery/org.eclipse.nebula.widgets.gallery/src/org/eclipse/nebula/animation/movement/QuartIn.java	9631e992281014de6affa600e07613d9988eaf79c16c714b515c64bacc4e27d1	9631e992281014de6affa600e07613d9988eaf79c16c714b515c64bacc4e27d1	ad18dfe31571ffa19c7e5b8a0795410076f2f825ba8302589ccabc67dab475a3	4	false
widgets/gallery/org.eclipse.nebula.widgets.gallery/src/org/eclipse/nebula/animation/movement/QuartInOut.java	98f1ccaad59c8fd05ec2ca819d68679c3af45854c8cc3d1f12f114b4d845923c	98f1ccaad59c8fd05ec2ca819d68679c3af45854c8cc3d1f12f114b4d845923c	45f947a0ca4a4badaf1a0bbb03f24d444e8a5263a0008e32a9a64f97f1004ace	7	false
widgets/gallery/org.eclipse.nebula.widgets.gallery/src/org/eclipse/nebula/animation/movement/QuartOut.java	5b5e11165ede6bb3c48186a34faf4e16a3697c893500b2da96eff1638000e17e	5b5e11165ede6bb3c48186a34faf4e16a3697c893500b2da96eff1638000e17e	fcdcf693dacdab778c337e6c133685b69ff9bf8cfa71e88051eae34ff2e53963	4	false
widgets/gallery/org.eclipse.nebula.widgets.gallery/src/org/eclipse/nebula/animation/movement/SinusDecreaseVariation.java	107aa5f1371575c58c4903cb1ef2e99d6c84f34c891bd431f19fe31dfb789a5b	107aa5f1371575c58c4903cb1ef2e99d6c84f34c891bd431f19fe31dfb789a5b	0c03b624652a9004cb06c5d05a7e4ef4948545d4c00f90dd982aac0057c3659b	6	false
widgets/gallery/org.eclipse.nebula.widgets.gallery/src/org/eclipse/nebula/animation/movement/SinusVariation.java	ac31b8c7abe3239cdcb011b067733e23a3e39a53b1cbefa74527f056bc5542ee	ac31b8c7abe3239cdcb011b067733e23a3e39a53b1cbefa74527f056bc5542ee	04d4d6e3eaccf8898dc7026a61a6adfef2817a0d881d5838a97b0b8d4710b6cc	6	false
widgets/gallery/org.eclipse.nebula.widgets.gallery/src/org/eclipse/nebula/jface/galleryviewer/FlatTreeContentProvider.java	f1186ab6014d0957d92d0c45d156ad58ace82e05c47fc7e5bacb42f5392d5478	f1186ab6014d0957d92d0c45d156ad58ace82e05c47fc7e5bacb42f5392d5478	5a6c986206f5e1ca55190dfb375f7f2bef33cf607ed34b2bee270fd04a8b31f1	22	false
widgets/gallery/org.eclipse.nebula.widgets.gallery/src/org/eclipse/nebula/jface/galleryviewer/GalleryTreeViewer.java	3ea7ffa8d1e1b4861c3e90ace099b439916742f0d306bed1a50510c58dabd267	3ea7ffa8d1e1b4861c3e90ace099b439916742f0d306bed1a50510c58dabd267	a8e233526414d1d68ce71c2ff33b0d62ffd804a6326a590526fa8be4e16032e3	196	false
widgets/gallery/org.eclipse.nebula.widgets.gallery/src/org/eclipse/nebula/jface/galleryviewer/GalleryViewerRow.java	69e637b2d9cff045d7785906e53dbac42fff76efba93cb2793aeafda9c02b733	69e637b2d9cff045d7785906e53dbac42fff76efba93cb2793aeafda9c02b733	3265d6d4000ee16af63eb4abcd179bd6e8ee6038c9163a2535d7a775a5a5df0e	93	false
widgets/gallery/org.eclipse.nebula.widgets.gallery/src/org/eclipse/nebula/widgets/gallery/AbstractGalleryGroupRenderer.java	051c923909c76e6a71c322c594f8914e90869e718bfd71e1a4561f886a86e25a	051c923909c76e6a71c322c594f8914e90869e718bfd71e1a4561f886a86e25a	631d850839148f6ff6d6195204c3fbad932c2cdd40cfda575b61943abd769960	62	false
widgets/gallery/org.eclipse.nebula.widgets.gallery/src/org/eclipse/nebula/widgets/gallery/AbstractGalleryItemRenderer.java	1b9d83999ac147acbe65d62f4a87222463afa301191490b5682712a65285a5fa	1b9d83999ac147acbe65d62f4a87222463afa301191490b5682712a65285a5fa	9f977adee70f03630d1cfc291f0663906affdfb04c2334d9dad3f490c113a081	99	false
widgets/gallery/org.eclipse.nebula.widgets.gallery/src/org/eclipse/nebula/widgets/gallery/AbstractGridGroupRenderer.java	a32c83429f3562a110381708d9ec6b41cd94ddb033444a1c86b56fb2b012f92e	a32c83429f3562a110381708d9ec6b41cd94ddb033444a1c86b56fb2b012f92e	c4916dabd93a27dd9feac430d4865debbeb5984a514033a3bcc297400e1c9763	521	false
widgets/gallery/org.eclipse.nebula.widgets.gallery/src/org/eclipse/nebula/widgets/gallery/DefaultGalleryGroupRenderer.java	4343728e7305b11fea9a6872039e7fb2cd02e4215088b005e08b4e43e4361388	4343728e7305b11fea9a6872039e7fb2cd02e4215088b005e08b4e43e4361388	8809b0f7be3b1c10fadc01571c39b9d5395e49c3968cb1d0f5690bec40dc79e8	441	false
widgets/gallery/org.eclipse.nebula.widgets.gallery/src/org/eclipse/nebula/widgets/gallery/DefaultGalleryItemRenderer.java	e33074ac2ab5d84fe5231b628f0f19fa229b2c543ce0c4069aadb88160fa09d0	e33074ac2ab5d84fe5231b628f0f19fa229b2c543ce0c4069aadb88160fa09d0	9c2508621a8ee8cb868c6b0ba2e527c6a574fb14ab93d913f9557bda45ce6ec2	158	false
widgets/gallery/org.eclipse.nebula.widgets.gallery/src/org/eclipse/nebula/widgets/gallery/Gallery.java	cee2acc5d7fb663501b4975dfdb165e150214af5e27faffe98c81a6f4f9bbb77	cee2acc5d7fb663501b4975dfdb165e150214af5e27faffe98c81a6f4f9bbb77	b584329c2f595fe26d6948085550533c18d978255640f17f972e1d2c60f43904	1267	false
widgets/gallery/org.eclipse.nebula.widgets.gallery/src/org/eclipse/nebula/widgets/gallery/GalleryDragSourceEffect.java	2aa0622745dcb82e8e52d6dcd7498ebc818b4b98a149699e60a58d2acd894f58	2aa0622745dcb82e8e52d6dcd7498ebc818b4b98a149699e60a58d2acd894f58	93a57e23b0262410de7850fc90120e196206f401433d773800ffc69a7b75f3bc	11	false
widgets/gallery/org.eclipse.nebula.widgets.gallery/src/org/eclipse/nebula/widgets/gallery/GalleryGroupResizeEffect.java	60f1cdd2758d1f7377f7e70b505b933d7c51a393655d73081efe7b43e1229751	60f1cdd2758d1f7377f7e70b505b933d7c51a393655d73081efe7b43e1229751	7dee7b783a87c1fd9361e093d00ba3d413dccf434340b766c6bb9999b65d59d7	15	false
widgets/gallery/org.eclipse.nebula.widgets.gallery/src/org/eclipse/nebula/widgets/gallery/GalleryItem.java	c403a115ab248c0aa6924eb54c2cd0f98f6ed8ffa424801fa9ee5555077e2cc2	c403a115ab248c0aa6924eb54c2cd0f98f6ed8ffa424801fa9ee5555077e2cc2	6e06a481780b0480f55a94d2295f8ebda40da1ee1db00304227c06c71978d235	316	false
widgets/gallery/org.eclipse.nebula.widgets.gallery/src/org/eclipse/nebula/widgets/gallery/ListItemRenderer.java	8bfb3ac1bf760f1721acb3cd4b28c005497d2556c4a00fb24499ac58a6011de8	8bfb3ac1bf760f1721acb3cd4b28c005497d2556c4a00fb24499ac58a6011de8	5b833b077273934e33e0a74c545efc9bf8b6937404b23063bb5fe7eeaa547714	172	false
widgets/gallery/org.eclipse.nebula.widgets.gallery/src/org/eclipse/nebula/widgets/gallery/NoGroupRenderer.java	a0d927ed38b7c43b4cc2e3bb74002606ffdb88711a81810a5f972b505cee6863	a0d927ed38b7c43b4cc2e3bb74002606ffdb88711a81810a5f972b505cee6863	954ee4ae4199fdf911e4099568c5321935a50c48f6b84848e9236bfc0e92b6ec	48	false
widgets/gallery/org.eclipse.nebula.widgets.gallery/src/org/eclipse/nebula/widgets/gallery/RendererHelper.java	da9fed8e45042bdda43a0d06b7f612cd65b642e4af8e2f4d242115211523bc7f	da9fed8e45042bdda43a0d06b7f612cd65b642e4af8e2f4d242115211523bc7f	1ea5a51ea6982fb3a435055b7980b8995386447c3874ab0368328b115c2a3c24	67	false
widgets/ganttchart/org.eclipse.nebula.widgets.ganttchart.example/src/org/eclipse/nebula/widgets/ganttchart/example/GanttExampleTab.java	2b68bbeacfd4d633e1d7bd086ea8b00e56038319418de013234a5762415d201c	2b68bbeacfd4d633e1d7bd086ea8b00e56038319418de013234a5762415d201c	9656fb3dbde77765de387472b368aecfa053e9c917528e3c0e7c01d30e1942b9	11	false
widgets/ganttchart/org.eclipse.nebula.widgets.ganttchart/src/org/eclipse/nebula/widgets/ganttchart/AbstractColorManager.java	7879a4dc30dd676831374b7d3931053132e501fe58a2671ae22dd184488a4f1a	7879a4dc30dd676831374b7d3931053132e501fe58a2671ae22dd184488a4f1a	4c141509eabdbb50db230f11c508f627384dda91b28e57c6344f6d6e1224cfe6	164	false
widgets/ganttchart/org.eclipse.nebula.widgets.ganttchart/src/org/eclipse/nebula/widgets/ganttchart/AbstractGanttEvent.java	ca827a981a31613a8b91b05cbbad61f98bf38072cae3ac34deba553b92cb87e7	ca827a981a31613a8b91b05cbbad61f98bf38072cae3ac34deba553b92cb87e7	a0c96ddb8194c9b479a7f1e9a85b3bd1695af168eb0d85a0960d36e12c0f04a0	6	false
widgets/ganttchart/org.eclipse.nebula.widgets.ganttchart/src/org/eclipse/nebula/widgets/ganttchart/AbstractLanguageManager.java	159707f0559345564dd8d32a54cdc46543f96ed7b16ab390233e45315cd73072	159707f0559345564dd8d32a54cdc46543f96ed7b16ab390233e45315cd73072	bf61d9e84af09b9cd4a55b52f97f7dbf28819be6ecf6209f8d631e2bdd21f1c3	46	false
widgets/ganttchart/org.eclipse.nebula.widgets.ganttchart/src/org/eclipse/nebula/widgets/ganttchart/AbstractPaintManager.java	651a16b3f9e68b685c3d167e6b1d2131035bdb4e303c71d22680bff453a9cf89	651a16b3f9e68b685c3d167e6b1d2131035bdb4e303c71d22680bff453a9cf89	b305a27f5f6fd10dc5e3f132715d0fc417b20d79d09d4fad52aab1550853817b	445	false
widgets/ganttchart/org.eclipse.nebula.widgets.ganttchart/src/org/eclipse/nebula/widgets/ganttchart/AbstractSettings.java	f43825e5c5d516c3c4c052b997a7aca920f150e2b60ebf5c2cb2e2fbc14b2e59	f43825e5c5d516c3c4c052b997a7aca920f150e2b60ebf5c2cb2e2fbc14b2e59	efb109cf4cb7fd6eb794023d7e3011bba524e6139e067578384163c80de8a754	297	false
widgets/ganttchart/org.eclipse.nebula.widgets.ganttchart/src/org/eclipse/nebula/widgets/ganttchart/AdvancedTooltip.java	815b556859f6d913401654fc04e4a75a56111c5b9398d0b3bb89d1b6122b09c7	815b556859f6d913401654fc04e4a75a56111c5b9398d0b3bb89d1b6122b09c7	5ab64f621acf0e0ff6554ff52df6d184d751d36d64b6e715f2e87654ce3b0631	37	false
widgets/ganttchart/org.eclipse.nebula.widgets.ganttchart/src/org/eclipse/nebula/widgets/ganttchart/AdvancedTooltipDialog.java	b417080fd2b2f7646f05cb37e386e0a395c92e6b17e365c1286a16f94a1c01e6	b417080fd2b2f7646f05cb37e386e0a395c92e6b17e365c1286a16f94a1c01e6	fb3f4148664eb25ff38a8b4047b6d7e52c3b31ba09d2f9886162d0bf7ca40d4f	204	false
widgets/ganttchart/org.eclipse.nebula.widgets.ganttchart/src/org/eclipse/nebula/widgets/ganttchart/ColorCache.java	2182be0e3c1fe578e027343b69b20291381e027617653cf71a5616962811152e	2182be0e3c1fe578e027343b69b20291381e027617653cf71a5616962811152e	96a0817c2e96b7ae322d48b4b32be8358d9dfc91ea387e2efb7022ddd0f9509e	47	false
widgets/ganttchart/org.eclipse.nebula.widgets.ganttchart/src/org/eclipse/nebula/widgets/ganttchart/CompoundViewPortHandler.java	46c8aa76ae43b59ee98e574633e1ebe3b689f3e56680476923273c5690917560	46c8aa76ae43b59ee98e574633e1ebe3b689f3e56680476923273c5690917560	36191012af6f9f397d88e296cea1a76ee0da127047068543bed98f9c4e6514db	56	false
widgets/ganttchart/org.eclipse.nebula.widgets.ganttchart/src/org/eclipse/nebula/widgets/ganttchart/CompoundZoomHandler.java	62c1e77b56299db4593e2b742cd06958bf90cebee2d9d327e9a4ca788b6ccd72	62c1e77b56299db4593e2b742cd06958bf90cebee2d9d327e9a4ca788b6ccd72	9c589c27945b4e8c0eadc71c166be2f3c7c91c5f77682791f5051c33be2309f7	24	false
widgets/ganttchart/org.eclipse.nebula.widgets.ganttchart/src/org/eclipse/nebula/widgets/ganttchart/Constants.java	0db164f0e4d2c614046f9b4d958348274741408c3fe16bc28738ac1fab65491f	0db164f0e4d2c614046f9b4d958348274741408c3fe16bc28738ac1fab65491f	0466a3e8552bb32936605a04f219c13e957d4764eb3273aa2b53fc02e58adf7d	1	false
widgets/ganttchart/org.eclipse.nebula.widgets.ganttchart/src/org/eclipse/nebula/widgets/ganttchart/CursorCache.java	1bc88e24dd2d659e58fac579d417c232c4df0af5ffba28d7718e949e8fe1c33c	1bc88e24dd2d659e58fac579d417c232c4df0af5ffba28d7718e949e8fe1c33c	7113796e851a588f8d1cbd4bca88cfb7611a847e278852170993c6b944e6a663	17	false
widgets/ganttchart/org.eclipse.nebula.widgets.ganttchart/src/org/eclipse/nebula/widgets/ganttchart/DateHelper.java	c0aac06f4262bcf791ca9750ae9f0b82de799517d9b6091dc31d49a46475f302	c0aac06f4262bcf791ca9750ae9f0b82de799517d9b6091dc31d49a46475f302	0501888deb6aacc16d447ad0f577af6ff313edb64db9b8e6daeab3ee65805f89	136	false
widgets/ganttchart/org.eclipse.nebula.widgets.ganttchart/src/org/eclipse/nebula/widgets/ganttchart/DefaultColorManager.java	15e2688ae70d6ec92cc434ae1d9db16367c7ac8fc8b8b4b7c4a16053ea9630f3	15e2688ae70d6ec92cc434ae1d9db16367c7ac8fc8b8b4b7c4a16053ea9630f3	821cbde148daf007f1670305e6a0cfad6732d09169f854efdfc22c878e44bd19	0	false
widgets/ganttchart/org.eclipse.nebula.widgets.ganttchart/src/org/eclipse/nebula/widgets/ganttchart/DefaultEventFactory.java	de29df4c4b0e36d48fcaebf7138345ed812f11def26c95d46cdebd149ac2bb90	de29df4c4b0e36d48fcaebf7138345ed812f11def26c95d46cdebd149ac2bb90	1dfd4e90c04455b975a8280c45314d12d1295adee04ae76169513f9a9d558d93	7	false
widgets/ganttchart/org.eclipse.nebula.widgets.ganttchart/src/org/eclipse/nebula/widgets/ganttchart/DefaultLanguageManager.java	f81af3a2673023bef9dea3c5d67f52d156324d51bd7432868a40e71662c8ee54	f81af3a2673023bef9dea3c5d67f52d156324d51bd7432868a40e71662c8ee54	06659e18127cdd6ad4af4281cc03d270f6e24c7fc0f7497eb69cf6319c8373c3	0	false
widgets/ganttchart/org.eclipse.nebula.widgets.ganttchart/src/org/eclipse/nebula/widgets/ganttchart/DefaultPaintManager.java	f4256293a85eb2e6cd7b7470f31cd39c3ec04257b50292099d48bf44215b7ef8	f4256293a85eb2e6cd7b7470f31cd39c3ec04257b50292099d48bf44215b7ef8	7f1a54d9571c59fe9dcd5c53ffa2cfd66b4871730aa5ac6512a53feba6f83d9c	0	false
widgets/ganttchart/org.eclipse.nebula.widgets.ganttchart/src/org/eclipse/nebula/widgets/ganttchart/DefaultSettings.java	04e063277e816f0261e3785d3452b26b4ab21adb5388e32de414809fd0dffba7	04e063277e816f0261e3785d3452b26b4ab21adb5388e32de414809fd0dffba7	522934feca684a4515c2e2a89dae1485484681ae4e0b8b5847545dbc7f0efb9c	0	false
widgets/ganttchart/org.eclipse.nebula.widgets.ganttchart/src/org/eclipse/nebula/widgets/ganttchart/GanttChart.java	5c8971a6261c2fac41afad8bc88860b2b4cf3c8510f86af271ece1e5d904e739	5c8971a6261c2fac41afad8bc88860b2b4cf3c8510f86af271ece1e5d904e739	9d8b82581b10311e97c95892a0588109f960c009ac95a15c373396616de003cb	119	false
widgets/ganttchart/org.eclipse.nebula.widgets.ganttchart/src/org/eclipse/nebula/widgets/ganttchart/GanttCheckpoint.java	b6509f22958233dfd8102055ddaedb933db3538c9d9e7a90c23ec08782b1d501	b6509f22958233dfd8102055ddaedb933db3538c9d9e7a90c23ec08782b1d501	608471a0a2b72aa1d8d258127dc85811923772a308a8230510616842e99c5d6d	4	false
widgets/ganttchart/org.eclipse.nebula.widgets.ganttchart/src/org/eclipse/nebula/widgets/ganttchart/GanttComposite.java	8bc16d7db37aa188b95628cd3e203734fa3c424874e5f2714dbc385ccc10e4bd	8bc16d7db37aa188b95628cd3e203734fa3c424874e5f2714dbc385ccc10e4bd	33676fe03122e638ca304178ff9db9d97fde24dae0759fb589ac42f5240e0bf9	6134	false
widgets/ganttchart/org.eclipse.nebula.widgets.ganttchart/src/org/eclipse/nebula/widgets/ganttchart/GanttConnection.java	eec383b88ff08b7ef9a040d463adf559fc117dc2b0288043c45de61d6cd47406	eec383b88ff08b7ef9a040d463adf559fc117dc2b0288043c45de61d6cd47406	5bfb02f8b41c3ee1fb4a2ce19841522625f06cdc49f08771417683f5ba9711dd	66	false
widgets/ganttchart/org.eclipse.nebula.widgets.ganttchart/src/org/eclipse/nebula/widgets/ganttchart/GanttControlParent.java	e694f935a12dfae35d89a8df308126e20ba8cd8ff0e68399b3039cf16f5a4e52	e694f935a12dfae35d89a8df308126e20ba8cd8ff0e68399b3039cf16f5a4e52	faa1da6e22a93567071cde5a89ad5587ad62c2c64a0b1ad43b46b6d68b02b470	27	false
widgets/ganttchart/org.eclipse.nebula.widgets.ganttchart/src/org/eclipse/nebula/widgets/ganttchart/GanttDateTip.java	b4799b107dbd7a876bb4f032d8bcf247cef7342bef953ce22a883a428f11d661	b4799b107dbd7a876bb4f032d8bcf247cef7342bef953ce22a883a428f11d661	b01348a44aaca2f8f740d0fc9a968de6ff468df4ea124123afcfa6e7cc1575a3	35	false
widgets/ganttchart/org.eclipse.nebula.widgets.ganttchart/src/org/eclipse/nebula/widgets/ganttchart/GanttEvent.java	4254e7654d5b27bc8e5bcf2282630ed7c12a2c8b82829b2e8c634e49cdb39a04	4254e7654d5b27bc8e5bcf2282630ed7c12a2c8b82829b2e8c634e49cdb39a04	76160f6d283c59c65ba9a3420f519b513e352429285739963bcc4fad840c1b24	886	false
widgets/ganttchart/org.eclipse.nebula.widgets.ganttchart/src/org/eclipse/nebula/widgets/ganttchart/GanttEventListenerAdapter.java	834f5826db2c3104632e650c58d12146d4fd2fc36a70f7f13c822eb81dc8dcf5	834f5826db2c3104632e650c58d12146d4fd2fc36a70f7f13c822eb81dc8dcf5	af67a6ca444861b3141f2392bedd1d574f9796d520e020f88f67b9c5d663c26e	20	false
widgets/ganttchart/org.eclipse.nebula.widgets.ganttchart/src/org/eclipse/nebula/widgets/ganttchart/GanttFlags.java	38c69598b9b029385557a6a71e9b95a5af02bb5545e19f788bc1f770a439bb73	38c69598b9b029385557a6a71e9b95a5af02bb5545e19f788bc1f770a439bb73	0c82827fa81287135c50b2ba03552113261ea4df6a9bd6b8158598411bcfae93	0	false
widgets/ganttchart/org.eclipse.nebula.widgets.ganttchart/src/org/eclipse/nebula/widgets/ganttchart/GanttGroup.java	7633df3ea4ced78626c299063a8fbe16a86af303d3e2e63912a82f7e7b2451fc	7633df3ea4ced78626c299063a8fbe16a86af303d3e2e63912a82f7e7b2451fc	0b7087633d8c1843de2db011635606d3f65c191e18f11a935936bb1435aee676	45	false
widgets/ganttchart/org.eclipse.nebula.widgets.ganttchart/src/org/eclipse/nebula/widgets/ganttchart/GanttHeaderSpacedLayout.java	fb5e12e14e229f196a7f550dd634cfa8af4cd00c1fef4da75c301437af131ccf	fb5e12e14e229f196a7f550dd634cfa8af4cd00c1fef4da75c301437af131ccf	da979ce16f31c4dfedc66238f65b14948895b9b4e83aa89ecc098c4f0ab30af0	62	false
widgets/ganttchart/org.eclipse.nebula.widgets.ganttchart/src/org/eclipse/nebula/widgets/ganttchart/GanttImage.java	faf8e66aa2ffa94ed1e5a2ecc11a76b20fa2f30427c6abde55ce81b9cac2c9df	faf8e66aa2ffa94ed1e5a2ecc11a76b20fa2f30427c6abde55ce81b9cac2c9df	5b13095b7c697fb061baffce5bdbe9f135e55610cfbd8154f0172b581000d39c	4	false
widgets/ganttchart/org.eclipse.nebula.widgets.ganttchart/src/org/eclipse/nebula/widgets/ganttchart/GanttMap.java	cb57be195614d360df3257eef2d6a7d5bc91024b00be8e8ebe4bc6cc2c3c0472	cb57be195614d360df3257eef2d6a7d5bc91024b00be8e8ebe4bc6cc2c3c0472	da131c60397049f94060abe3a42d286cf15d035693e257951a10e23200d0a619	22	false
widgets/ganttchart/org.eclipse.nebula.widgets.ganttchart/src/org/eclipse/nebula/widgets/ganttchart/GanttPhase.java	9e06d8d88e82ba5a7b7a617775dbc7dd3cd347e550194ae17ace826c32344284	9e06d8d88e82ba5a7b7a617775dbc7dd3cd347e550194ae17ace826c32344284	36d36a83d98d9dda785565e37250a60579c4c2dac388d56a895ff4c466ed213d	220	false
widgets/ganttchart/org.eclipse.nebula.widgets.ganttchart/src/org/eclipse/nebula/widgets/ganttchart/GanttScope.java	b882aef479d0a08259578292d4429347f1b22e1d7c0f4713c66bf1c240744dfe	b882aef479d0a08259578292d4429347f1b22e1d7c0f4713c66bf1c240744dfe	1290e77a25114f96ed703bafbe47d152fa60dc8d1baf92404aba64391b827381	4	false
widgets/ganttchart/org.eclipse.nebula.widgets.ganttchart/src/org/eclipse/nebula/widgets/ganttchart/GanttSection.java	fbd3dbd82bd1e6b7bf38ba2bc5401fc8db08aed67d53ce46418c926c5387b1ac	fbd3dbd82bd1e6b7bf38ba2bc5401fc8db08aed67d53ce46418c926c5387b1ac	821a2e292844806c2aaeb8be05c1be62e4c1850ae6b67bc7772340106855166c	160	false
widgets/ganttchart/org.eclipse.nebula.widgets.ganttchart/src/org/eclipse/nebula/widgets/ganttchart/GanttSpecialDateRange.java	9145b6b79dbcf35dbb59f7856bb4e688bbda7805597c543f0a81c1ca7854779c	9145b6b79dbcf35dbb59f7856bb4e688bbda7805597c543f0a81c1ca7854779c	582913a2b6049d142beb8ffbd26fbc9bf1df02c330f619ab70f17fd1e3f6a340	321	false
widgets/ganttchart/org.eclipse.nebula.widgets.ganttchart/src/org/eclipse/nebula/widgets/ganttchart/GanttTester.java	9f50987b1e2a47ef8442935e9b79d7e6fb0b92d17689d72fceffdaa156a871dd	9f50987b1e2a47ef8442935e9b79d7e6fb0b92d17689d72fceffdaa156a871dd	a62e23e75f21ea4262aa35b3c74c3dc1e08539c830275340abda71ae88371fb3	1350	false
widgets/ganttchart/org.eclipse.nebula.widgets.ganttchart/src/org/eclipse/nebula/widgets/ganttchart/GanttToolTip.java	964aba6841af98d9c735444539294184853f30b15720db185fb4d3ecfa97eb4e	964aba6841af98d9c735444539294184853f30b15720db185fb4d3ecfa97eb4e	016113d775155b1fd016ccdcb3bcdb33ad056dbdbd207aa402760a80aee5bec5	94	false
widgets/ganttchart/org.eclipse.nebula.widgets.ganttchart/src/org/eclipse/nebula/widgets/ganttchart/Holiday.java	87488677094cfe69e74236df4d5299ce2444b7b8ed060c80e279ce583e98592a	87488677094cfe69e74236df4d5299ce2444b7b8ed060c80e279ce583e98592a	1a93153bcced2a5ec5eec9c82f1de26405b7c5a03268e6be8c20b007f8a6c53f	25	false
widgets/ganttchart/org.eclipse.nebula.widgets.ganttchart/src/org/eclipse/nebula/widgets/ganttchart/HorizontalScrollbarHandler.java	89012516511d2185a470cb4e8964b918513e4aaf5ce20f7c7b327c7d1cb9f19d	89012516511d2185a470cb4e8964b918513e4aaf5ce20f7c7b327c7d1cb9f19d	cc518896a1f65cefe2648cabe7329ee3f5fc55f1f77fa25515b3c07355f641cd	112	false
widgets/ganttchart/org.eclipse.nebula.widgets.ganttchart/src/org/eclipse/nebula/widgets/ganttchart/IColorManager.java	aa28e5e839a8f6f03a10f4afb53fcd1f3454fa53d8204481dda4c28fc11a57a1	aa28e5e839a8f6f03a10f4afb53fcd1f3454fa53d8204481dda4c28fc11a57a1	0b412bacd05e575e578bb681103f5d78ea6416c5711ce420436bdd32c985f2ac	0	false
widgets/ganttchart/org.eclipse.nebula.widgets.ganttchart/src/org/eclipse/nebula/widgets/ganttchart/IEventFactory.java	5f432c052df02df19a2e7872858edeee9b89678347fd0a84ee350efc84d4a945	5f432c052df02df19a2e7872858edeee9b89678347fd0a84ee350efc84d4a945	9d3eaf07fb694c9f033694ea1a8c42507c37a2911cdfe51b3453d8f7d2b90194	0	false
widgets/ganttchart/org.eclipse.nebula.widgets.ganttchart/src/org/eclipse/nebula/widgets/ganttchart/IEventMenuItemFactory.java	f95b345c2fc556798eee1d42a37893c973eda6da9313d2c95aa3361feb0279d8	f95b345c2fc556798eee1d42a37893c973eda6da9313d2c95aa3361feb0279d8	267cdd2d577a2ebc489b70a1e834fdafb689b95337890e37907bccdca06e207e	0	false
widgets/ganttchart/org.eclipse.nebula.widgets.ganttchart/src/org/eclipse/nebula/widgets/ganttchart/IFillBackgroundColors.java	f352fad4716cb6a5377c9e5cccb6143f190b1b9f0b52ddeb9a7e3a264db68e0f	f352fad4716cb6a5377c9e5cccb6143f190b1b9f0b52ddeb9a7e3a264db68e0f	35faa7275762ba9caa72476e4303eb2ecd28ee59a47a76935b1da3fadc43ef45	0	false
widgets/ganttchart/org.eclipse.nebula.widgets.ganttchart/src/org/eclipse/nebula/widgets/ganttchart/IGanttChartItem.java	dec151044a7511cd07391f6704ee93435b49ec042b87f705d6a848bc842c023d	dec151044a7511cd07391f6704ee93435b49ec042b87f705d6a848bc842c023d	bca9040c2cefc2b0baf5cd4efed270e06fdd85223119d75507d6ed67cb302fd2	0	false
widgets/ganttchart/org.eclipse.nebula.widgets.ganttchart/src/org/eclipse/nebula/widgets/ganttchart/IGanttEventListener.java	f028906af616be050c82b37d5eb4929ae4523eb5c5302244117a8ad2866349a5	f028906af616be050c82b37d5eb4929ae4523eb5c5302244117a8ad2866349a5	561c834ec514f8a89615d03c618cb3485f6ac14586f3425247a163704fee6a7c	0	false
widgets/ganttchart/org.eclipse.nebula.widgets.ganttchart/src/org/eclipse/nebula/widgets/ganttchart/ILanguageManager.java	991224775175d7f51f7c757da806f55a5336f353c6a357edef4a911de7b97872	991224775175d7f51f7c757da806f55a5336f353c6a357edef4a911de7b97872	d9bf13c879c0a010a60e3e5c853226132413ba272b31d2ad23db1bfd9169b63d	0	false
widgets/ganttchart/org.eclipse.nebula.widgets.ganttchart/src/org/eclipse/nebula/widgets/ganttchart/IMenuItemFactory.java	73b2871537155e1779d476c90a60bb3fb0901fb54951cd6ab3ca2175f1161a5f	73b2871537155e1779d476c90a60bb3fb0901fb54951cd6ab3ca2175f1161a5f	108ef2fa3f2647ada76e7cf3b5d3d8553f87e2bdbf3b057b21f4d514f0c4ce38	0	false
widgets/ganttchart/org.eclipse.nebula.widgets.ganttchart/src/org/eclipse/nebula/widgets/ganttchart/IPaintManager.java	3331d7d33c1b5d2f5a7b7299a8c8f995668cbb8c5b06a4ad4ba44c380909329a	3331d7d33c1b5d2f5a7b7299a8c8f995668cbb8c5b06a4ad4ba44c380909329a	b11e8b50ccf7ac5d71360b6b76ee0c6eea1c242af954f2878718d35e66e0edd7	0	false
widgets/ganttchart/org.eclipse.nebula.widgets.ganttchart/src/org/eclipse/nebula/widgets/ganttchart/ISectionDetailContentReplacer.java	f969e8c0c9dd32bb2ce7cdd68d8d524bf21b9b6ffd35780a1223024391ae8bdc	f969e8c0c9dd32bb2ce7cdd68d8d524bf21b9b6ffd35780a1223024391ae8bdc	97b3ef4ecea8d58f51ff3fdaba25ba98bfa31dc7ce24bcacbf0bb21d9038c9c3	0	false
widgets/ganttchart/org.eclipse.nebula.widgets.ganttchart/src/org/eclipse/nebula/widgets/ganttchart/ISectionDetailMoreClickListener.java	bb027b2b9eed913a562db4f7dcd442c0916de2ac510da2c4275b98af258f067a	bb027b2b9eed913a562db4f7dcd442c0916de2ac510da2c4275b98af258f067a	7fd67f0c95922d19a72fa420a7d91802f122d6106e96e28882a087cdf9119b5b	0	false
widgets/ganttchart/org.eclipse.nebula.widgets.ganttchart/src/org/eclipse/nebula/widgets/ganttchart/ISettings.java	75dbd4171a79fa26c508deed8a0e52b696d6abf70615c4033bcac63b50e9808e	75dbd4171a79fa26c508deed8a0e52b696d6abf70615c4033bcac63b50e9808e	1d7beba6744415b1dde0bfc5ab1831c743a405d3ba20694964141029d10ca605	0	false
widgets/ganttchart/org.eclipse.nebula.widgets.ganttchart/src/org/eclipse/nebula/widgets/ganttchart/ISettings2.java	b97476c25dda3be36b6a027bd3ba6d1d381a0b113e0e4542834e8a9c63549d5f	b97476c25dda3be36b6a027bd3ba6d1d381a0b113e0e4542834e8a9c63549d5f	4c7d046c335730a38e60f89d4074d2504290f2762320c7578432aa6a1fd7e2d8	0	false
widgets/ganttchart/org.eclipse.nebula.widgets.ganttchart/src/org/eclipse/nebula/widgets/ganttchart/IToolTipContentReplacer.java	81f1ddf9945395554b2fb7032c5452dc62c0788a050edaaea809d6ca59d0f4f7	81f1ddf9945395554b2fb7032c5452dc62c0788a050edaaea809d6ca59d0f4f7	c1c2ce7432359b8c4bf32ed9777910bc03266a82a395245d4b15b822489e5cd5	0	false
widgets/ganttchart/org.eclipse.nebula.widgets.ganttchart/src/org/eclipse/nebula/widgets/ganttchart/IViewPortHandler.java	31e56d6353cc22e55ff8bf7b1482737649dec0319492714855f4e882327cc8a9	31e56d6353cc22e55ff8bf7b1482737649dec0319492714855f4e882327cc8a9	cb9b5a694472cbda8d9db0ceb031700eef35f54bee76cccd77b5a2622ed0abf5	0	false
widgets/ganttchart/org.eclipse.nebula.widgets.ganttchart/src/org/eclipse/nebula/widgets/ganttchart/IViewPortHandler2.java	26d685051f2cbc3e03e751b51ce9bda7d0081920e05f2c6ac8feabed4a21385d	26d685051f2cbc3e03e751b51ce9bda7d0081920e05f2c6ac8feabed4a21385d	67b20b4c06fd600627bac4b73adc6e0221290ace1ca0eee692ba43b3198d3ce4	0	false
widgets/ganttchart/org.eclipse.nebula.widgets.ganttchart/src/org/eclipse/nebula/widgets/ganttchart/IZoomHandler.java	69eb93c62a14ae43fe292916aab7d4e970c0a01e8477b98092f0b5d2695c702a	69eb93c62a14ae43fe292916aab7d4e970c0a01e8477b98092f0b5d2695c702a	68274ac7a0a460b70d6ca29b7aeede1436c6e8c000f511b7324de1d296fe4c8b	0	false
widgets/ganttchart/org.eclipse.nebula.widgets.ganttchart/src/org/eclipse/nebula/widgets/ganttchart/ImageCache.java	b007524adfd3430cecca4d0a71fe657631392eb98ef8fb2f27fa002f34012f0e	b007524adfd3430cecca4d0a71fe657631392eb98ef8fb2f27fa002f34012f0e	bae2f476a8e9df7cbfb4463483dc9ad93ea5095d5ed3d7db4ad9bbe4514bee8e	36	false
widgets/ganttchart/org.eclipse.nebula.widgets.ganttchart/src/org/eclipse/nebula/widgets/ganttchart/Utils.java	eb90ad7ef0fc802ff2d9699e59d07a4c9a9eab286473a0b7a830d61824e4773b	eb90ad7ef0fc802ff2d9699e59d07a4c9a9eab286473a0b7a830d61824e4773b	e07539ced440b6c712c3c0ef134de53c5623256a286496738b52b1739794c7c3	52	false
widgets/ganttchart/org.eclipse.nebula.widgets.ganttchart/src/org/eclipse/nebula/widgets/ganttchart/VerticalDragModes.java	4a146644f679342e49984921050fb50f458b1226da4c1f388f75cd0545eb95aa	4a146644f679342e49984921050fb50f458b1226da4c1f388f75cd0545eb95aa	d9bcea1ba588176defef786bc97238b830c17bb6401c4454a1064a2c6e271cd1	0	false
widgets/ganttchart/org.eclipse.nebula.widgets.ganttchart/src/org/eclipse/nebula/widgets/ganttchart/ViewPortHandler.java	90e82d15e00a40dc2d7b7d6f381a47a3f5dc130b49129940801873f21f4313d9	90e82d15e00a40dc2d7b7d6f381a47a3f5dc130b49129940801873f21f4313d9	62dda119c919c7783f0f354f01d121bf224596cd73da6998ce73391517ac1326	226	false
widgets/ganttchart/org.eclipse.nebula.widgets.ganttchart/src/org/eclipse/nebula/widgets/ganttchart/dnd/VerticalDragDropManager.java	3a60999736410386248bcd0538582bdf4c49da7946f1ec908303371101032426	3a60999736410386248bcd0538582bdf4c49da7946f1ec908303371101032426	5f94e04cc88e5cf2141b2262d4dc8f3ab189785a3b8e60dfa3dd558b4b3f5c11	21	false
widgets/ganttchart/org.eclipse.nebula.widgets.ganttchart/src/org/eclipse/nebula/widgets/ganttchart/print/CompoundGanttChartPrinter.java	c39b37a33bf38692d7e50673021f2984fc0560884cba0b806481f10b6f28f0b1	c39b37a33bf38692d7e50673021f2984fc0560884cba0b806481f10b6f28f0b1	e32fad62d8a2521e89fe906ecb151582479b6ebcb234bfb72ca4b5c74c522ed2	30	false
widgets/ganttchart/org.eclipse.nebula.widgets.ganttchart/src/org/eclipse/nebula/widgets/ganttchart/print/GanttChartPrintJob.java	1ee26a28a94ace239738b2216f76d2df50bcbe77a16a84df4b61aa879c143f1e	1ee26a28a94ace239738b2216f76d2df50bcbe77a16a84df4b61aa879c143f1e	7a094c8646190b9b9fa44891fdb5699e2da15db2d1cb37e266b09ef7ccb306c5	79	false
widgets/ganttchart/org.eclipse.nebula.widgets.ganttchart/src/org/eclipse/nebula/widgets/ganttchart/print/GanttChartPrinter.java	4533d691b9f604e1217852a0195fcd0516c6c2dbac2ad1538a149349bf038737	4533d691b9f604e1217852a0195fcd0516c6c2dbac2ad1538a149349bf038737	99a99f53fab3c3f3a5c5a88b80ded9f828b9821b079d9a5d2a95b71cacab0faa	29	false
widgets/ganttchart/org.eclipse.nebula.widgets.ganttchart/src/org/eclipse/nebula/widgets/ganttchart/print/PrintUtils.java	54ddb78647ef39def3216e193fee4b29130fbb373f26ea5dfb9d9fd35d40e725	54ddb78647ef39def3216e193fee4b29130fbb373f26ea5dfb9d9fd35d40e725	795182ee6ed8dc1c03ac83840402a0c914e1480f8b79e9f27475ab40ef20950a	38	false
widgets/ganttchart/org.eclipse.nebula.widgets.ganttchart/src/org/eclipse/nebula/widgets/ganttchart/themes/ColorThemeGrayBlue.java	877709d52883140c595f1fc47a9e5bdeaedb7d88c17d517424e10f10002db8d7	877709d52883140c595f1fc47a9e5bdeaedb7d88c17d517424e10f10002db8d7	2b326d3fdb8bed8c5318f910440fce769a5be73fd2ef77e5f254eebd9cdac64c	164	false
widgets/ganttchart/org.eclipse.nebula.widgets.ganttchart/src/org/eclipse/nebula/widgets/ganttchart/themes/ColorThemeHighContrastBlack.java	29c11381792a8db5f83984150a633893270dda5834fe457d3032b1a82330dc74	29c11381792a8db5f83984150a633893270dda5834fe457d3032b1a82330dc74	81cae792c994c6a2bb8cc8e473ad272f070570d0b7e7282762e5c6031d7cf6d7	164	false
widgets/ganttchart/org.eclipse.nebula.widgets.ganttchart/src/org/eclipse/nebula/widgets/ganttchart/themes/ColorThemeSilver.java	8e957b5a79197df26a4c279c06bf719682f256f12272b38fa745580a99da96ea	8e957b5a79197df26a4c279c06bf719682f256f12272b38fa745580a99da96ea	4f3f1beeb1fd2ed4d376875a4b60628a62f67bfd79f14100cd7510429b2a64fe	164	false
widgets/ganttchart/org.eclipse.nebula.widgets.ganttchart/src/org/eclipse/nebula/widgets/ganttchart/themes/ColorThemeWindowsBlue.java	221d9e54e1907e57f52ac1966428420889c7444297e23f194d6875065fb97518	221d9e54e1907e57f52ac1966428420889c7444297e23f194d6875065fb97518	0db21c802a2f7852c7c27c9f1349962fb688884c966aabbac870858e77027135	164	false
widgets/ganttchart/org.eclipse.nebula.widgets.ganttchart/src/org/eclipse/nebula/widgets/ganttchart/undoredo/GanttUndoRedoManager.java	eb931729f17a5313516bc4198540300e7ae24141b1c2f73242618abae9698f3e	eb931729f17a5313516bc4198540300e7ae24141b1c2f73242618abae9698f3e	b596b768a41261a9654baed69da018b6566f46c5f5bc804400a9dfb4ff0dfa23	117	false
widgets/ganttchart/org.eclipse.nebula.widgets.ganttchart/src/org/eclipse/nebula/widgets/ganttchart/undoredo/IUndoRedoListener.java	9212267b9587122b5f6e64697d43a598f38d5c9e4d026a33d4ea134d0ca4fc27	9212267b9587122b5f6e64697d43a598f38d5c9e4d026a33d4ea134d0ca4fc27	7c2bd2e211782547926ce1ac4fc96e335b0785534e56c41cf5f2732cda1fa7db	0	false
widgets/ganttchart/org.eclipse.nebula.widgets.ganttchart/src/org/eclipse/nebula/widgets/ganttchart/undoredo/UndoRedoListenerAdapter.java	f46eae6fddcef761a4122e0f2b3561107024e7906087957962ed5495dde8ed09	f46eae6fddcef761a4122e0f2b3561107024e7906087957962ed5495dde8ed09	41816f264b28d4b9a3557d053f54335bd2c4a1a1e7a5f1c98f53209bc64567e8	5	false
widgets/ganttchart/org.eclipse.nebula.widgets.ganttchart/src/org/eclipse/nebula/widgets/ganttchart/undoredo/commands/AbstractUndoRedoCommand.java	91e1bad95a741b790f19eb7957e60b9393d81e8bfb26768745d19c0954313d2f	91e1bad95a741b790f19eb7957e60b9393d81e8bfb26768745d19c0954313d2f	4ab0de527f37e9c3ea68c70d8cd0b5d1797e69e759150e63d0a493041b44c838	0	false
widgets/ganttchart/org.eclipse.nebula.widgets.ganttchart/src/org/eclipse/nebula/widgets/ganttchart/undoredo/commands/ClusteredCommand.java	739bdaa3e05481b1d1ec52491c32338d450e5ea6c8ea602294d2908a858eb4ae	739bdaa3e05481b1d1ec52491c32338d450e5ea6c8ea602294d2908a858eb4ae	5a0d1c9c108835a669f6a5b95aa1430abd345955304a4ec6805d3ed67c721949	59	false
widgets/ganttchart/org.eclipse.nebula.widgets.ganttchart/src/org/eclipse/nebula/widgets/ganttchart/undoredo/commands/EventDeleteCommand.java	cac727fd2cbf2053944fc731fef9c64aa2bae8a9020d30c4f9696e39d6cb18f1	cac727fd2cbf2053944fc731fef9c64aa2bae8a9020d30c4f9696e39d6cb18f1	2ee84212ee2e28f18194c4aabafb05507c2487e520d7b245f431f1cd60f689ba	37	false
widgets/ganttchart/org.eclipse.nebula.widgets.ganttchart/src/org/eclipse/nebula/widgets/ganttchart/undoredo/commands/EventMoveCommand.java	210fc377716b6cb8ffafa5b708637f2aa2f092903fbf25a2dff1a7bbf8a8f90c	210fc377716b6cb8ffafa5b708637f2aa2f092903fbf25a2dff1a7bbf8a8f90c	c09890fbf92ab2dc0d4f4da4c1dd3babb92478f782cc4ba387771021dedbc340	129	false
widgets/ganttchart/org.eclipse.nebula.widgets.ganttchart/src/org/eclipse/nebula/widgets/ganttchart/undoredo/commands/EventResizeCommand.java	6caeacd8dcca5b8f8d77bf98d078ec48008f541c9eee08be80d7cf0e18f9e3c5	6caeacd8dcca5b8f8d77bf98d078ec48008f541c9eee08be80d7cf0e18f9e3c5	2ffd52532cecc04af20953b49a17afa9194f2e80ce19ba21ebb9a3bc9ce84671	2	false
widgets/ganttchart/org.eclipse.nebula.widgets.ganttchart/src/org/eclipse/nebula/widgets/ganttchart/undoredo/commands/IUndoRedoCommand.java	5ccb5bad6c970cb370d46a17775c441a8bffbf4fa8d55dfc59f776adb2bc8608	5ccb5bad6c970cb370d46a17775c441a8bffbf4fa8d55dfc59f776adb2bc8608	476e50a5496a8440dded408c62ed3f460f2c1f50479004ac150cfc629ff48c3f	0	false
widgets/ganttchart/org.eclipse.nebula.widgets.ganttchart/src/org/eclipse/nebula/widgets/ganttchart/undoredo/commands/SectionDeleteCommand.java	bbe86e8715ba4c78fa5163c7b20a69938b06e31c5906b099851a600b5466283a	bbe86e8715ba4c78fa5163c7b20a69938b06e31c5906b099851a600b5466283a	badfe1538c2c73344072c1d710563bf7d139d5400561b919a6f5a98428faf9b0	24	false
widgets/ganttchart/org.eclipse.nebula.widgets.ganttchart/src/org/eclipse/nebula/widgets/ganttchart/utils/DateRange.java	18d8d2bb31bc24417b178815f0e0d0c00cdae8bc5481b69a43adbd3e13f4cd27	18d8d2bb31bc24417b178815f0e0d0c00cdae8bc5481b69a43adbd3e13f4cd27	d51f730e0d832df140addb5a0828a0439cf1617187054011b806ec81d7cbac88	25	false
widgets/ganttchart/org.eclipse.nebula.widgets.ganttchart/src/org/eclipse/nebula/widgets/ganttchart/utils/TextPainterHelper.java	6d6fb9ad57693e0d16ba6c3231e356a314b41dc888833ea1cba6f9ae0eb1b976	6d6fb9ad57693e0d16ba6c3231e356a314b41dc888833ea1cba6f9ae0eb1b976	7f2d98386311e1002136df4859c3b5edc1f6972fcb565cfee7b691711e69c7c7	116	false
widgets/geomap/org.eclipse.nebula.widgets.geomap.example/src/org/eclipse/nebula/widgets/geomap/jface/example/GeoMapViewerExampleTab.java	53108f975f328fedf220fb77736d23f3a30beef57170700ad12a7a9925370147	53108f975f328fedf220fb77736d23f3a30beef57170700ad12a7a9925370147	05aca54dd54a4ff7ae1eb4c5ca3e7f6dcf316f6d3c3a33f2e55dc69740aa0e00	154	false
widgets/geomap/org.eclipse.nebula.widgets.geomap.snippets/src/org/eclipse/nebula/widgets/geomap/snippets/GeoMapSnippet01.java	0e16b043c22247ae3651f05a48a7b4f1cee5f846775bd10d0bc2470db4b29ffc	0e16b043c22247ae3651f05a48a7b4f1cee5f846775bd10d0bc2470db4b29ffc	de6e79eccc5cc61d00f1a50b1aec4a77dc085d0f04e0d8b9895e2bf8181a0811	15	false
widgets/geomap/org.eclipse.nebula.widgets.geomap.tests/src/org/eclipse/nebula/widgets/geomap/tests/GeoMapTest.java	e66c176ff455a0f97fe5579865d9ea1d49107d23419bd5439383f63a40af9759	e66c176ff455a0f97fe5579865d9ea1d49107d23419bd5439383f63a40af9759	1674f0c0ed72c72fbaba05676892e4d7d42d204f3bf796968b893117ee0645f1	70	false
widgets/geomap/org.eclipse.nebula.widgets.geomap.tests/src/org/eclipse/nebula/widgets/geomap/tests/GeoMapViewerTest.java	dbfa7b8d053959740d8c40d2b8702883847cea403aac913ca823e45b9f3d86e7	dbfa7b8d053959740d8c40d2b8702883847cea403aac913ca823e45b9f3d86e7	2baded4903d14b84ba07f12a8e18b14c26750b4ffdd1f9a8a9c63f1a05016aca	92	false
widgets/geomap/org.eclipse.nebula.widgets.geomap.tests/src/org/eclipse/nebula/widgets/geomap/tests/SWTBotCanvas.java	d834b03506fca0b0838c27fa401bfec8c23470ef9724504db33e60cc6fa9bc68	d834b03506fca0b0838c27fa401bfec8c23470ef9724504db33e60cc6fa9bc68	da45788121996b95df99c01d0c3bfac8c372143344ac9039b2a1b582c24d099f	36	false
widgets/geomap/org.eclipse.nebula.widgets.geomap.tests/src/org/eclipse/nebula/widgets/geomap/tests/SWTBotGeoMap.java	7ff3a6e3318c305014779767a76ef81bdbf14b58600799d84b86ef61a9850273	7ff3a6e3318c305014779767a76ef81bdbf14b58600799d84b86ef61a9850273	fc35160b1b74b12cb9a38cf1ce3f9998e4a652e424f8804d0bc48fdde58c18f4	12	false
widgets/geomap/org.eclipse.nebula.widgets.geomap/src/org/eclipse/nebula/widgets/geomap/GeoMap.java	0b9ae72a593bd4be71afaef38e1e30cc230ff57220dc0a37c183094da232d5d8	0b9ae72a593bd4be71afaef38e1e30cc230ff57220dc0a37c183094da232d5d8	b979938a064cf2dc6986ab85b916c467164cd98b77dd122e6714ecc86058fccb	125	false
widgets/geomap/org.eclipse.nebula.widgets.geomap/src/org/eclipse/nebula/widgets/geomap/GeoMapListener.java	bdaa3628334fd1ccf002463947ae6d7255209974db2a489d7c8dc0f2a5207696	bdaa3628334fd1ccf002463947ae6d7255209974db2a489d7c8dc0f2a5207696	9335d09bd9765cc66d178191396f522a69459eb97f7eff0b827cdc20b1a8c2de	0	false
widgets/geomap/org.eclipse.nebula.widgets.geomap/src/org/eclipse/nebula/widgets/geomap/GeoMapUtil.java	ced8be5cf1e86ea8f337ab42c6f48fb3efe6697a596c46d2db79732ccce52c33	ced8be5cf1e86ea8f337ab42c6f48fb3efe6697a596c46d2db79732ccce52c33	fcc706bf86d3ffdb911c3922b64b4edc5d7085a5f259c1df81ee0a6b18224269	64	false
widgets/geomap/org.eclipse.nebula.widgets.geomap/src/org/eclipse/nebula/widgets/geomap/GoogleTileServer.java	905290af336ee088dba526b50925d89a2010cb5859212229c21b7f3752d7b461	905290af336ee088dba526b50925d89a2010cb5859212229c21b7f3752d7b461	bef4abe16caa1908c20a4faec911b300b66c967f01ad1219f93f7e02a646c871	2	false
widgets/geomap/org.eclipse.nebula.widgets.geomap/src/org/eclipse/nebula/widgets/geomap/OsmTileServer.java	051093860331735a06e9c5169b0e26ab4e19ffe210c13ed6569a901ed4ce08cf	051093860331735a06e9c5169b0e26ab4e19ffe210c13ed6569a901ed4ce08cf	f7850aa88e6250467fd4fe962da830061fc0f22cf7f3be3124d2cdaff440729a	2	false
widgets/geomap/org.eclipse.nebula.widgets.geomap/src/org/eclipse/nebula/widgets/geomap/PointD.java	ab25cb8fb94cbcef86bf7466551a0ac238f98cede17372489b040d5506e43d5a	ab25cb8fb94cbcef86bf7466551a0ac238f98cede17372489b040d5506e43d5a	ec3e70f483002cdc81810fed541d30f4dd2ef8375ab97bd0f65d8cb37ade9b77	5	false
widgets/geomap/org.eclipse.nebula.widgets.geomap/src/org/eclipse/nebula/widgets/geomap/TileServer.java	9a72b583ce704efee22a2d1d53b30a4f4b7e4f95591a1c1c8777d94b3465ad6e	9a72b583ce704efee22a2d1d53b30a4f4b7e4f95591a1c1c8777d94b3465ad6e	0d15b9c732a056f8aa54d059242ad0eba27a553833e1bce5b9fbba8513107c71	44	false
widgets/geomap/org.eclipse.nebula.widgets.geomap/src/org/eclipse/nebula/widgets/geomap/draw2d/MapFigure.java	9d614e6a5702573bbc2b2c6773eadcf312200997dbb4040f6a84e93dff944f17	9d614e6a5702573bbc2b2c6773eadcf312200997dbb4040f6a84e93dff944f17	0e8434b92296f04f6682786bec2e0985095ecc96ef08c5fb4cda229fdd10cb8e	80	false
widgets/geomap/org.eclipse.nebula.widgets.geomap/src/org/eclipse/nebula/widgets/geomap/internal/AsyncImage.java	6cf435ad7cff42d013945076fa0fc69362b12d73fb24804f210f5cb5ad6fc55e	6cf435ad7cff42d013945076fa0fc69362b12d73fb24804f210f5cb5ad6fc55e	bdf0e90f209abd3c6fab02f7a99163c0bcd5ce6aad1638fa93a11087c6a90924	48	false
widgets/geomap/org.eclipse.nebula.widgets.geomap/src/org/eclipse/nebula/widgets/geomap/internal/DefaultMouseHandler.java	399a7ae616bad67c6478ae812a92a01c0a60cb93299ecb6f3d156b9068646ed2	399a7ae616bad67c6478ae812a92a01c0a60cb93299ecb6f3d156b9068646ed2	7eecbaf05dc4cf03b421121ad9ea54320ca66663fd1425f39f279dad0d94e879	195	false
widgets/geomap/org.eclipse.nebula.widgets.geomap/src/org/eclipse/nebula/widgets/geomap/internal/GeoMapHelper.java	6e35e4e57ff2c830b6279f039dfa59735efd2161af2e4e782383eb757cc34701	6e35e4e57ff2c830b6279f039dfa59735efd2161af2e4e782383eb757cc34701	d1832ff127e77c2ee3d2998ba5bde7eb7385e4902101b3e85f61bbbf78086284	159	false
widgets/geomap/org.eclipse.nebula.widgets.geomap/src/org/eclipse/nebula/widgets/geomap/internal/GeoMapHelperListener.java	13d63c8cdabca6549643f74e96bee0f863f1b713b2047519f0b1b9c9979877c3	13d63c8cdabca6549643f74e96bee0f863f1b713b2047519f0b1b9c9979877c3	e2ae2a3110f49b5eb323d4120dab0a688a3a7ab2d4c7c1dbb791b715a8c63382	0	false
widgets/geomap/org.eclipse.nebula.widgets.geomap/src/org/eclipse/nebula/widgets/geomap/internal/GeoMapPositioned.java	524d48fec6090510a7cfa1930c6e6a84e511a73f0d715352a9a5935a567fe3bc	524d48fec6090510a7cfa1930c6e6a84e511a73f0d715352a9a5935a567fe3bc	3b293bb85732475950eb71bae6bc98ccacf2ebff7ea2b1668516c539e748561f	0	false
widgets/geomap/org.eclipse.nebula.widgets.geomap/src/org/eclipse/nebula/widgets/geomap/internal/InternalGeoMap.java	46fc2f0a5febba486634f181c580ea75b5c46495b2e157d9e44f9cf0c87ab6de	46fc2f0a5febba486634f181c580ea75b5c46495b2e157d9e44f9cf0c87ab6de	4389c0a5f0002438644a4da824339612d37144c90c2b57e1c8a16470de407339	35	false
widgets/geomap/org.eclipse.nebula.widgets.geomap/src/org/eclipse/nebula/widgets/geomap/internal/InternalGeoMapListener.java	6f4738e39056a205ec1200e4a41e437dd70fe1eaa4581aa302202b84413c52d9	6f4738e39056a205ec1200e4a41e437dd70fe1eaa4581aa302202b84413c52d9	06b64f6a5d0b8e00d387b4bf947c927b8e648b7ca1f5ea0d3439f4ae88a06520	0	false
widgets/geomap/org.eclipse.nebula.widgets.geomap/src/org/eclipse/nebula/widgets/geomap/internal/TileRef.java	8cce6a70451b321f8e0946e8109a5fa53cba86079bf5a89a0c8ac55aba51d91d	8cce6a70451b321f8e0946e8109a5fa53cba86079bf5a89a0c8ac55aba51d91d	8d1133c748e9cef4ca0e72f1d45efc4ed5a216be95c247f3b46f0f4806de274e	22	false
widgets/geomap/org.eclipse.nebula.widgets.geomap/src/org/eclipse/nebula/widgets/geomap/internal/URLService.java	835234362793d0d1ae6348c9f8ebf8b61bfe5c23a1c65643c3f2a45f70e3df6c	835234362793d0d1ae6348c9f8ebf8b61bfe5c23a1c65643c3f2a45f70e3df6c	7d144509ddf6c6020bfd77c02b4e7b9c5069bc8cfc8dffac8b97dc7635b26813	31	false
widgets/geomap/org.eclipse.nebula.widgets.geomap/src/org/eclipse/nebula/widgets/geomap/internal/geomapbrowser/AbstractPage.java	e60d0350478c25867cda6e146019f38fc6397752fa32522fca31c463a65387d8	e60d0350478c25867cda6e146019f38fc6397752fa32522fca31c463a65387d8	576372b76d9a3c7891b4295f9cb02d66b7cf07ecee332f80c86ea29e0fd6c530	49	false
widgets/geomap/org.eclipse.nebula.widgets.geomap/src/org/eclipse/nebula/widgets/geomap/internal/geomapbrowser/GeoMapBrowser.java	adbaa3223871b12ac79a2db1e6b0ae9d7e27f172f0c5a1e40ff48bcdf8a81ae6	adbaa3223871b12ac79a2db1e6b0ae9d7e27f172f0c5a1e40ff48bcdf8a81ae6	a3d6b0bcfe73a0cff11fdbb40094e296b4a3b4a76260bff226dfbaf19b7fe1a3	41	false
widgets/geomap/org.eclipse.nebula.widgets.geomap/src/org/eclipse/nebula/widgets/geomap/internal/geomapbrowser/HeaderControl.java	daf75d6e501d27661ac91cf7e74693011e60d0afa16e08cf563eac249fe91b65	daf75d6e501d27661ac91cf7e74693011e60d0afa16e08cf563eac249fe91b65	95229a69854082b8886ab250d1113dd37cae4793f96d35ff01e83a9a6e657897	36	false
widgets/geomap/org.eclipse.nebula.widgets.geomap/src/org/eclipse/nebula/widgets/geomap/internal/geomapbrowser/InfoPage.java	0b35a8d4db03f0fa757fe04fdfec19ce0c210df50f761982e25e9b64b84371e2	0b35a8d4db03f0fa757fe04fdfec19ce0c210df50f761982e25e9b64b84371e2	950333c5df381ba881490ce5bbb55a0f6828925d19ce1781829bbf822fa7baaa	77	false
widgets/geomap/org.eclipse.nebula.widgets.geomap/src/org/eclipse/nebula/widgets/geomap/internal/geomapbrowser/Page.java	68903fcbe55b7fdf81d986c25b89b0a93ecc2b6dc9e5daba857a62c4bec78eb8	68903fcbe55b7fdf81d986c25b89b0a93ecc2b6dc9e5daba857a62c4bec78eb8	d1f031329b9d271c2517a2d3c30e53c0e53c35692850d811bfe7c3cadc51ff09	0	false
widgets/geomap/org.eclipse.nebula.widgets.geomap/src/org/eclipse/nebula/widgets/geomap/internal/geomapbrowser/PageContainer.java	4f469fb0bd88b0d8c97ee273293ef9b1e72c68fa0fbabbdf465b43d4a12eec9c	4f469fb0bd88b0d8c97ee273293ef9b1e72c68fa0fbabbdf465b43d4a12eec9c	230259b457d271500c73ee2c6ce74f609bf154d8608719c5528f3c156133514f	32	false
widgets/geomap/org.eclipse.nebula.widgets.geomap/src/org/eclipse/nebula/widgets/geomap/internal/geomapbrowser/ResultsPage.java	597ee1bed55b59ce9e03e50db89f4883789eaab7908b24161e130422876ceb02	597ee1bed55b59ce9e03e50db89f4883789eaab7908b24161e130422876ceb02	f80ece7f1f9923f07636047c700b0b0d1d640914a3e4e9c28f426ba306c83cd4	75	false
widgets/geomap/org.eclipse.nebula.widgets.geomap/src/org/eclipse/nebula/widgets/geomap/internal/geomapbrowser/SearchPage.java	4abd348a18ec76934725392a4b654fba9ffe0c326d36628192a7dc45bb593da1	4abd348a18ec76934725392a4b654fba9ffe0c326d36628192a7dc45bb593da1	39ecbfaa6474d92ba2b3559cbee6ea9d0aad197f3d55842bca86eb7a5d9daf2b	149	false
widgets/geomap/org.eclipse.nebula.widgets.geomap/src/org/eclipse/nebula/widgets/geomap/internal/geomapbrowser/TitleControl.java	56344c5b23d172c17ddee27ef087b1c82f02aa049c83845a4499b124304ac18c	56344c5b23d172c17ddee27ef087b1c82f02aa049c83845a4499b124304ac18c	70ec263bafd97bf44eceecbdb868d478411150e1e56e37a5a8d2cf7f5a33c2fd	62	false
widgets/geomap/org.eclipse.nebula.widgets.geomap/src/org/eclipse/nebula/widgets/geomap/jface/GeoMapViewer.java	ad79ca0e8f2f645ae9bf195440c1220827426ae36de28683c230ecb9e0b3a527	ad79ca0e8f2f645ae9bf195440c1220827426ae36de28683c230ecb9e0b3a527	75533955c2a8de7ba6dade5ec9f7104ca7984a8b861f1afa2b11e50b59c30dd1	275	false
widgets/geomap/org.eclipse.nebula.widgets.geomap/src/org/eclipse/nebula/widgets/geomap/jface/GoogleIconDescriptor.java	93b407c1f27ada87fbd0257bdb198c1abd5e25c395877b28d8e42e624a9d427c	93b407c1f27ada87fbd0257bdb198c1abd5e25c395877b28d8e42e624a9d427c	1ea5ad155819ffe5349630e7451da2bb9954c3b59f2490e9f1f6018d1d0a7c8d	65	false
widgets/geomap/org.eclipse.nebula.widgets.geomap/src/org/eclipse/nebula/widgets/geomap/jface/GoogleMapsSearchServer.java	4b541b53afc97604c3acb3f4ddb041f3b42b58d4406c1c2fdc51da51f08cbabe	4b541b53afc97604c3acb3f4ddb041f3b42b58d4406c1c2fdc51da51f08cbabe	5c61acb9fd6b34ac19696b2c4a68b05d1ed57c5c1f570af46652247276075c80	46	false
widgets/geomap/org.eclipse.nebula.widgets.geomap/src/org/eclipse/nebula/widgets/geomap/jface/IPinPointProvider.java	de183d0b54b74aef295529c09e1fd3a2d562087264ec32984a3cb6c9dfd930cd	de183d0b54b74aef295529c09e1fd3a2d562087264ec32984a3cb6c9dfd930cd	270f91cb2eb637a662ebbeccfefe8c1eb63cb6f56394e453e827c82c2bc82b45	0	false
widgets/geomap/org.eclipse.nebula.widgets.geomap/src/org/eclipse/nebula/widgets/geomap/jface/IToolTipProvider.java	470104fbfa7a86f18d99e42326e545900792181ed4950d63a2f5a2e1e5dde900	470104fbfa7a86f18d99e42326e545900792181ed4950d63a2f5a2e1e5dde900	db4cb968d1b4f60a26be3d877f990bdca896b77ed26b38b55fb77af1a30dcad1	0	false
widgets/geomap/org.eclipse.nebula.widgets.geomap/src/org/eclipse/nebula/widgets/geomap/jface/LabelImageProvider.java	4c66427941a7816b179152823f43a4e1d921f38ef8a2b81367c836e002d35a4d	4c66427941a7816b179152823f43a4e1d921f38ef8a2b81367c836e002d35a4d	14be67962f19d2171650a4c8926c7372e6e993351087733c10f4b57c703a46ef	55	false
widgets/geomap/org.eclipse.nebula.widgets.geomap/src/org/eclipse/nebula/widgets/geomap/jface/Located.java	fb0b5ca18307ef4e47d832463fb5f28e99314696f8c13eee510a3fc772e7383e	fb0b5ca18307ef4e47d832463fb5f28e99314696f8c13eee510a3fc772e7383e	e9e0c4756579e2d579d9d1025fa91f0f16889ec84d213895563d1c4f61926e22	2	false
widgets/geomap/org.eclipse.nebula.widgets.geomap/src/org/eclipse/nebula/widgets/geomap/jface/LocationProvider.java	9779bfe8608337fd7e98aec6d1fd1e0a65411dbdfc224dd2d0d0365e940635e9	9779bfe8608337fd7e98aec6d1fd1e0a65411dbdfc224dd2d0d0365e940635e9	da0dd55aa81bcd4b7a32c533e701c871b4dbc09244880aca8a3850760363182f	0	false
widgets/geomap/org.eclipse.nebula.widgets.geomap/src/org/eclipse/nebula/widgets/geomap/jface/OsmSearchServer.java	13c0686ee9b33a4058f94d33d6315ee5c19a45f8437255db85ab9c5dd7aa6afe	13c0686ee9b33a4058f94d33d6315ee5c19a45f8437255db85ab9c5dd7aa6afe	6f4b66aa9b947649188de62249046c576315245883bc378d21e6760e13e67466	25	false
widgets/geomap/org.eclipse.nebula.widgets.geomap/src/org/eclipse/nebula/widgets/geomap/jface/SearchServer.java	066ddbed2153b7a501ae73e41bfb8871a8ba3a10a7aacfeeaa1b4fb5b309db3d	066ddbed2153b7a501ae73e41bfb8871a8ba3a10a7aacfeeaa1b4fb5b309db3d	11eb2b1d6a5d7c8c86ac416d01e71ef6a23c1f0b7780ff278cc80f05519fb507	82	false
widgets/grid/org.eclipse.nebula.widgets.grid.css/src/org/eclipse/nebula/widgets/grid/css/CSSEngineHelper.java	205ee38480cc0a6de7f4c85d814a144c725703e50b6160b08d7e953dcf38a573	205ee38480cc0a6de7f4c85d814a144c725703e50b6160b08d7e953dcf38a573	b34d1404b66068de7706d4d254a775ea965c8ee657a19bd7988a2e31b97a826e	10	false
widgets/grid/org.eclipse.nebula.widgets.grid.css/src/org/eclipse/nebula/widgets/grid/css/GridElement.java	b5cb467fe7737e32c4a3c9a5f82ad01ca4e758eea532164b7116a169018fd804	b5cb467fe7737e32c4a3c9a5f82ad01ca4e758eea532164b7116a169018fd804	61e0a83aa264e9b344062fb98a86ac81d6a3bb6076ee99e9490d61ea337a37e9	2	false
widgets/grid/org.eclipse.nebula.widgets.grid.css/src/org/eclipse/nebula/widgets/grid/css/GridElementProvider.java	52b898c13a624f9abcb6303cd88e83db2fe836bf9208f3a7c028e667a8ab080a	52b898c13a624f9abcb6303cd88e83db2fe836bf9208f3a7c028e667a8ab080a	48fff6e178c8672cbdf563845e75a2cf35ec09f5748e048c519383893d34e46f	2	false
widgets/grid/org.eclipse.nebula.widgets.grid.css/src/org/eclipse/nebula/widgets/grid/css/GridPropertyHandler.java	3ae779b7982be85cb47c7875639edbc3e520e42c34595f9a9393501df0e88da9	3ae779b7982be85cb47c7875639edbc3e520e42c34595f9a9393501df0e88da9	59a8846f67ff6e981d9c5185933673b3e8ad0f228f94ccd1a0aefa0d53b90e95	231	false
widgets/grid/org.eclipse.nebula.widgets.grid.css/src/org/eclipse/nebula/widgets/grid/css/TestLCN.java	035c6f3a97bc3dc38c3c5382b33b094f0ded1c667791479491f48962cafe3a3f	035c6f3a97bc3dc38c3c5382b33b094f0ded1c667791479491f48962cafe3a3f	ea7b1020bc5d5ded1360d5a132590c1b56b94ea1e238b036f28856a9d4704d6c	3	false
widgets/grid/org.eclipse.nebula.widgets.grid.example.e4/src/org/eclipse/nebula/widgets/grid/example/e4/Activator.java	5176948699e62d3589c0513087628f8cd3308a5f6e81650c79bb195b68becaa4	5176948699e62d3589c0513087628f8cd3308a5f6e81650c79bb195b68becaa4	c89d0b70ad7b93a2b3746388ff7f81f3f7765d2308f428e0df17d786b09d3c43	6	false
widgets/grid/org.eclipse.nebula.widgets.grid.example.e4/src/org/eclipse/nebula/widgets/grid/example/e4/handlers/AboutHandler.java	f1cacec8eecf857e218a024da4c99eb44bd59e0e150087e43802234991203a2f	f1cacec8eecf857e218a024da4c99eb44bd59e0e150087e43802234991203a2f	d17a97d0ee82e211792b8487fdb73c0891a2c783cb2443056c01563ee29d5f82	2	false
widgets/grid/org.eclipse.nebula.widgets.grid.example.e4/src/org/eclipse/nebula/widgets/grid/example/e4/handlers/QuitHandler.java	efba2eafad12602e46741a364f89dec053eb12a6cf889c898643758f6e5671d2	efba2eafad12602e46741a364f89dec053eb12a6cf889c898643758f6e5671d2	fd69a9b85c6aad11a118636d8eaf19bc367f0549cdbdd9ef18c9b2318b963517	4	false
widgets/grid/org.eclipse.nebula.widgets.grid.example.e4/src/org/eclipse/nebula/widgets/grid/example/e4/parts/FirstPart.java	e62c213642ceb9ce4033990df518968964c86fd3272c97e59b6211aecdda7ed2	e62c213642ceb9ce4033990df518968964c86fd3272c97e59b6211aecdda7ed2	b2c20e1cb0fe5ad5b32834a45c3abdae2aec5cd85bba508927e8a0b41b18e6fc	18	false
widgets/grid/org.eclipse.nebula.widgets.grid.example.e4/src/org/eclipse/nebula/widgets/grid/example/e4/parts/FourthPart.java	500d1cd76b425fee89e3b43378b86e597d13479943d1dda063121a9c331e10a3	500d1cd76b425fee89e3b43378b86e597d13479943d1dda063121a9c331e10a3	37878a25dc9af89d2e0ebf9c6bba71cd0a414415d9cdb243c71d852d18fe876d	28	false
widgets/grid/org.eclipse.nebula.widgets.grid.example.e4/src/org/eclipse/nebula/widgets/grid/example/e4/parts/SecondPart.java	1af55ae01be5bd39a3bbb8becf2dd687f823d609c51dfa86e30719721a40399a	1af55ae01be5bd39a3bbb8becf2dd687f823d609c51dfa86e30719721a40399a	16a75cf3a9f39f6ad8f10ca0c53fb1a9fcc2816aaeab2f8e6c34e6d8e2467dc3	28	false
widgets/grid/org.eclipse.nebula.widgets.grid.example.e4/src/org/eclipse/nebula/widgets/grid/example/e4/parts/ThirdPart.java	076b913e8406e146fcaa9e68c2499d2af27c5a3d99d324e7435cef2360b0e67b	076b913e8406e146fcaa9e68c2499d2af27c5a3d99d324e7435cef2360b0e67b	2ffde1129662e1546e20d0dd80ae51822092a685b4dc686b36cd421a2276b3e1	28	false
widgets/grid/org.eclipse.nebula.widgets.grid.example/src/org/eclipse/nebula/widgets/grid/example/GridExampleTab.java	1ba75ba99b6f670dbb372231d05a50c4c17d1c85a750024a344eef9cf2a1bec1	1ba75ba99b6f670dbb372231d05a50c4c17d1c85a750024a344eef9cf2a1bec1	a1ed20101c42258b8946c5f0ccabea035b9989c1a485f9644e00e1f54bde5d42	271	false
widgets/grid/org.eclipse.nebula.widgets.grid.test/src/org/eclipse/nebula/widgets/grid/Fixture.java	eda76ec1466890578057129902779539022f19c3798cc9c20b06d7fba3c87f29	eda76ec1466890578057129902779539022f19c3798cc9c20b06d7fba3c87f29	6859eaeeeefc210b929c59646f60aee54cb2a5315af7f09a32d8b38c396a7c76	1	false
widgets/grid/org.eclipse.nebula.widgets.grid.test/src/org/eclipse/nebula/widgets/grid/GridColumnGroup_Test.java	14e729981c40afe8a5a0d992bed0deb0747f4ad32ddf08f63689eed755eb4a8e	14e729981c40afe8a5a0d992bed0deb0747f4ad32ddf08f63689eed755eb4a8e	c98546bacfa900f917750770984ac6139077b6e1c329d5e3e9eca2e3ff7e3d4f	68	false
widgets/grid/org.eclipse.nebula.widgets.grid.test/src/org/eclipse/nebula/widgets/grid/GridColumn_Test.java	88de63dea9ec46185bc025eaa8c5cef19fac32ae59421579740168534af44f6d	88de63dea9ec46185bc025eaa8c5cef19fac32ae59421579740168534af44f6d	46d71e23c58d82ad6fdd4737bf041877639791129c319c151d5622cc49b78e70	402	false
widgets/grid/org.eclipse.nebula.widgets.grid.test/src/org/eclipse/nebula/widgets/grid/GridFixedColumn_Test.java	24e3ed8dd45d4c82b7709119dbd499ffa2f2fb723fa765f0da1bb8e1eab8b31d	24e3ed8dd45d4c82b7709119dbd499ffa2f2fb723fa765f0da1bb8e1eab8b31d	91508cfc545eb1365e4bc6887ee2a7cfc91f914b1b9f8e994a4f638196e1749e	134	false
widgets/grid/org.eclipse.nebula.widgets.grid.test/src/org/eclipse/nebula/widgets/grid/GridGcProxy_Test.java	172c3ae8c3d97a21fdd48fd6c033c9439d192f1ea632a2e418d970db14cfdf81	172c3ae8c3d97a21fdd48fd6c033c9439d192f1ea632a2e418d970db14cfdf81	6b86bb58f090f0c4ee68da0dfa890715d919e494ef37bd49ac719ae986d949c7	152	false
widgets/grid/org.eclipse.nebula.widgets.grid.test/src/org/eclipse/nebula/widgets/grid/GridItem_Test.java	3cd1adad81e616a2c5a3b68cb664227b23508e78a6c3adf846e56db1180f05d1	3cd1adad81e616a2c5a3b68cb664227b23508e78a6c3adf846e56db1180f05d1	662ed5ab8562b0001081d722d9277cbcc3046d0d1e1b90b3b3eb24c12afdbb2a	492	false
widgets/grid/org.eclipse.nebula.widgets.grid.test/src/org/eclipse/nebula/widgets/grid/GridSnippet1.java	bb8525db31f1f146ef354decf3ffaea98cfad9a10d3c09b113ec16c7b9b28574	bb8525db31f1f146ef354decf3ffaea98cfad9a10d3c09b113ec16c7b9b28574	b11b7e379b83aa8be7d45f1a5deb0765438f6a8b41bc638e893bf7fe42034e5e	20	false
widgets/grid/org.eclipse.nebula.widgets.grid.test/src/org/eclipse/nebula/widgets/grid/GridTestUtil.java	0ce02c587fb9bd2af1a3ced1e40e81bf3722430631b7d484a83c62bf41beadcc	0ce02c587fb9bd2af1a3ced1e40e81bf3722430631b7d484a83c62bf41beadcc	af7b79784637b0033636de6cbe6f9beeb581995b578b18345d960fbeb29999c2	61	false
widgets/grid/org.eclipse.nebula.widgets.grid.test/src/org/eclipse/nebula/widgets/grid/GridViewportCoordinates_Test.java	b4bb44c40e4688deb27cb3e47704f57aa86861c4e48e5fccad8f29b198d53991	b4bb44c40e4688deb27cb3e47704f57aa86861c4e48e5fccad8f29b198d53991	b4b81d1328b833c1fb1d1cfd7583bb0dbdc4d0252098ca94d92e77ff3c5f0727	143	false
widgets/grid/org.eclipse.nebula.widgets.grid.test/src/org/eclipse/nebula/widgets/grid/GridVisibleRangeSupport_Test.java	b71b7f2289127bb0d444a1f34638dab2977bea91327bb6b967cba4448e3c227a	b71b7f2289127bb0d444a1f34638dab2977bea91327bb6b967cba4448e3c227a	207c21c5e2cb2d5f2badfce624d89adf3ec9cab0a652af9ce06502bcdfe02306	199	false
widgets/grid/org.eclipse.nebula.widgets.grid.test/src/org/eclipse/nebula/widgets/grid/Grid_Test.java	0ccd866e02789669d6a8a1a64d10fe17157f180027c4f0ba474570a7a58d4d98	0ccd866e02789669d6a8a1a64d10fe17157f180027c4f0ba474570a7a58d4d98	64101b179319efc0f2cb2b6187c174291c1cf4c1db98ce2fddf72cfa2cb5c8b0	1433	false
widgets/grid/org.eclipse.nebula.widgets.grid.test/src/org/eclipse/nebula/widgets/grid/TestWithMain.java	02d89f871550b12a1fc044bd4be029eb5e4f37230afe9300a745db44dc574893	02d89f871550b12a1fc044bd4be029eb5e4f37230afe9300a745db44dc574893	bcffcc6ebebcf516fe19006746e5777b18a88c544c4386e6fa54d3cf11a2fe33	64	false
widgets/grid/org.eclipse.nebula.widgets.grid/src/org/eclipse/nebula/jface/gridviewer/CheckEditingSupport.java	110a6add4fec16689d3b4ecdca231f3212f64b87d2eb51940a2a7fd9ad1122b8	110a6add4fec16689d3b4ecdca231f3212f64b87d2eb51940a2a7fd9ad1122b8	446f479672cf1c26b021e4df259df4a46eae90e4628a8cead201c8ce091c5bc4	8	false
widgets/grid/org.eclipse.nebula.widgets.grid/src/org/eclipse/nebula/jface/gridviewer/GridColumnLabelProvider.java	286fa47bb0b9482a11de30c5686d49ff1362e2e1e61937b93d20fa980c976332	286fa47bb0b9482a11de30c5686d49ff1362e2e1e61937b93d20fa980c976332	7062ddbc0947c430b76fa387a3e2b3850dedd98b46956f505dd123295cb291d0	18	false
widgets/grid/org.eclipse.nebula.widgets.grid/src/org/eclipse/nebula/jface/gridviewer/GridColumnLayout.java	5d70c45ff5c3a5d737b71a3076199574b65066abf9c71029eac0f28d80fa2fc7	5d70c45ff5c3a5d737b71a3076199574b65066abf9c71029eac0f28d80fa2fc7	138e0df093f0c3fb100dce188cb14b2836a4900e97ffacf9ed64c4bc6c982521	21	false
widgets/grid/org.eclipse.nebula.widgets.grid/src/org/eclipse/nebula/jface/gridviewer/GridTableViewer.java	299f19f94a588c5b7aaf34f007573d0ccf87f54b60e0a0083f2c2677debbdc32	299f19f94a588c5b7aaf34f007573d0ccf87f54b60e0a0083f2c2677debbdc32	7ce2fc55cc21847b2e05f9089af7b40a9c14f6ae474f39593323f3885eca0409	249	false
widgets/grid/org.eclipse.nebula.widgets.grid/src/org/eclipse/nebula/jface/gridviewer/GridTreeViewer.java	4b3c2f829225136359e5f1eb2f1871f1d0f4d6d093e848abb59ca3780ada8f86	4b3c2f829225136359e5f1eb2f1871f1d0f4d6d093e848abb59ca3780ada8f86	acfe8c49680374dc76142a21bb95a8b7ce8d432c87cfe450c0d8c572bd27554b	156	false
widgets/grid/org.eclipse.nebula.widgets.grid/src/org/eclipse/nebula/jface/gridviewer/GridViewerColumn.java	46a44bd73a6d706900abe14382f153d1c94d65fec26feeda89f145f5b43f975f	46a44bd73a6d706900abe14382f153d1c94d65fec26feeda89f145f5b43f975f	336da64d99e66dc0f94d9bbbfe79e11465741fa5cc788b881573196bc9bc6e05	84	false
widgets/grid/org.eclipse.nebula.widgets.grid/src/org/eclipse/nebula/jface/gridviewer/GridViewerEditor.java	a4bbf3d85d7dfab2393b4ca410101451c251161bbb8edaeeb31791f713a4c7b3	a4bbf3d85d7dfab2393b4ca410101451c251161bbb8edaeeb31791f713a4c7b3	7d1ce5a3932d551b6d774be15eb861d53356653e64f0a56255ba4cf4e67f2191	50	false
widgets/grid/org.eclipse.nebula.widgets.grid/src/org/eclipse/nebula/jface/gridviewer/GridViewerRow.java	586d6238e66d1146a51ff322a0ddc35fa6de424608684b54ca64764191555666	586d6238e66d1146a51ff322a0ddc35fa6de424608684b54ca64764191555666	88a346ed0ed690e32a5618f720a542fb49cb41626a8ebe007d73ff6df0ce4549	133	false
widgets/grid/org.eclipse.nebula.widgets.grid/src/org/eclipse/nebula/jface/gridviewer/internal/CellSelection.java	35c4d27c859367dfb384b143ebd6320ecd84c0880a0ce557df0d9e5df2d47030	35c4d27c859367dfb384b143ebd6320ecd84c0880a0ce557df0d9e5df2d47030	8cdaabaed7168174df6ba3f3ee7c6fd86a4553414ffeee3590277ccb8820c87a	6	false
widgets/grid/org.eclipse.nebula.widgets.grid/src/org/eclipse/nebula/jface/gridviewer/internal/SelectionWithFocusRow.java	7d95f3158db8f90c00f1b739a553bd26ba82f56aa2f132fa50796984ca36558a	7d95f3158db8f90c00f1b739a553bd26ba82f56aa2f132fa50796984ca36558a	ae86ca0f0db3462378bc8863bd9597137d2adc5b86fe207a22ef6d8afc7216d3	5	false
widgets/grid/org.eclipse.nebula.widgets.grid/src/org/eclipse/nebula/widgets/grid/AbstractGridIdentityOccurrenceCounter.java	250df0a6757ee08a6be672b75e3077f6de3f9474db4cb434aa0204cd78339c7e	250df0a6757ee08a6be672b75e3077f6de3f9474db4cb434aa0204cd78339c7e	6b712d1920738d2645da68cfc88f2a1a280978a027b3117c239ace0f8698ec16	1	false
widgets/grid/org.eclipse.nebula.widgets.grid/src/org/eclipse/nebula/widgets/grid/AbstractGridOccurrenceDifference.java	b2ddd5b8b5e24ef0ebbae19dcc513f9e2ce1a4ada9bc70b5558f7a0cc7ca5dad	b2ddd5b8b5e24ef0ebbae19dcc513f9e2ce1a4ada9bc70b5558f7a0cc7ca5dad	38db94e724ef3dabf81e5a7c9cc00660118fb20c4ff426fd85a0984382c63329	3	false
widgets/grid/org.eclipse.nebula.widgets.grid/src/org/eclipse/nebula/widgets/grid/AbstractInternalWidget.java	e6bc3de5d841f22ff34affcbae17d55f9a82c7b72e9ac067ecf2e692537adcf5	e6bc3de5d841f22ff34affcbae17d55f9a82c7b72e9ac067ecf2e692537adcf5	9e1189fbf40509e18c837e6c8b25e34ee0b1813e971bcdd3ecb3ba412fdfd1eb	4	false
widgets/grid/org.eclipse.nebula.widgets.grid/src/org/eclipse/nebula/widgets/grid/AbstractRenderer.java	ef814d3fef76aecd35693e508a343fdd6e37cf7edaddbbf3dfd425b9fd231544	ef814d3fef76aecd35693e508a343fdd6e37cf7edaddbbf3dfd425b9fd231544	1b89cf584b7773f0149a9decaa0dfe55153c027a27c37a122ef48106f24ee7f4	40	false
widgets/grid/org.eclipse.nebula.widgets.grid/src/org/eclipse/nebula/widgets/grid/AdaptedDataVisualizer.java	34b05dde1fb2f3d8a19c8f4762d8ce17d8b8d79984913c54d5991074094eaab1	34b05dde1fb2f3d8a19c8f4762d8ce17d8b8d79984913c54d5991074094eaab1	9c325b98f4660a484f75ece7f9d0e995456641ac08524c4c67d2d5ff3fd5dc07	46	false
widgets/grid/org.eclipse.nebula.widgets.grid/src/org/eclipse/nebula/widgets/grid/DataVisualizer.java	839162dbde802da1cded2e2df08345df92a3cd6b014d0b1a4cfcd0a765898f19	839162dbde802da1cded2e2df08345df92a3cd6b014d0b1a4cfcd0a765898f19	fb9caba0d4125a3402ab95f5d2ddf436d09e1079b2792e6f0fe22b67c240f269	0	false
widgets/grid/org.eclipse.nebula.widgets.grid/src/org/eclipse/nebula/widgets/grid/DefaultCellRenderer.java	b98d1231f7defd5664cef6643c4369486a5bb42ab7452443ea7294ab4ee12177	b98d1231f7defd5664cef6643c4369486a5bb42ab7452443ea7294ab4ee12177	1960029bb73bc63360517772bac81fbc601e3dba3c3a68c04b2b457fe152ab03	402	false
widgets/grid/org.eclipse.nebula.widgets.grid/src/org/eclipse/nebula/widgets/grid/DefaultEmptyCellRenderer.java	80aec6040d3dc756cbc995b05c24e0b948c5353b5089fa6f2bee3525a553d21c	80aec6040d3dc756cbc995b05c24e0b948c5353b5089fa6f2bee3525a553d21c	743a666b78d1c2436f93efd956c2d48d3ab7b20175fe2cf10f6af6a471239359	37	false
widgets/grid/org.eclipse.nebula.widgets.grid/src/org/eclipse/nebula/widgets/grid/FixedGridColumns.java	c4e2e4a1cff37633cdfc7c2868782b1f160d7a9474820c22d5eb333e0856cc76	c4e2e4a1cff37633cdfc7c2868782b1f160d7a9474820c22d5eb333e0856cc76	ecb458493c9fa59c43a5ecd9b1a3141b56f53d945bcd968bac060779884ce072	2	false
widgets/grid/org.eclipse.nebula.widgets.grid/src/org/eclipse/nebula/widgets/grid/Grid.java	3c035104150bf133f20ab72c5031da8568f60590a576171d3ea2c2bf5e579ec1	3c035104150bf133f20ab72c5031da8568f60590a576171d3ea2c2bf5e579ec1	7e380f509a209384ea89879e5b9700b250fef8a84c48e35a9765fa5916448e49	5036	false
widgets/grid/org.eclipse.nebula.widgets.grid/src/org/eclipse/nebula/widgets/grid/GridAffineTransform.java	13a7740b2b0b9d948d8c7d4623c7f69e87ac3a9fc0e1d94ee551c31b0c10a327	13a7740b2b0b9d948d8c7d4623c7f69e87ac3a9fc0e1d94ee551c31b0c10a327	6b97a3d62978cb8950720c168fae62d206b0cd2b112f32585031fd5dbeb871e6	48	false
widgets/grid/org.eclipse.nebula.widgets.grid/src/org/eclipse/nebula/widgets/grid/GridCellRenderer.java	8e0dae4bf9fefbf471071786378c58a1c98b4688783ecbbe1bfcd2a148682104	8e0dae4bf9fefbf471071786378c58a1c98b4688783ecbbe1bfcd2a148682104	158ef5d21a39a2192ca6d3bfb863f87488556d9bf6b043fd74060a855d91cace	58	false
widgets/grid/org.eclipse.nebula.widgets.grid/src/org/eclipse/nebula/widgets/grid/GridCellSpanManager.java	d39fdec2a0d68de238e8787f138d049decd186a6fa8ec40fedb3398b21d1b4a6	d39fdec2a0d68de238e8787f138d049decd186a6fa8ec40fedb3398b21d1b4a6	768b55b45f9c439644cac92e8af1fb6645d06f0ede6c90c71efd6e93b094127b	27	false
widgets/grid/org.eclipse.nebula.widgets.grid/src/org/eclipse/nebula/widgets/grid/GridColumn.java	9541ffe08f721e6889712601d3db79994097676e099fff019889a1b02732cc6b	9541ffe08f721e6889712601d3db79994097676e099fff019889a1b02732cc6b	befc0477f13bb7726ef4074ea9a9f9cdc42400779762a923a919329cbd647e73	424	false
widgets/grid/org.eclipse.nebula.widgets.grid/src/org/eclipse/nebula/widgets/grid/GridColumnGroup.java	825c0823eadafe1173004a7f04b4db13971f07602abb83be751120813e142a98	825c0823eadafe1173004a7f04b4db13971f07602abb83be751120813e142a98	db97397cc34924c3a6366c5ddd9c797fd73cc550137dcb9a002c94ab923ef16d	170	false
widgets/grid/org.eclipse.nebula.widgets.grid/src/org/eclipse/nebula/widgets/grid/GridDifferenceCheckpoint.java	5163140334c5a71b5295120fb4ee562a6685ad57ea42c1d391b4c413aaa668cd	5163140334c5a71b5295120fb4ee562a6685ad57ea42c1d391b4c413aaa668cd	1e0c92d2d284a6182e594f436bdeb4e3224d15cadef248ddcce24893975fdbd6	14	false
widgets/grid/org.eclipse.nebula.widgets.grid/src/org/eclipse/nebula/widgets/grid/GridDifferenceIdentityPolicy.java	4afd7016d63456a48134819059fb8d37d6daee1412064dcfb4d2aab572050721	4afd7016d63456a48134819059fb8d37d6daee1412064dcfb4d2aab572050721	2cdeba4c681806ba712a5c5e107e432e2cfff23446cfc03a955634f5263589b2	28	false
widgets/grid/org.eclipse.nebula.widgets.grid/src/org/eclipse/nebula/widgets/grid/GridDragSourceEffect.java	55d0d6147e82df43fb85559c5ae3e1706689f9b88c5f506dede27daf358d50a7	55d0d6147e82df43fb85559c5ae3e1706689f9b88c5f506dede27daf358d50a7	98c4c1533b857ddc78e998a04f313027eca4cf8f6ee9fde34998e28320a0221b	90	false
widgets/grid/org.eclipse.nebula.widgets.grid/src/org/eclipse/nebula/widgets/grid/GridDropTargetEffect.java	7dbb0c6bef58a3ac04d365a7fb5e9902be81b8c97e53e86253eefbff1e6c809c	7dbb0c6bef58a3ac04d365a7fb5e9902be81b8c97e53e86253eefbff1e6c809c	502ab4ef7bbee47fb3b4be876bcd59df97cd5d4627d03a9b9d80c25de6c0bdf9	146	false
widgets/grid/org.eclipse.nebula.widgets.grid/src/org/eclipse/nebula/widgets/grid/GridEditor.java	6b8c7c656fffdab015796fb62b4764b5c67a1d7b80751af9645b30033cf40d98	6b8c7c656fffdab015796fb62b4764b5c67a1d7b80751af9645b30033cf40d98	5d0420eda9cf9b66a7829926aad55e1c3419530c8d1e9558334fda30c10fbbe7	192	false
widgets/grid/org.eclipse.nebula.widgets.grid/src/org/eclipse/nebula/widgets/grid/GridEqualityOccurrenceDifference.java	7418a42d6812816daf41d0caaa8310384923e0a3682d6a007cb3fac220877c61	7418a42d6812816daf41d0caaa8310384923e0a3682d6a007cb3fac220877c61	bacdff81870630553ce783eb65897352112472d9a0d0d10f3537c7b877676ba2	11	false
widgets/grid/org.eclipse.nebula.widgets.grid/src/org/eclipse/nebula/widgets/grid/GridFooterRenderer.java	f872c7f8174aea4176006b5e3b512eb8d71d32652fc7654c3528a484a24d365e	f872c7f8174aea4176006b5e3b512eb8d71d32652fc7654c3528a484a24d365e	5e7accf5e1d18989b2f1cb4765e62fee58c0e9a3ee7d81ccc523a46e9b22d43f	6	false
widgets/grid/org.eclipse.nebula.widgets.grid/src/org/eclipse/nebula/widgets/grid/GridGcProxy.java	9de0a3e85cec8607321ee6a2b587f61b1df7606bc6d17a8b88aa931c13b2f20f	9de0a3e85cec8607321ee6a2b587f61b1df7606bc6d17a8b88aa931c13b2f20f	ba0a41d9d9fe2ef11545de7be92b46cf0d30e24b9ef4c2f211021a58ac95c522	105	false
widgets/grid/org.eclipse.nebula.widgets.grid/src/org/eclipse/nebula/widgets/grid/GridHeaderEditor.java	eb764798a12fe0815c516cd66092e5544ba4df3cc4b18d7cca6fa06258ce0aaa	eb764798a12fe0815c516cd66092e5544ba4df3cc4b18d7cca6fa06258ce0aaa	a6260bb67dd68597c9ebfc4a72bcc3f41792d8ab1e43096708a494ba6c9fcb52	110	false
widgets/grid/org.eclipse.nebula.widgets.grid/src/org/eclipse/nebula/widgets/grid/GridHeaderRenderer.java	ff7902f356d4aeb0e28520c4451263732e7049969bba234fc07ca7ebf226e7c1	ff7902f356d4aeb0e28520c4451263732e7049969bba234fc07ca7ebf226e7c1	c3a6dad9803e6eb089343cb227484196dc640cf4eeed575546a977197929fef8	18	false
widgets/grid/org.eclipse.nebula.widgets.grid/src/org/eclipse/nebula/widgets/grid/GridIdentityOccurrenceCounter.java	778771bea0a1f893d745e3f725a3c50747bcb394bf48363baab2f18cb210e01f	778771bea0a1f893d745e3f725a3c50747bcb394bf48363baab2f18cb210e01f	f7aeacdbc0c128947555612e21de5a96bfbc2bd325e2e4c801fbd7bb53cb131e	0	false
widgets/grid/org.eclipse.nebula.widgets.grid/src/org/eclipse/nebula/widgets/grid/GridIdentityOccurrenceDifference.java	462139c10d7e99e2998a57998444351c011161fffd75ebbe779ef31dd27a3ccf	462139c10d7e99e2998a57998444351c011161fffd75ebbe779ef31dd27a3ccf	4e24e12e542fb67fe1a7b8bad53b4fdbb783e00d80c8c4e96d4024a6852cfea3	21	false
widgets/grid/org.eclipse.nebula.widgets.grid/src/org/eclipse/nebula/widgets/grid/GridIdentityOccurrenceTable.java	72e66147572991b0fe135d67c406505ca4a6f3fd2831a630e79385f9290d082d	72e66147572991b0fe135d67c406505ca4a6f3fd2831a630e79385f9290d082d	ee02cd7d38777bfcabab1d58fa8768edc14782162cef9c7c6dbf33bbdf8c9f8b	77	false
widgets/grid/org.eclipse.nebula.widgets.grid/src/org/eclipse/nebula/widgets/grid/GridItem.java	c424490507f793920c2a65391bac616adbbea1f4f370b8e9c9ed549c274e1bcc	c424490507f793920c2a65391bac616adbbea1f4f370b8e9c9ed549c274e1bcc	d2912837c7e2fca835f482a4838397754840c5805a2c067fa6d06acdf4fa08ab	623	false
widgets/grid/org.eclipse.nebula.widgets.grid/src/org/eclipse/nebula/widgets/grid/GridItemDataVisualizer.java	7c72accbde5e39f8101e199ac1bcefcb7a5929c6a5f46a3a2da5ca2fc5557fb0	7c72accbde5e39f8101e199ac1bcefcb7a5929c6a5f46a3a2da5ca2fc5557fb0	ff2b6828d1c12c3c3d9756da4202908508eae8f3fa9bf780c6dbc4dc5a1c558c	154	false
widgets/grid/org.eclipse.nebula.widgets.grid/src/org/eclipse/nebula/widgets/grid/GridOccurrenceDifference.java	1d452f73dd73b9c19433540407da8aa5fc1bae2f6013faff35e2fab13b05c730	1d452f73dd73b9c19433540407da8aa5fc1bae2f6013faff35e2fab13b05c730	566956fdc81e5cfa0999c05a4b23898734c548c888400cf77ddc2a34dd13fa02	0	false
widgets/grid/org.eclipse.nebula.widgets.grid/src/org/eclipse/nebula/widgets/grid/GridPaintDag.java	4530235c038afbe882826cd6576fec28ea63ce9fbd83068288677582c2bf8e0e	4530235c038afbe882826cd6576fec28ea63ce9fbd83068288677582c2bf8e0e	0f5ee63934c37a6df4f9497cfe70884c7721bd19986788dde6e724ed4203d2b0	47	false
widgets/grid/org.eclipse.nebula.widgets.grid/src/org/eclipse/nebula/widgets/grid/GridSelectionAtom.java	2caa9eca363c8d47f6ae110060be0ab457b2ae0641fec7a57e1bed3d37f3b177	2caa9eca363c8d47f6ae110060be0ab457b2ae0641fec7a57e1bed3d37f3b177	06e136823d01df91a3f579a656b03108a5bd55f449b3ac08ce56d7ab0a63d82a	43	false
widgets/grid/org.eclipse.nebula.widgets.grid/src/org/eclipse/nebula/widgets/grid/GridSelectionType.java	e1399b75a636d0f022f5519cb26bd3c40b16ef4d87eaf77046501de339739209	e1399b75a636d0f022f5519cb26bd3c40b16ef4d87eaf77046501de339739209	a470ccdb3ee8496a01a00336194b69bc5b71e8d3838ba43ccfb25c9cf806d7e3	0	false
widgets/grid/org.eclipse.nebula.widgets.grid/src/org/eclipse/nebula/widgets/grid/GridUtils.java	9fdbe251e7d6a5d64f3baadeb7d937f4134db5ccc5e173c26556a321ee03d99a	9fdbe251e7d6a5d64f3baadeb7d937f4134db5ccc5e173c26556a321ee03d99a	c62df3d970baac3355759ade073c8c4c3441470bdc5aea613da4496f58c63dcd	72	false
widgets/grid/org.eclipse.nebula.widgets.grid/src/org/eclipse/nebula/widgets/grid/GridViewportDamage.java	302f91a4524975c37534fc1a20c1a7265e5cddb55c763d06a99024ec6b576f05	302f91a4524975c37534fc1a20c1a7265e5cddb55c763d06a99024ec6b576f05	1b05d248373b15ea29cfeda02d1a69336004953ae7eb3d26886c4a2ad580abcd	24	false
widgets/grid/org.eclipse.nebula.widgets.grid/src/org/eclipse/nebula/widgets/grid/GridViewportProjection.java	ea269775c0423bd09d25743ac7056766cadbef4d4ae0f4f9adb77ddd129d2edc	ea269775c0423bd09d25743ac7056766cadbef4d4ae0f4f9adb77ddd129d2edc	ac20a6b4058e2438a18cad01b4284577638ac70f25c6dc93d7383bc5a898eea2	128	false
widgets/grid/org.eclipse.nebula.widgets.grid/src/org/eclipse/nebula/widgets/grid/GridVisibleRangeDiff.java	026a52c2aa2f7182b131fe85ca8474e39040b12f5f9de13eaef7ef162b0f0378	026a52c2aa2f7182b131fe85ca8474e39040b12f5f9de13eaef7ef162b0f0378	49d54b663f80407087dac3dc961ba51ec5925349bda27c9aa9cccb2f6bbc64a7	12	false
widgets/grid/org.eclipse.nebula.widgets.grid/src/org/eclipse/nebula/widgets/grid/GridVisibleRangeDiffComposition.java	3c480085e6e258d81174833d27aa48db8ee6ea40c030f888ab32246363695225	3c480085e6e258d81174833d27aa48db8ee6ea40c030f888ab32246363695225	c8fd27d041e5c5f07394d61c3ec088f343efb962b9e36303a35cbb0a4c36467a	12	false
widgets/grid/org.eclipse.nebula.widgets.grid/src/org/eclipse/nebula/widgets/grid/GridVisibleRangeEventAtom.java	6d1560dc58e144d381d4887cd46a12d55a5f37d61f99fa538f93a19297d5e669	6d1560dc58e144d381d4887cd46a12d55a5f37d61f99fa538f93a19297d5e669	d94dd37966dc14c0b143bd6c3e648d2e5f16d6d46f4ce7f4a5dd29c5df53f9a3	10	false
widgets/grid/org.eclipse.nebula.widgets.grid/src/org/eclipse/nebula/widgets/grid/GridVisibleRangeSupport.java	1d77fc116d56a5e8fd7c7d7f017ea012f276c0275101a1a1cce8c9df4bd0c4ea	1d77fc116d56a5e8fd7c7d7f017ea012f276c0275101a1a1cce8c9df4bd0c4ea	cd8ca2ed086b0269e0e4054955e16d24ad4d5328de46c7642dcc701bc05411e8	35	false
widgets/grid/org.eclipse.nebula.widgets.grid/src/org/eclipse/nebula/widgets/grid/IInternalWidget.java	37439d9028e9fb04c8f6c8431bdec9a43bcc00f5e1421b601edcb9fd542f1aaf	37439d9028e9fb04c8f6c8431bdec9a43bcc00f5e1421b601edcb9fd542f1aaf	ce65f69b4dcf5dd22e14e807dc2bda1bcd6aea4149f9047fe08578e2d35bf4da	0	false
widgets/grid/org.eclipse.nebula.widgets.grid/src/org/eclipse/nebula/widgets/grid/IRenderer.java	f86fdc40c52b442e5f6a51e4ba102f38168ab32f5969604f4935e2931dd71b4b	f86fdc40c52b442e5f6a51e4ba102f38168ab32f5969604f4935e2931dd71b4b	e196f059de77eea20fe4bd680bebce7c9835b450a1482aaf8654c90a1f060c44	0	false
widgets/grid/org.eclipse.nebula.widgets.grid/src/org/eclipse/nebula/widgets/grid/InsertMark.java	48bb58494ff6239a7bb33e79d4ebb4b69d26dfe5fe5d50dd6b867e193ccadfbd	48bb58494ff6239a7bb33e79d4ebb4b69d26dfe5fe5d50dd6b867e193ccadfbd	31889f455e2b95fdb021f77d291c35d3e0a0a0e76d453dca3cd1cd7a483202e0	0	false
widgets/grid/org.eclipse.nebula.widgets.grid/src/org/eclipse/nebula/widgets/grid/Win7RendererSupport.java	de7ed6302bcaff8d43384fefc3013137e55db5d18afe4b047b6d09a9050e3096	de7ed6302bcaff8d43384fefc3013137e55db5d18afe4b047b6d09a9050e3096	cc9fc18452893a3d472055882ada1fc8b1645498047de1903a3721a401f51c00	52	false
widgets/grid/org.eclipse.nebula.widgets.grid/src/org/eclipse/nebula/widgets/grid/internal/BranchRenderer.java	88b935b9070481470aa89feafed416506f0ad00756542a9c20ccad1df4cd4ac6	88b935b9070481470aa89feafed416506f0ad00756542a9c20ccad1df4cd4ac6	8730aea1f8293691f97288de4d8c017ff44ed70600b0971a3d3d1ad494e0aa6e	85	false
widgets/grid/org.eclipse.nebula.widgets.grid/src/org/eclipse/nebula/widgets/grid/internal/CheckBoxRenderer.java	6cbff5131b631b434ab8ca2b1a999540bfa4da4c23a2d05f6cbd16a97e8dc12d	6cbff5131b631b434ab8ca2b1a999540bfa4da4c23a2d05f6cbd16a97e8dc12d	8da05be8a0561c2dedbcddd685e7c6387e7548f31408a92e57e9ddafbd6ff7dd	34	false
widgets/grid/org.eclipse.nebula.widgets.grid/src/org/eclipse/nebula/widgets/grid/internal/DefaultBottomLeftRenderer.java	4e996844467a9225fd41466ddf4115af39f58fcfee335cae8c4882d7f9c08fdb	4e996844467a9225fd41466ddf4115af39f58fcfee335cae8c4882d7f9c08fdb	855dff834dcbabfbe9a98f6da88cd44affe79e748a755f1587c9a0d182b644fe	7	false
widgets/grid/org.eclipse.nebula.widgets.grid/src/org/eclipse/nebula/widgets/grid/internal/DefaultColumnFooterRenderer.java	9feab26210eaf22d9f89d832cb70fa6bfc026660ecfb3791793c44139615c2b1	9feab26210eaf22d9f89d832cb70fa6bfc026660ecfb3791793c44139615c2b1	e6016f985b7968e514efe47037a77989bf12d41a3898a9f9e84ec002bf9e7b75	72	false
widgets/grid/org.eclipse.nebula.widgets.grid/src/org/eclipse/nebula/widgets/grid/internal/DefaultColumnGroupHeaderRenderer.java	b2c977acfbbdc14c9efb4cb135b4b53b83f401c1896c7605064f11a1d8121fda	b2c977acfbbdc14c9efb4cb135b4b53b83f401c1896c7605064f11a1d8121fda	9564ca8a41ac67713fadbb3ba016038e52c69da89bfbdde04b3f6771d57c6ea9	145	false
widgets/grid/org.eclipse.nebula.widgets.grid/src/org/eclipse/nebula/widgets/grid/internal/DefaultColumnHeaderRenderer.java	d80a6ed222d114a61ef4f6966400ac85e1c6403bde24580007bd91417eb78959	d80a6ed222d114a61ef4f6966400ac85e1c6403bde24580007bd91417eb78959	f7329b4a5b03a257ffe807bbaa81f776136f0f7d311674b3a3f168f8319bd5dc	194	false
widgets/grid/org.eclipse.nebula.widgets.grid/src/org/eclipse/nebula/widgets/grid/internal/DefaultDropPointRenderer.java	3fd60d6ad1fb98ed512452f31ad4ce48987ca9309ba17e0d10d7271e694a2b87	3fd60d6ad1fb98ed512452f31ad4ce48987ca9309ba17e0d10d7271e694a2b87	d7313be3b8ebe2ffdb6af4b3e51cec04fc9491f96f4df79659539ff6ab54c660	7	false
widgets/grid/org.eclipse.nebula.widgets.grid/src/org/eclipse/nebula/widgets/grid/internal/DefaultEmptyColumnFooterRenderer.java	ed1be675b155fdb2ad1e17bc34311d999124d82ba7a13c3093a21e4560a3e570	ed1be675b155fdb2ad1e17bc34311d999124d82ba7a13c3093a21e4560a3e570	a1cd726cd4c4ff6cbc9d1be494bf9a697c1547163ce8ab1f9f96c30600a55564	6	false
widgets/grid/org.eclipse.nebula.widgets.grid/src/org/eclipse/nebula/widgets/grid/internal/DefaultEmptyColumnHeaderRenderer.java	1a26908ef1394ec48580333b7780917517d26be6ad4aa8503239ebd26b66b85e	1a26908ef1394ec48580333b7780917517d26be6ad4aa8503239ebd26b66b85e	3856090b1a2408791612b3a27ecae8b60ef9135f097baaf572828065b3fd4050	5	false
widgets/grid/org.eclipse.nebula.widgets.grid/src/org/eclipse/nebula/widgets/grid/internal/DefaultEmptyRowHeaderRenderer.java	62005e437b68b8b6996c45473ebec9b0e414359a19cbf7f80e134d4def0a6152	62005e437b68b8b6996c45473ebec9b0e414359a19cbf7f80e134d4def0a6152	b651e00b6ec81516373560bc9a9af47ea22a3deb330b762c3f30e1c06edf590e	24	false
widgets/grid/org.eclipse.nebula.widgets.grid/src/org/eclipse/nebula/widgets/grid/internal/DefaultFocusRenderer.java	ef9cc29b8393e96bf628d1fee6d2ba50efc29b8881e4e5350df4764f35ff3e36	ef9cc29b8393e96bf628d1fee6d2ba50efc29b8881e4e5350df4764f35ff3e36	fc2ab64643ab551cc523d59d31b89c27f08f741256c06160b2059ef406483451	12	false
widgets/grid/org.eclipse.nebula.widgets.grid/src/org/eclipse/nebula/widgets/grid/internal/DefaultInsertMarkRenderer.java	482e555d7376805b114ddb02f07200fa06386af33f873d476711e5f1b3d40cb5	482e555d7376805b114ddb02f07200fa06386af33f873d476711e5f1b3d40cb5	10e14c3bc1b8a1944aee139ce9e3f622e5f4ee91b4f7bbb69b9f85d51975277a	11	false
widgets/grid/org.eclipse.nebula.widgets.grid/src/org/eclipse/nebula/widgets/grid/internal/DefaultRowHeaderRenderer.java	700ddfc335e5a0e1d9091f0c8066f5ae0551d009a7489f83197282ded1bf6898	700ddfc335e5a0e1d9091f0c8066f5ae0551d009a7489f83197282ded1bf6898	f3cb838448b9dbcd2ec4a65b4752854f082835128fc5849271b557c386305e18	145	false
widgets/grid/org.eclipse.nebula.widgets.grid/src/org/eclipse/nebula/widgets/grid/internal/DefaultTopLeftRenderer.java	1b88d898e0fa6cf90c599917cf386a2c2a7494da46ae9ca0c53a0f9eb36f56a5	1b88d898e0fa6cf90c599917cf386a2c2a7494da46ae9ca0c53a0f9eb36f56a5	0b936016014fed3fec5c3e33699ff739a9e2b1d2a37f11956bc1540560857f03	8	false
widgets/grid/org.eclipse.nebula.widgets.grid/src/org/eclipse/nebula/widgets/grid/internal/ExpandToggleRenderer.java	201c306397455c7b550bed7c7bc6ec0f7a375c523783fcc722a254676f09b1bf	201c306397455c7b550bed7c7bc6ec0f7a375c523783fcc722a254676f09b1bf	ec752530f9d7cd7aaf16e18c2dd1bbc5af4ae0f707a1b6eb06eb25f30b2ba4ff	46	false
widgets/grid/org.eclipse.nebula.widgets.grid/src/org/eclipse/nebula/widgets/grid/internal/GridToolTip.java	6a7cbba451cce7f5cb2d6e677e7d65bdeee6afc60f6be444ff92ec2c78a59f4f	6a7cbba451cce7f5cb2d6e677e7d65bdeee6afc60f6be444ff92ec2c78a59f4f	e0f21ff8744acf08f816bb67334e9d4d34559a44a7b88460d72c27ee0ce401db	36	false
widgets/grid/org.eclipse.nebula.widgets.grid/src/org/eclipse/nebula/widgets/grid/internal/GroupToggleRenderer.java	93917e14795196f27451fa768152c5ff1b3a94e0c182053bcc5611e5a7d1acb8	93917e14795196f27451fa768152c5ff1b3a94e0c182053bcc5611e5a7d1acb8	3e0f12f48b251f5bce8e4ac509754e9f44dca39a4f7f4474dd02c74bcba26c84	33	false
widgets/grid/org.eclipse.nebula.widgets.grid/src/org/eclipse/nebula/widgets/grid/internal/IScrollBarProxy.java	922dfcb7a07d856f962861630c0506f5155cb9a6274d49bc61b7c50b488e8c8a	922dfcb7a07d856f962861630c0506f5155cb9a6274d49bc61b7c50b488e8c8a	d112df924d7ed858276a2580e801c0ccb5c0599e5bc2d11cb3e94a8b3cd298a7	0	false
widgets/grid/org.eclipse.nebula.widgets.grid/src/org/eclipse/nebula/widgets/grid/internal/NullScrollBarProxy.java	831f6059418235baf107eccb8edc93f8944c1fa087700e48649321782251b762	831f6059418235baf107eccb8edc93f8944c1fa087700e48649321782251b762	76e2765955d248b3be9301ee463900c490996eedff0310537c1373c5639d3f82	27	false
widgets/grid/org.eclipse.nebula.widgets.grid/src/org/eclipse/nebula/widgets/grid/internal/ScrollBarProxyAdapter.java	a958b294f76bdc8ef7285d6637115d6fc8b4244fb590ceb889a1786877227266	a958b294f76bdc8ef7285d6637115d6fc8b4244fb590ceb889a1786877227266	c99561d0b80534e7c52807407bbebcb086ce45aab92927746a57a43a9b731d7d	42	false
widgets/grid/org.eclipse.nebula.widgets.grid/src/org/eclipse/nebula/widgets/grid/internal/SortArrowRenderer.java	f907b571cfeb7d21790cc9adfa3014af54e80b58d0f3e6b194b269f8d4f9a83a	f907b571cfeb7d21790cc9adfa3014af54e80b58d0f3e6b194b269f8d4f9a83a	a2f3aebfb5e10ccd62dbff51a1bf4ca73b5d15f89f137b30fe065172561c521b	18	false
widgets/grid/org.eclipse.nebula.widgets.grid/src/org/eclipse/nebula/widgets/grid/internal/TextUtils.java	27d2b6c19e3a64753cbcafe66d1720629d9857c9716a33d8845d5003cf507d2e	27d2b6c19e3a64753cbcafe66d1720629d9857c9716a33d8845d5003cf507d2e	0b62fb3c12e24e14bd61f28b5cbcc1313f91f8d3ff4f6152a24a84828496be2a	91	false
widgets/grid/org.eclipse.nebula.widgets.grid/src/org/eclipse/nebula/widgets/grid/internal/ToggleRenderer.java	9c432f29e342d5eec1fa114324bb4a2870d535691e550e16b032d6257bf907d9	9c432f29e342d5eec1fa114324bb4a2870d535691e550e16b032d6257bf907d9	f1aec8580ecc404143e87549b57828fd710f8e5dae83c7f0b9e2833ca2bea1bb	58	false
widgets/grid/org.eclipse.nebula.widgets.grid/src/org/eclipse/nebula/widgets/grid/internal/win7/Win7ColumnGroupHeaderRenderer.java	3fe24036dd64ef44ab33dcde62d9656c40857d2c48402935e08284cfb8cf19d1	3fe24036dd64ef44ab33dcde62d9656c40857d2c48402935e08284cfb8cf19d1	0b615f06200f1a37f4338b2195eee849da2e232e916af8adc02666e7066f50a7	48	false
widgets/grid/org.eclipse.nebula.widgets.grid/src/org/eclipse/nebula/widgets/grid/internal/win7/Win7ColumnHeaderUtil.java	a75b80175d7aa1a57628c77dbae5bfd834815d8d61374cf9c8487c9416c632fc	a75b80175d7aa1a57628c77dbae5bfd834815d8d61374cf9c8487c9416c632fc	d1708e34e1a93ead729e5377d0368902b04827a3226d4af4ab5e92461134b26f	71	false
widgets/grid/org.eclipse.nebula.widgets.grid/src/org/eclipse/nebula/widgets/grid/internal/win7/Win7EmptyColumnHeaderRenderer.java	0c06bd20add71c3efde4f38939b44fab7547adeeaf2a299e9768ad461750ce85	0c06bd20add71c3efde4f38939b44fab7547adeeaf2a299e9768ad461750ce85	3a3a574e73348b76098cc51d1afd36d671668f24012c2c3076c874047e38cd69	11	false
widgets/grid/org.eclipse.nebula.widgets.grid/src/org/eclipse/nebula/widgets/grid/internal/win7/Win7GridColumnHeaderRenderer.java	c46c84e026365c9906565891b5fee78c2f44df6a852442887bdb396f1dfca401	c46c84e026365c9906565891b5fee78c2f44df6a852442887bdb396f1dfca401	1df11ef9d4ff5fe0ef6ac9b57efce3301590c1fb50f4fbb45cffb935ce4eba60	156	false
widgets/grid/org.eclipse.nebula.widgets.grid/src/org/eclipse/nebula/widgets/grid/internal/win7/Win7PaletteProvider.java	58ee7c778b7ea524b4ba7e4a3efd2475acac643be577c90b6409183b9fd893b9	58ee7c778b7ea524b4ba7e4a3efd2475acac643be577c90b6409183b9fd893b9	f65ad762a480f8a732849245eac1d0b214521464452f2277319557c10e4c60df	60	false
widgets/led/org.eclipse.nebula.widgets.led.snippets/src/org/eclipse/nebula/widgets/led/LEDSnippet.java	c48d025bf6f191831a16a256c913b4d86ba6ab9bd7b78864d428ed02a7fa36d2	c48d025bf6f191831a16a256c913b4d86ba6ab9bd7b78864d428ed02a7fa36d2	9cb201a1f6c39eb7dc913183dd492b5f264bcfa2016207836e3a1520c09e3b13	112	false
widgets/led/org.eclipse.nebula.widgets.led/src/org/eclipse/nebula/widgets/led/BaseLED.java	882f8ff39e6fea2f19d14cc13b829ea0093e252b16bed33116fcdafa6c8cf332	882f8ff39e6fea2f19d14cc13b829ea0093e252b16bed33116fcdafa6c8cf332	f7609d74c227ba8b9ec5167d7991e296306e37fc1cc6b2c9c836593b1da96e15	40	false
widgets/led/org.eclipse.nebula.widgets.led/src/org/eclipse/nebula/widgets/led/DotsLed.java	d943fb92c222a70495ed40d85488c9a54a1839b507b9220cfe04d64e255c0ca4	d943fb92c222a70495ed40d85488c9a54a1839b507b9220cfe04d64e255c0ca4	1bee6fe58c4161547db6daac5410b8f8b18c41a44ee6f577362bbb45e65be8b2	27	false
widgets/led/org.eclipse.nebula.widgets.led/src/org/eclipse/nebula/widgets/led/LED.java	e6634c781263bcd7e39c627b4c6a54eea20efa19bc1a341ed077ad754a1c331f	e6634c781263bcd7e39c627b4c6a54eea20efa19bc1a341ed077ad754a1c331f	4c0fcfcbe5c46e86e3fde4953862b6946266e6424df6d8d7216df5f6ec7d3bdc	47	false
widgets/led/org.eclipse.nebula.widgets.led/src/org/eclipse/nebula/widgets/led/LEDCharacter.java	3070fc8f6431d8342fa11c1a9be7491ac22ccdad59f99617fcfcea9809919a1a	3070fc8f6431d8342fa11c1a9be7491ac22ccdad59f99617fcfcea9809919a1a	3a775dd82081f7535d2543acd3e1c3b84365d7a9d596eaa80cc64789a5728bad	50	false
widgets/led/org.eclipse.nebula.widgets.led/src/org/eclipse/nebula/widgets/led/LEDLine.java	6a10ff89775be6c0ee46b694fbd7d5bc65373c244c487cf9e1b7e23b9f9a01a8	6a10ff89775be6c0ee46b694fbd7d5bc65373c244c487cf9e1b7e23b9f9a01a8	de12945aa89af61c188f471514e29940fd0687c5f9ad1dc8da3377b474a2e75e	9	false
widgets/led/org.eclipse.nebula.widgets.led/src/org/eclipse/nebula/widgets/led/LEDSeparator.java	eca26e67650c48f849b789c59f32cf3a58880b5853dda6c04da7bb0882d7c03a	eca26e67650c48f849b789c59f32cf3a58880b5853dda6c04da7bb0882d7c03a	6afda78ed3bdcf35a6b9f102a92139f11dbae8a745a2603fd5c57cf722de9eca	23	false
widgets/nebulaslider/org.eclipse.nebula.widgets.nebulaslider.snippets/src/org/eclipse/nebula/widgets/opal/nebulaslider/snippets/NebulaCustomSliderConfiguration.java	70011dd329c593b2211a1c274d0500203bd310078b1a05f94db74612ecf37e3e	70011dd329c593b2211a1c274d0500203bd310078b1a05f94db74612ecf37e3e	55b52c89aa6c1ed5660756edc6224f0309a7a72a2efb670acf49996d0ae187c3	35	false
widgets/nebulaslider/org.eclipse.nebula.widgets.nebulaslider.snippets/src/org/eclipse/nebula/widgets/opal/nebulaslider/snippets/NebulaSliderSnippet.java	4de8e1b94101d8d875a458cf3e3dd54e92a850378ebe03798693dee55706439f	4de8e1b94101d8d875a458cf3e3dd54e92a850378ebe03798693dee55706439f	8dc0e6492853b19a8f3db10b9a9d17c44ca8f0b6e0b7ff630d79e70343337a9c	86	false
widgets/nebulaslider/org.eclipse.nebula.widgets.nebulaslider.snippets/src/org/eclipse/nebula/widgets/opal/nebulaslider/snippets/NebulaSliderSnippetOtherRenderer.java	a96e85968f3a9cb37db873718536d33194e1417f2754e42a163ca1d191ba51e6	a96e85968f3a9cb37db873718536d33194e1417f2754e42a163ca1d191ba51e6	e1e5ea25964f384a68d1fda400cec87ca12dae8a1ecb2b0592d5d1ae2a625524	87	false
widgets/nebulaslider/org.eclipse.nebula.widgets.nebulaslider/src/org/eclipse/nebula/widgets/opal/nebulaslider/NebulaSlider.java	9263c6207fda14273165dda87ca2a8dd76d847773a5ffa62704d0c2aac24022b	9263c6207fda14273165dda87ca2a8dd76d847773a5ffa62704d0c2aac24022b	78d008345b11e8e198cd50d6cb168f0277c0762a56a8a2bd4f1814e56d3fda30	204	false
widgets/nebulaslider/org.eclipse.nebula.widgets.nebulaslider/src/org/eclipse/nebula/widgets/opal/nebulaslider/NebulaSliderGraphicConfiguration.java	193bcdb21c5496b8547517dc87045c2dc3fa79c58a33de72a7b5ca3b27e035cb	193bcdb21c5496b8547517dc87045c2dc3fa79c58a33de72a7b5ca3b27e035cb	1cfa96cd48b653f81e2681de7840eeaca5182876a8ffca8034b546657e02db18	0	false
widgets/nebulaslider/org.eclipse.nebula.widgets.nebulaslider/src/org/eclipse/nebula/widgets/opal/nebulaslider/NebularSliderDefaultConfiguration.java	8d239353a6c6e3437ada8a62f1200b36a22a836c6c640db5fa50a086567ffccb	8d239353a6c6e3437ada8a62f1200b36a22a836c6c640db5fa50a086567ffccb	717ff277eecadfc41c66afca5d7eec11d59e2b3f43061512e32d168609e9ec62	42	false
widgets/nebulatoolbar/src/org/eclipse/nebula/widgets/nebulatoolbar/NebulaToolbar.java	cc2bc9dd58dbd1164dc0db99f226c47fcc4febf577352c1f62c1bf49d425f6a9	cc2bc9dd58dbd1164dc0db99f226c47fcc4febf577352c1f62c1bf49d425f6a9	45ff30509596f1e0dcb44084bf303ffd10bc23b7de151878cb66958169851779	493	false
widgets/nebulatoolbar/src/org/eclipse/nebula/widgets/nebulatoolbar/ToolbarItem.java	dd84022f6cda4372b2a72b0ffe858bb64be8a3efaf4e07c78792f4b7be783aba	dd84022f6cda4372b2a72b0ffe858bb64be8a3efaf4e07c78792f4b7be783aba	332db042638a9e04619b4ca69bf9fbdd1a34e3ccaaefb7057e91a81e0a5a866d	247	false
widgets/nebulatoolbar/src/org/eclipse/nebula/widgets/nebulatoolbar/test/NebulaToolbarTest.java	f360621417e030d2350bee2b700b17e50dda600ad4c1c0ca5693b7e58826560a	f360621417e030d2350bee2b700b17e50dda600ad4c1c0ca5693b7e58826560a	c6e86eaf767433bdd3471c32297d3cf2e79c732a26e42664f06020241540cd3f	36	false
widgets/opal/breadcrumb/org.eclipse.nebula.widgets.opal.breadcrumb.snippets/src/org/eclipse/nebula/widgets/opal/breadcrumb/snippets/BreadcrumbSnippet.java	9747b27cfaa8f7bc4650741041620cdea15c786d4ad18cc427395690234c62aa	9747b27cfaa8f7bc4650741041620cdea15c786d4ad18cc427395690234c62aa	172e41897b97becd234ac1746b670d08bc50920fe966c73e94a35fbc0b625e89	70	false
widgets/opal/breadcrumb/org.eclipse.nebula.widgets.opal.breadcrumb/src/org/eclipse/nebula/widgets/opal/breadcrumb/Breadcrumb.java	f3bb2f35cfaf8949b7e4c0fa1fed48f03ddbfd587d3c6cb7a03e3f97860197b1	f3bb2f35cfaf8949b7e4c0fa1fed48f03ddbfd587d3c6cb7a03e3f97860197b1	bb64e2c879ec8d3eba0016d8404a906554155800e502bfc43039ba70a44c36e3	112	false
widgets/opal/breadcrumb/org.eclipse.nebula.widgets.opal.breadcrumb/src/org/eclipse/nebula/widgets/opal/breadcrumb/BreadcrumbItem.java	a4900668d0c6a15dc33de607b6b845a09a93b66b9a668be575c70f7acec3ef6c	a4900668d0c6a15dc33de607b6b845a09a93b66b9a668be575c70f7acec3ef6c	80b8f8ccf00170fa1f8a44cc55657aaf433060b2e92bb2c167cdb89d6632aa52	297	false
widgets/opal/calculator/org.eclipse.nebula.widgets.opal.calculator.snippets/src/org/eclipse/nebula/widgets/opal/calculator/snippets/CalculatorComboSnippet.java	ed5e5143c0ad9409d8675a2239f1686e92eaf5a7849fa1f788014622b155b173	ed5e5143c0ad9409d8675a2239f1686e92eaf5a7849fa1f788014622b155b173	50c68e7ee3d220d742467968abe82646c53afeace03799573b1ca8a01f225814	20	false
widgets/opal/calculator/org.eclipse.nebula.widgets.opal.calculator.snippets/src/org/eclipse/nebula/widgets/opal/calculator/snippets/CalculatorSnippet.java	f00f059358a48dc7cf8138d5ddbda57ba84c7e8a2c4c898f94eedefd3933ba6e	f00f059358a48dc7cf8138d5ddbda57ba84c7e8a2c4c898f94eedefd3933ba6e	9f3b51e0063ff74662e0b5d7a880a9886b63eaee82ae028a6a6a08ec2da095b3	16	false
widgets/opal/calculator/org.eclipse.nebula.widgets.opal.calculator/src/org/eclipse/nebula/widgets/opal/calculator/Calculator.java	677952b37578aec471300269ccca17b4b4e54f5e3abb5e9fb434d1bf30ab1b94	677952b37578aec471300269ccca17b4b4e54f5e3abb5e9fb434d1bf30ab1b94	1c8f0e90e2831b33fa0410fdb0d967c524b927712050468a0e397059ba77c46d	29	false
widgets/opal/calculator/org.eclipse.nebula.widgets.opal.calculator/src/org/eclipse/nebula/widgets/opal/calculator/CalculatorButtonsBehaviourEngine.java	c3c5befee27088bc1124e00ea1b3713068d314b2fdbc5d724afb1b21212fc34a	c3c5befee27088bc1124e00ea1b3713068d314b2fdbc5d724afb1b21212fc34a	11c92decc935f12e0dad390711a6f279f2075db001973ec8e44f4e69040d2630	50	false
widgets/opal/calculator/org.eclipse.nebula.widgets.opal.calculator/src/org/eclipse/nebula/widgets/opal/calculator/CalculatorButtonsComposite.java	a40ad808a411d32c1b2145ddda2d724911f57aeb0e6affeeeafb3aa072d28ba8	a40ad808a411d32c1b2145ddda2d724911f57aeb0e6affeeeafb3aa072d28ba8	ccb88fe1166ab7248515d5c1c2dcb9437c81f49d64854c14e8e2f89dcf7917ff	205	false
widgets/opal/calculator/org.eclipse.nebula.widgets.opal.calculator/src/org/eclipse/nebula/widgets/opal/calculator/CalculatorCombo.java	ccddf2116a001bbfc6a0b709e3e33d444eeb650d48c2b62d2bb9468b553e92fc	ccddf2116a001bbfc6a0b709e3e33d444eeb650d48c2b62d2bb9468b553e92fc	089c6c20f81e28fd4e274f3b53373801c79caf5bcda6d53cb1aab39f72c79891	218	false
widgets/opal/calculator/org.eclipse.nebula.widgets.opal.calculator/src/org/eclipse/nebula/widgets/opal/calculator/CalculatorEngine.java	c9a1b3a7d4d9e7631de8c95e2ed1aa3c10a2382435135bfc7431d7e324e3da91	c9a1b3a7d4d9e7631de8c95e2ed1aa3c10a2382435135bfc7431d7e324e3da91	d3aac288f2e432104ad273262d5ac7aa7a5371621ed1d9c9bcb339edd3ee0b86	98	false
widgets/opal/calculator/org.eclipse.nebula.widgets.opal.calculator/src/org/eclipse/nebula/widgets/opal/calculator/DivideByZeroException.java	5453391ffa95255a09a0f2d25e393cd675bea0b41c6f1fe30c2317b0d113a746	5453391ffa95255a09a0f2d25e393cd675bea0b41c6f1fe30c2317b0d113a746	a7d826b58e0b1ed7c102dabfd6365d13e0cbd254c13b62be4bc44a7559673896	4	false
widgets/opal/checkboxgroup/org.eclipse.nebula.widgets.opal.checkboxgroup.snippets/src/org/eclipse/nebula/widgets/opal/checkboxgroup/snippets/SnippetCheckBoxGroup.java	dd6f6f4e2eb7a63f8b47f2f22d07912c04fb152d8cc4913526a2b29c07b050dc	dd6f6f4e2eb7a63f8b47f2f22d07912c04fb152d8cc4913526a2b29c07b050dc	0eb52583ae5b97ac44188cdaba1f8caa15cc6d3da65c92849ec821fb5a5d89d4	45	false
widgets/opal/checkboxgroup/org.eclipse.nebula.widgets.opal.checkboxgroup/src/org/eclipse/nebula/widgets/opal/checkboxgroup/CheckBoxGroup.java	a4162794d61462902a59ab72ded6a6bd973577d04864b4d6d7241861834e426a	a4162794d61462902a59ab72ded6a6bd973577d04864b4d6d7241861834e426a	657e4c0e3037a120ae6fed0608c423406b43268310695ed176e92277f8807533	85	false
widgets/opal/columnbrowser/org.eclipse.nebula.widgets.opal.columnbrowser.snippets/src/org/eclipse/nebula/opal/columnbrowser/snippets/ColumnsSnippet.java	ffdc18c9a1478f240da98c74a4d7f67539e25c6940921e96dff83434e55ce40e	ffdc18c9a1478f240da98c74a4d7f67539e25c6940921e96dff83434e55ce40e	8303fbe30a131754c96edfc2b728c20925b78c7e34dfe35fd8788967a8a55150	77	false
widgets/opal/columnbrowser/org.eclipse.nebula.widgets.opal.columnbrowser/src/org/eclipse/nebula/widgets/opal/columnbrowser/ColumnBrowserWidget.java	f2c20f9bb8ebc7ee36b8260ff76549e1734d09ad9bc6c27090ea2ac812001bb9	f2c20f9bb8ebc7ee36b8260ff76549e1734d09ad9bc6c27090ea2ac812001bb9	601d51164b60eece5d38293a607bb118bbec473d3707c6ae70f18933c7d8feef	281	false
widgets/opal/columnbrowser/org.eclipse.nebula.widgets.opal.columnbrowser/src/org/eclipse/nebula/widgets/opal/columnbrowser/ColumnItem.java	20e49f7d735271bfad92864e9fea1c512523ba64e462702c2ec6d3af034321df	20e49f7d735271bfad92864e9fea1c512523ba64e462702c2ec6d3af034321df	3ea96b270a71b8e833f58cddf139b74701653b7bec5c077a16ec1666c2bdee3d	161	false
widgets/opal/commons/org.eclipse.nebula.widgets.opal.commons/src/org/eclipse/nebula/widgets/opal/commons/AdvancedPath.java	391897789ba47701cc54a3b9a2d9624ff588fa300315618e5210b1b4a108736f	391897789ba47701cc54a3b9a2d9624ff588fa300315618e5210b1b4a108736f	062a1773b9320b24125026bcd8a0cfea144c15787227670d179cf0484bb75113	41	false
widgets/opal/commons/org.eclipse.nebula.widgets.opal.commons/src/org/eclipse/nebula/widgets/opal/commons/FileToolbox.java	04802793e19990c001038176330717173e32cd6d8d5ad44b90869e723f80effc	04802793e19990c001038176330717173e32cd6d8d5ad44b90869e723f80effc	1cf81607357be6c32ca83cad32ad7c8b47ec1107169fc4b62b450fbd2434a09b	18	false
widgets/opal/commons/org.eclipse.nebula.widgets.opal.commons/src/org/eclipse/nebula/widgets/opal/commons/FixedSizeQueue.java	b58a83efdb3113f5f630fe1217199a352abff857fb205e0a2b2e5c26442fbc9d	b58a83efdb3113f5f630fe1217199a352abff857fb205e0a2b2e5c26442fbc9d	2dff389fa9ff02004399107283fce9e4d188dab6034bc3a05809eca37abcff66	38	false
widgets/opal/commons/org.eclipse.nebula.widgets.opal.commons/src/org/eclipse/nebula/widgets/opal/commons/HTMLStyledTextParser.java	e0767083e39aeb33e272a6c80bc9d38d2d1d913a23c359f6d841584ee00e09eb	e0767083e39aeb33e272a6c80bc9d38d2d1d913a23c359f6d841584ee00e09eb	32b8ee7b9ced2e3e3c31576b7f8ac0d42ceffa8affb73b653e8450fc29a728f0	380	false
widgets/opal/commons/org.eclipse.nebula.widgets.opal.commons/src/org/eclipse/nebula/widgets/opal/commons/OpalItem.java	6efdf401e27f4f47208c19ffe44d03ea71e09ee51af31b2fc5a1e9da5958a394	6efdf401e27f4f47208c19ffe44d03ea71e09ee51af31b2fc5a1e9da5958a394	2e7d044d6416781c5b4fb78dd113e73e99e8c3cb511b4acc11749f94b7214b3f	32	false
widgets/opal/commons/org.eclipse.nebula.widgets.opal.commons/src/org/eclipse/nebula/widgets/opal/commons/ReadOnlyStyledText.java	2031f0fd320ec5f82cbc43df185ca3ef2492c348e9512daf452226f283c35a33	2031f0fd320ec5f82cbc43df185ca3ef2492c348e9512daf452226f283c35a33	4a632ab4aaf9fe9552de8e0bfc8c900287c3fdec671a500c0ee1fb89adb6cdea	7	false
widgets/opal/commons/org.eclipse.nebula.widgets.opal.commons/src/org/eclipse/nebula/widgets/opal/commons/ReflectionUtils.java	7951e76e2e1a5a8f794729849448312451bd1d2f1493dbe1ae6c8e48384abd19	7951e76e2e1a5a8f794729849448312451bd1d2f1493dbe1ae6c8e48384abd19	d89fc0ba9a2d49ed4af603bbe6ba2da739c60d104f8bebb12080e586ad350397	30	false
widgets/opal/commons/org.eclipse.nebula.widgets.opal.commons/src/org/eclipse/nebula/widgets/opal/commons/ResourceManager.java	ddf06fe6d2a8f0b51891f63d817e45d7a69fd157e58e01021383e0de89cd9717	ddf06fe6d2a8f0b51891f63d817e45d7a69fd157e58e01021383e0de89cd9717	ccc79717edba6b10dc7951d88fbd60a72262dfb796c70ead8b4c91e12866538a	2	false
widgets/opal/commons/org.eclipse.nebula.widgets.opal.commons/src/org/eclipse/nebula/widgets/opal/commons/SWTGraphicUtil.java	2635fdcd3f2bfc092e87eebe75a96a0e28e89a4ac84aa0deda920a28dab6149f	2635fdcd3f2bfc092e87eebe75a96a0e28e89a4ac84aa0deda920a28dab6149f	efbcc81813d07359ac95fd9fd80f3cf68006bb513515f1c7963610a9f06645ba	313	false
widgets/opal/commons/org.eclipse.nebula.widgets.opal.commons/src/org/eclipse/nebula/widgets/opal/commons/SelectionListenerUtil.java	a4241d10312889745b4c98d99640641f240366b098d2eb24c6c88ea845c12d15	a4241d10312889745b4c98d99640641f240366b098d2eb24c6c88ea845c12d15	17083b52226966fc70d6d1c48159d44b574eb809c744f83071e365d54d2351cb	34	false
widgets/opal/commons/org.eclipse.nebula.widgets.opal.commons/src/org/eclipse/nebula/widgets/opal/commons/SimpleSelectionAdapter.java	3a2ba10150172f62bda765b51f8c4725b967844f3b635173186692b57ac693a0	3a2ba10150172f62bda765b51f8c4725b967844f3b635173186692b57ac693a0	e3fb5e54842c7ffb197b6b81d7c1e75fcb7f0633ab9b88c491083fb9c84774b4	4	false
widgets/opal/commons/org.eclipse.nebula.widgets.opal.commons/src/org/eclipse/nebula/widgets/opal/commons/StringUtil.java	2de78c7752175b265c1bfaec1ccfdb9800bb119666d9c1d2827ea4c63f84b97b	2de78c7752175b265c1bfaec1ccfdb9800bb119666d9c1d2827ea4c63f84b97b	798c75068c61900e4ad3dceac7b3dd9a0e110c20b04f0a4dfc162a423ca35f87	19	false
widgets/opal/dialog/org.eclipse.nebula.widgets.opal.dialog.snippets/src/org/eclipse/nebula/widgets/opal/dialog/snippets/OpalDialogSnippet.java	1100fdd8d54d347bf08b1526b12b899bc934a09a66e36a384d92e42e5485e141	1100fdd8d54d347bf08b1526b12b899bc934a09a66e36a384d92e42e5485e141	08ae11cbd07e19085a1c236f3eb384ba781d7cd87cdd90b25287d731c9398bdc	243	false
widgets/opal/dialog/org.eclipse.nebula.widgets.opal.dialog/src/org/eclipse/nebula/widgets/opal/dialog/ChoiceItem.java	945bfeb714007475171e07b49e119a4e9489266a0aac38e1d4173649a17c1516	945bfeb714007475171e07b49e119a4e9489266a0aac38e1d4173649a17c1516	ae4a95308a8395260e2047a173ac606a50214346928096f45ecb1260ce39d850	9	false
widgets/opal/dialog/org.eclipse.nebula.widgets.opal.dialog/src/org/eclipse/nebula/widgets/opal/dialog/ChoiceWidget.java	d1913a867a84bf0c8c85c8a54870f135d2bef664016463dd44a3be58af33f4cf	d1913a867a84bf0c8c85c8a54870f135d2bef664016463dd44a3be58af33f4cf	48ea32962b30d88de5b469f226e53d4eb79dd50a064ef3586940621f6bbc68fb	114	false
widgets/opal/dialog/org.eclipse.nebula.widgets.opal.dialog/src/org/eclipse/nebula/widgets/opal/dialog/Dialog.java	4045dac6c3331c6e2dc2abe884d0f42ceb51cf3c2c4184189b13526ebca3af84	4045dac6c3331c6e2dc2abe884d0f42ceb51cf3c2c4184189b13526ebca3af84	08fd9c0ab37fa3cec2b0771859a546b5bec9f7f0ea7fca96440d902c7cba0630	218	false
widgets/opal/dialog/org.eclipse.nebula.widgets.opal.dialog/src/org/eclipse/nebula/widgets/opal/dialog/DialogArea.java	ff7bb9162977e49970b0a0c48bcaca9507467eb63a82c0004cb874bb90e50cd2	ff7bb9162977e49970b0a0c48bcaca9507467eb63a82c0004cb874bb90e50cd2	a1959b338c4bc445109c8534dcce36306a5d20a8909c507831ed6e6b2de87dfd	40	false
widgets/opal/dialog/org.eclipse.nebula.widgets.opal.dialog/src/org/eclipse/nebula/widgets/opal/dialog/FooterArea.java	7628e347a6deff532976553f4cfb1f464d4a45510f22e1c983a3a96cb60dfe80	7628e347a6deff532976553f4cfb1f464d4a45510f22e1c983a3a96cb60dfe80	8471b46690fe0d7eef3e1989d38fc7d035ba86588e6eb0fda79f0052bab33800	285	false
widgets/opal/dialog/org.eclipse.nebula.widgets.opal.dialog/src/org/eclipse/nebula/widgets/opal/dialog/MessageArea.java	a4df180a2ace79dfda0cdfa28f6d64a476fc1c43d153dee8593b05ca935df03b	a4df180a2ace79dfda0cdfa28f6d64a476fc1c43d153dee8593b05ca935df03b	8f77c179dc75e69a478606212cbe1fd3ce8464cca542c1785e1e615799e5afbc	298	false
widgets/opal/duallist/org.eclipse.nebula.widgets.opal.duallist.snippets/src/org/eclipse/nebula/widgets/opal/duallist/snippets/DualListSnippet.java	99913944f2119d2580b7693b9d3842ecc4d6488a773d7eb8d2435b887f5d6061	99913944f2119d2580b7693b9d3842ecc4d6488a773d7eb8d2435b887f5d6061	db25bd895d891a2414bc32ec16285eda23d685292749cb1d5b92d18295138077	80	false
widgets/opal/duallist/org.eclipse.nebula.widgets.opal.duallist.snippets/src/org/eclipse/nebula/widgets/opal/duallist/snippets/DualListTextSnippet.java	b9b058e6e004a77f9c89f01251667d8c07f36b04f373293b499a94f151e6506b	b9b058e6e004a77f9c89f01251667d8c07f36b04f373293b499a94f151e6506b	c4ecee374f07e6832c972cb302f10c979c613761e3850819d32bc5393123bc15	94	false
widgets/opal/duallist/org.eclipse.nebula.widgets.opal.duallist/src/org/eclipse/nebula/widgets/opal/duallist/DLConfiguration.java	f91b32b1afe2b76248c08c03f9f193919ad6cbc101b106e931f73214db06f0d0	f91b32b1afe2b76248c08c03f9f193919ad6cbc101b106e931f73214db06f0d0	d817d2b040155740db70b3d944485478a911c089cdb32a362ef3b5feef7e193c	134	false
widgets/opal/duallist/org.eclipse.nebula.widgets.opal.duallist/src/org/eclipse/nebula/widgets/opal/duallist/DLItem.java	c04440f87d929989a8efe6292d8e8726a1c54bf1d02d0993b648a271dca0e7cb	c04440f87d929989a8efe6292d8e8726a1c54bf1d02d0993b648a271dca0e7cb	a16ef8a80ae19de46edeac1b148022a39f1d86a7f5092eae523d03072318701d	30	false
widgets/opal/duallist/org.eclipse.nebula.widgets.opal.duallist/src/org/eclipse/nebula/widgets/opal/duallist/DualList.java	355e19142dd5c8315dd7a03dfe03bea83fe1128d586e89763fb99bbe572a5755	355e19142dd5c8315dd7a03dfe03bea83fe1128d586e89763fb99bbe572a5755	0b90959758e4cfa4696e3ad9e11ac4e6d07ebcb55f161f304c8f506bdeb988c7	728	false
widgets/opal/duallist/org.eclipse.nebula.widgets.opal.duallist/src/org/eclipse/nebula/widgets/opal/duallist/SelectionChangeEvent.java	868929b1dcbf418649f4aaccf24fd0daa786876657f5631e75f7a7d093532ce7	868929b1dcbf418649f4aaccf24fd0daa786876657f5631e75f7a7d093532ce7	2680b2c16ec2c749c6d6316ea7b271d21b001c64a8ec7334ce43091f0c90b529	6	false
widgets/opal/duallist/org.eclipse.nebula.widgets.opal.duallist/src/org/eclipse/nebula/widgets/opal/duallist/SelectionChangeListener.java	09f117e4fc4f218a1d80ae4d7ad534d3fb1d4e0c6aaeba6afc3e85e6db0e1c6a	09f117e4fc4f218a1d80ae4d7ad534d3fb1d4e0c6aaeba6afc3e85e6db0e1c6a	6bf87b0013c949c40ccb13299acd4b22782c81e90e17a2aeda85849ce0377c65	0	false
widgets/opal/header/org.eclipse.nebula.widgets.opal.header.snippets/src/org/eclipse/nebula/widgets/opal/header/snippets/HeaderSnippet.java	08afcb17e98e21ff230a0316cb4bec41a0d3596166ce4f227cc874813f3c86c8	08afcb17e98e21ff230a0316cb4bec41a0d3596166ce4f227cc874813f3c86c8	63e7001a1d525288558f9b760bb81743392a6fb27c4723ad8e6deff7e658e181	32	false
widgets/opal/header/org.eclipse.nebula.widgets.opal.header/src/org/eclipse/nebula/widgets/opal/header/Header.java	5b4375a23f9a41aa484732f58dce0e3d075266d1f36762d8c906fc5401d4ff71	5b4375a23f9a41aa484732f58dce0e3d075266d1f36762d8c906fc5401d4ff71	cc401f1b4dcb5d6fef0fbef5d643c4361baf6c34460bf03a9e7338b5386fdb17	140	false
widgets/opal/heapmanager/org.eclipse.nebula.widgets.opal.heapmanager.snippets/src/org/eclipse/nebula/widgets/opal/heapmanager/snippets/HeapManagerSnippet.java	7fb05f0c65abb81f6e3b5ee1b78f4659ea1e4581733bce1083d9cc9c356438ec	7fb05f0c65abb81f6e3b5ee1b78f4659ea1e4581733bce1083d9cc9c356438ec	75b942f4b720ccd222bf334f63e13716df689e5aaa92638eedac4b5f1db3f064	26	false
widgets/opal/heapmanager/org.eclipse.nebula.widgets.opal.heapmanager/src/org/eclipse/nebula/widgets/opal/heapmanager/HeapManager.java	d84475ae4ff2a02cb71cc4309f483e1210fdd9eb720de20d2864983923de4dd7	d84475ae4ff2a02cb71cc4309f483e1210fdd9eb720de20d2864983923de4dd7	972fbeb4709fe0966793abbfbc2450baab80c05db1f68f74f7d0a28205d37be9	91	false
widgets/opal/horizontalspinner/org.eclipse.nebula.widgets.opal.horizontalspinner.snippets/src/org/eclipse/nebula/widgets/opal/horizontalspinner/snippets/HorizontalSpinnerSnippet.java	651a5c0874a9168549d7966d69363b4d5145da474bc59c7d8439896b420f617c	651a5c0874a9168549d7966d69363b4d5145da474bc59c7d8439896b420f617c	9946d62d8be369d442a5f69083522fb8f0666fe4a7795f278dc3bdef5d5989fd	137	false
widgets/opal/horizontalspinner/org.eclipse.nebula.widgets.opal.horizontalspinner/src/org/eclipse/nebula/widgets/opal/horizontalspinner/HorizontalSpinner.java	ceb169ea2ace8d0d1161bd202f3fd2c281ec1850bb20077fee130bec234143c6	ceb169ea2ace8d0d1161bd202f3fd2c281ec1850bb20077fee130bec234143c6	39080079ea602547ad27a3d3a79b4180e1084876edf46b4223d08e590c2f552e	259	false
widgets/opal/launcher/org.eclipse.nebula.widgets.opal.launcher.snippets/src/org/eclipse/nebula/widgets/opal/launcher/snippets/LauncherSnippet.java	c1af820ebd8d7997211c6ea9e19832864355a99cc736ad2da742767fb486aab8	c1af820ebd8d7997211c6ea9e19832864355a99cc736ad2da742767fb486aab8	8c55d60dd6fb38bbba702fb13feac6611150fa63e5971e2ae963ac8c3466cdd4	31	false
widgets/opal/launcher/org.eclipse.nebula.widgets.opal.launcher.snippets/src/org/eclipse/nebula/widgets/opal/launcher/snippets/LauncherSnippetAdvanced.java	06713d921ba5d8788b83312b3a938019599280301dba64ca96c1147b57f3c5fc	06713d921ba5d8788b83312b3a938019599280301dba64ca96c1147b57f3c5fc	612a2b52b1cc3f3371b1586c36d1884f5a042824fccfbd36f9eff473b1499f4e	46	false
widgets/opal/launcher/org.eclipse.nebula.widgets.opal.launcher/src/org/eclipse/nebula/widgets/opal/launcher/Launcher.java	9b70a6a63505b931e6e34930a78f1f37c79d93e1c6a9b0fecd0c56af7fb2cd74	9b70a6a63505b931e6e34930a78f1f37c79d93e1c6a9b0fecd0c56af7fb2cd74	dd0a23be2b58ec3b82f29a7abe80ba006587bd7cc65ab9431bea1798425690fd	215	false
widgets/opal/launcher/org.eclipse.nebula.widgets.opal.launcher/src/org/eclipse/nebula/widgets/opal/launcher/LauncherItem.java	5046e6bc3dac2c78378af9344b52482ed280abc977b73ce49aeab8f67a048302	5046e6bc3dac2c78378af9344b52482ed280abc977b73ce49aeab8f67a048302	9c68e00ecf376a0e256eb23598e53609094c6fbfe4690d95f9a47b15799e3da7	3	false
widgets/opal/launcher/org.eclipse.nebula.widgets.opal.launcher/src/org/eclipse/nebula/widgets/opal/launcher/LauncherLabel.java	5cfced256f42a5b1353bea2fe1cb5e4aafa64f769f8f2f1b8cbff58e8fc77d2a	5cfced256f42a5b1353bea2fe1cb5e4aafa64f769f8f2f1b8cbff58e8fc77d2a	3759b24aa34ef2d48c4974b4d7bbd74bcec158d3433bd71d851d1afa0ac7d26a	106	false
widgets/opal/logindialog/org.eclipse.nebula.widgets.opal.logindialog.snippets/src/org/eclipse/nebula/widgets/opal/loginDialog/snippets/LoginDialogSnippet.java	aba8b20d698de20340a872b5395936584f5d276be2b053842e76b65d417e9c5f	aba8b20d698de20340a872b5395936584f5d276be2b053842e76b65d417e9c5f	389b65cf109e4b689b03f2a806f950c97da8db2544a4e8ad02f4767f55c12d62	68	false
widgets/opal/logindialog/org.eclipse.nebula.widgets.opal.logindialog/src/org/eclipse/nebula/widgets/opal/loginDialog/LoginDialog.java	430b783280a31b79615a2cff7f927b867065b7497b6c2f3e9cfaeee9c70b10ea	430b783280a31b79615a2cff7f927b867065b7497b6c2f3e9cfaeee9c70b10ea	5f0d5321017d6ef7df3fff82bb6f52ce8129962f72e28a9fb6ef97bfe3616318	218	false
widgets/opal/logindialog/org.eclipse.nebula.widgets.opal.logindialog/src/org/eclipse/nebula/widgets/opal/loginDialog/LoginDialogVerifier.java	0eac7819e8c847ef5d5dd4461f6e0ff4a4bff0aa569529100bbe40656e488a86	0eac7819e8c847ef5d5dd4461f6e0ff4a4bff0aa569529100bbe40656e488a86	13b0796ae90cf511e9ccdfef4a591e93e48ccc7c733ae127172ca6f9cfd61abd	0	false
widgets/opal/multichoice/org.eclipse.nebula.widgets.opal.multichoice.snippets/src/org/eclipse/nebula/widgets/opal/multichoice/snippets/Country.java	739d8c9b243e8d92351db579fab109c4ffe954bc013da4e14a76978d6b83f160	739d8c9b243e8d92351db579fab109c4ffe954bc013da4e14a76978d6b83f160	4185091142eebaa7031fde2b1c65c53d68fdb430070291d93bca9dfc8586547f	58	false
widgets/opal/multichoice/org.eclipse.nebula.widgets.opal.multichoice.snippets/src/org/eclipse/nebula/widgets/opal/multichoice/snippets/MultiChoiceSnippet.java	e50e169aa4faa4c3a12cc95cd0aff208037b7bbf6e521d23896a34d44079f8cf	e50e169aa4faa4c3a12cc95cd0aff208037b7bbf6e521d23896a34d44079f8cf	14106e3a3dee25d0caf550f536d39ecc7831cb0a3fe627bddfa866582020e3f4	200	false
widgets/opal/multichoice/org.eclipse.nebula.widgets.opal.multichoice/src/org/eclipse/nebula/widgets/opal/multichoice/MultiChoice.java	f0cf7b954aebe673c6bc087b159ae08fee8604c49fcd6668119c562a4f4bc4db	f0cf7b954aebe673c6bc087b159ae08fee8604c49fcd6668119c562a4f4bc4db	68494415cd27bb7f4c0d5599c0c16f429d8044285437662af91cca1327392e40	671	false
widgets/opal/multichoice/org.eclipse.nebula.widgets.opal.multichoice/src/org/eclipse/nebula/widgets/opal/multichoice/MultiChoiceDefaultLabelProvider.java	f9c2296c2defe2be53bdd1f88b9a5a74badb0d3c70dcf9f90dc0d0762135f279	f9c2296c2defe2be53bdd1f88b9a5a74badb0d3c70dcf9f90dc0d0762135f279	66993e6f2bed5ee494777ba8ffb9bc809a4b2ec10f94bd51316e4a5ea2431737	2	false
widgets/opal/multichoice/org.eclipse.nebula.widgets.opal.multichoice/src/org/eclipse/nebula/widgets/opal/multichoice/MultiChoiceLabelProvider.java	d6c3835c5f38866cd2cf378b3a24af7391fac7d43dcab787ed13e3bb29be5a1e	d6c3835c5f38866cd2cf378b3a24af7391fac7d43dcab787ed13e3bb29be5a1e	7752ae89ec8f59b6a225cf86c5635f0a76f203c25b96b32f2dd7e41774a29f8c	0	false
widgets/opal/multichoice/org.eclipse.nebula.widgets.opal.multichoice/src/org/eclipse/nebula/widgets/opal/multichoice/MultiChoiceSelectionListener.java	6615abb06efe8948033b54e2e1154595cdf8eaaed0c50aadc2d852edae0aef4c	6615abb06efe8948033b54e2e1154595cdf8eaaed0c50aadc2d852edae0aef4c	2caf66a82589c6716e3542e475bfbc1f4638c5319a27cc93730f45b7952f0513	6	false
widgets/opal/notifier/org.eclipse.nebula.widgets.opal.notifier.snippets/src/org/eclipse/nebula/widgets/opal/notifier/snippets/NotifierSnippet.java	d1636ac359abe9a67c74f2758ba9a8276f4e3426c3e777dd16be94f46e474dde	d1636ac359abe9a67c74f2758ba9a8276f4e3426c3e777dd16be94f46e474dde	9237daa22a4258a41cbf71518ec9c397d6eca965c9296f9bcb7e926d680a1bb8	33	false
widgets/opal/notifier/org.eclipse.nebula.widgets.opal.notifier/src/org/eclipse/nebula/widgets/opal/notifier/Notifier.java	31a71d59769ca8d353987731ff8323708106f56bacc6e23848fc2625a9623123	31a71d59769ca8d353987731ff8323708106f56bacc6e23848fc2625a9623123	6042424aa08fb5e222202e4cdb796d4e94722d352e484ce5b64b3d17fadd2e3a	134	false
widgets/opal/notifier/org.eclipse.nebula.widgets.opal.notifier/src/org/eclipse/nebula/widgets/opal/notifier/NotifierColors.java	1e1f58382947fc537ec3c660ada3696d2647fe9f386a43b87e0cb3aac383f9ab	1e1f58382947fc537ec3c660ada3696d2647fe9f386a43b87e0cb3aac383f9ab	7b301dfc87fb43746e7a19008dadbdee1b0c9aaeee0097e83e670c77f95c694b	6	false
widgets/opal/notifier/org.eclipse.nebula.widgets.opal.notifier/src/org/eclipse/nebula/widgets/opal/notifier/NotifierColorsFactory.java	b45151f10afa8ceb01b7f01c9cf5488a22d5fdde3c04e76daf94e5b283ae6f67	b45151f10afa8ceb01b7f01c9cf5488a22d5fdde3c04e76daf94e5b283ae6f67	d6d404c963410355749eaa5db682d6987655b838a4a8244fa7cabac9014fa19f	28	false
widgets/opal/panels/org.eclipse.nebula.widgets.opal.panels.snippets/src/org/eclipse/nebula/widgets/opal/panels/snippets/SnippetBlurredPanel.java	e1c691fa834461aa57b933e0f7ec1d2b637d0b0ac8d6e8863f992a51a9910b2a	e1c691fa834461aa57b933e0f7ec1d2b637d0b0ac8d6e8863f992a51a9910b2a	364c709eef1c020828f9f5014a9e681b9ae4a4fcccdfdcbf81e176a1d206c461	44	false
widgets/opal/panels/org.eclipse.nebula.widgets.opal.panels.snippets/src/org/eclipse/nebula/widgets/opal/panels/snippets/SnippetDarkPanel.java	cc8862a46e75a10d5eb8cfaf5dbe71ca7abe04fe45e86316ae23461c81915edb	cc8862a46e75a10d5eb8cfaf5dbe71ca7abe04fe45e86316ae23461c81915edb	a5afefaaa8878e3e161c38f94dcda0351e24fdd3436a0c054556d2da88094868	44	false
widgets/opal/panels/org.eclipse.nebula.widgets.opal.panels/src/org/eclipse/nebula/widgets/opal/panels/BlurredPanel.java	5acd2dfdd4ca07f7777b2fa09070e19c41890732e1dd7c20f696da69a83d6ac7	5acd2dfdd4ca07f7777b2fa09070e19c41890732e1dd7c20f696da69a83d6ac7	0c2bcd2e8c045110a02578fd33337185eeaf13f0d2e0a213fc5f15d4ac49aea9	48	false
widgets/opal/panels/org.eclipse.nebula.widgets.opal.panels/src/org/eclipse/nebula/widgets/opal/panels/DarkPanel.java	cc96b57a914e3709a14ef4e7a10e1654a49cb5c3a2820a7e4a62081091f44d2d	cc96b57a914e3709a14ef4e7a10e1654a49cb5c3a2820a7e4a62081091f44d2d	002888db54e56b18463dd76187e31fad8c237d9d3a9d8e16234a6e904413a49d	46	false
widgets/opal/preferencewindow/org.eclipse.nebula.widgets.opal.preferencewindow.snippets/src/org/eclipse/nebula/widgets/opal/preferencewindow/snippets/PreferenceWindowSnippet.java	c187088bb1b10431e82a9f6c093e3dcc8f348d1d2245bdfbb5fe379d1392deee	c187088bb1b10431e82a9f6c093e3dcc8f348d1d2245bdfbb5fe379d1392deee	4abf4d24f8777ea1cec83d083e412ad7de00acda9ae484f0ac5e7f1c595874b9	108	false
widgets/opal/preferencewindow/org.eclipse.nebula.widgets.opal.preferencewindow/src/org/eclipse/nebula/widgets/opal/preferencewindow/FlatButton.java	8f1a590aeff7d9b2089dd1986636b1481ff24328a5ecf280fea2fa3707782962	8f1a590aeff7d9b2089dd1986636b1481ff24328a5ecf280fea2fa3707782962	960f58160fc2411a724b3f67ed301f0a501d4ca0fb0cde58e4858fc86fd77066	187	false
widgets/opal/preferencewindow/org.eclipse.nebula.widgets.opal.preferencewindow/src/org/eclipse/nebula/widgets/opal/preferencewindow/PWContainer.java	f447bd3e3f1a2c09c434b97178f18014e82f34f07979cc648a632b8fde6a2646	f447bd3e3f1a2c09c434b97178f18014e82f34f07979cc648a632b8fde6a2646	4d3b81f4bec6b45ec07c1bdf231c6347c08b4a377b1b528f793d1e009ab60e70	0	false
widgets/opal/preferencewindow/org.eclipse.nebula.widgets.opal.preferencewindow/src/org/eclipse/nebula/widgets/opal/preferencewindow/PWGroup.java	097b544e6fe35961bea901d5b0f1640706f0493e9aaba5e1b5101d2e28f0e0ff	097b544e6fe35961bea901d5b0f1640706f0493e9aaba5e1b5101d2e28f0e0ff	8d1f6c39c7cc8bc0f3a1e5f871d7f3c7dacb6b95f55d35d2e5a3eef1cb836267	64	false
widgets/opal/preferencewindow/org.eclipse.nebula.widgets.opal.preferencewindow/src/org/eclipse/nebula/widgets/opal/preferencewindow/PWRow.java	398315f6d9d438fd33992046f0e6de56e1e587b2c85e22d1c7cfe1080c322e3f	398315f6d9d438fd33992046f0e6de56e1e587b2c85e22d1c7cfe1080c322e3f	ecba56113c56a2f5cee567799af4cb49b4f0e0ab9dd7b0e292b4dda2fc55a45c	77	false
widgets/opal/preferencewindow/org.eclipse.nebula.widgets.opal.preferencewindow/src/org/eclipse/nebula/widgets/opal/preferencewindow/PWRowGroup.java	8f42ea1965eeb544668aef616df06ea75087181a06e41d689c39d63c0142266b	8f42ea1965eeb544668aef616df06ea75087181a06e41d689c39d63c0142266b	2714c4043e852cf6fad6db929602aeda56677305eaf08d4e8eafa8f72579864c	13	false
widgets/opal/preferencewindow/org.eclipse.nebula.widgets.opal.preferencewindow/src/org/eclipse/nebula/widgets/opal/preferencewindow/PWTab.java	fe58b0a28432cb807e345c342f31876d68379bcca652f7738bdc1622f9bcf27d	fe58b0a28432cb807e345c342f31876d68379bcca652f7738bdc1622f9bcf27d	019debf960824c1340dc9c87e3ca5a42d352b3492f078669327dc419d086c4af	37	false
widgets/opal/preferencewindow/org.eclipse.nebula.widgets.opal.preferencewindow/src/org/eclipse/nebula/widgets/opal/preferencewindow/PWTabContainer.java	d3c50798290c3dcd0062949c30af8d6b3c39599f289a11afca3a848631e460ad	d3c50798290c3dcd0062949c30af8d6b3c39599f289a11afca3a848631e460ad	36fb712645789215f861ca6827923a7e77b442a6429faed2c1756d62884b529a	84	false
widgets/opal/preferencewindow/org.eclipse.nebula.widgets.opal.preferencewindow/src/org/eclipse/nebula/widgets/opal/preferencewindow/PreferenceWindow.java	cf578fa67ea161a934c9ac512a084845a6437ee1960414452df9845c6467fea7	cf578fa67ea161a934c9ac512a084845a6437ee1960414452df9845c6467fea7	9be637f69c25f2774f0ab6bc39b66ebbb52dca3e173e320a2a97b4799dc9375b	117	false
widgets/opal/preferencewindow/org.eclipse.nebula.widgets.opal.preferencewindow/src/org/eclipse/nebula/widgets/opal/preferencewindow/ValueAndAssociatedWidgets.java	b67f08909800a6d2cdfe735a1513991ea6840c58f0710e5191e3edfd1c952e78	b67f08909800a6d2cdfe735a1513991ea6840c58f0710e5191e3edfd1c952e78	0afbe2dabc571468e696ea81d52af58d616ae92d3b3c21d7764ad4ab9f418ca4	20	false
widgets/opal/preferencewindow/org.eclipse.nebula.widgets.opal.preferencewindow/src/org/eclipse/nebula/widgets/opal/preferencewindow/enabler/EnabledIfEquals.java	dccb521b2140f74b0215a267098789461283b7821aac0ba27fc585ac44bd7f34	dccb521b2140f74b0215a267098789461283b7821aac0ba27fc585ac44bd7f34	ff160afffdbd31c4c48535bd00ce921ec4f17cdb2d71e0f1a740398c2556cc3c	9	false
widgets/opal/preferencewindow/org.eclipse.nebula.widgets.opal.preferencewindow/src/org/eclipse/nebula/widgets/opal/preferencewindow/enabler/EnabledIfNotEquals.java	774721adb3d57705a9b0c321e818c09cec99d0f46a6eef781743997ff9fb8f58	774721adb3d57705a9b0c321e818c09cec99d0f46a6eef781743997ff9fb8f58	8de066a564c5e38a73d642425f29f95c0f3ee9c08faa4d280101f533e2588fe2	9	false
widgets/opal/preferencewindow/org.eclipse.nebula.widgets.opal.preferencewindow/src/org/eclipse/nebula/widgets/opal/preferencewindow/enabler/EnabledIfTrue.java	e7fb413c95a1f57a8cb35534739d278074a47a233f5c9450b943334ec3afcfd6	e7fb413c95a1f57a8cb35534739d278074a47a233f5c9450b943334ec3afcfd6	1608ab98c1911f89fea11094fe67cc4d447e10a71fd37494aec4c2e368d2a275	11	false
widgets/opal/preferencewindow/org.eclipse.nebula.widgets.opal.preferencewindow/src/org/eclipse/nebula/widgets/opal/preferencewindow/enabler/Enabler.java	2a41bc082fe7bfd55b3806812c3dc6098b8054dc2a01cfa20c57bc8270e83b33	2a41bc082fe7bfd55b3806812c3dc6098b8054dc2a01cfa20c57bc8270e83b33	ce78e9054fc1683a96ba8479415c85d615425576cee19be1aa49c8b0d147453c	6	false
widgets/opal/preferencewindow/org.eclipse.nebula.widgets.opal.preferencewindow/src/org/eclipse/nebula/widgets/opal/preferencewindow/widgets/PWButton.java	b08323532eb4b0315fb1411ff16d22b25d21b99a6df6e9c07062226c1085a9d0	b08323532eb4b0315fb1411ff16d22b25d21b99a6df6e9c07062226c1085a9d0	1c92115a870b7a3868a7470303dcecc62f9b3e3cc9d0a4fde5db95e099a2bf50	16	false
widgets/opal/preferencewindow/org.eclipse.nebula.widgets.opal.preferencewindow/src/org/eclipse/nebula/widgets/opal/preferencewindow/widgets/PWCheckbox.java	9762d6a3565754b7bbfa3ea35f8eff68e8a56e7825c153db0e260c7288997bd3	9762d6a3565754b7bbfa3ea35f8eff68e8a56e7825c153db0e260c7288997bd3	e94966c2c65fb5c292e1d8002f9fecd4ae3fdf9fcc27d317cf98865ddb4fa107	24	false
widgets/opal/preferencewindow/org.eclipse.nebula.widgets.opal.preferencewindow/src/org/eclipse/nebula/widgets/opal/preferencewindow/widgets/PWChooser.java	abba7e256acbf9d3e8f0ae6e76a25c8d0137caa061b377e77ad9cebccc829168	abba7e256acbf9d3e8f0ae6e76a25c8d0137caa061b377e77ad9cebccc829168	528ee14ef697def44bff14c5341df27c41a7c9a108ef2d82c27286b57c1619a9	26	false
widgets/opal/preferencewindow/org.eclipse.nebula.widgets.opal.preferencewindow/src/org/eclipse/nebula/widgets/opal/preferencewindow/widgets/PWColorChooser.java	72aeaa141f1d472f8742feb54018967a654aa27a99e35c1b4473753ffd68cda8	72aeaa141f1d472f8742feb54018967a654aa27a99e35c1b4473753ffd68cda8	15927f6d32dd66d6fc292a669c5e5ba7fe6ec78e7aa2ee9b81b3caeba2569ee6	47	false
widgets/opal/preferencewindow/org.eclipse.nebula.widgets.opal.preferencewindow/src/org/eclipse/nebula/widgets/opal/preferencewindow/widgets/PWCombo.java	a51c59455095b655d31795c0fc1f523cbe57df0cdf171e522ea527bfa089cec0	a51c59455095b655d31795c0fc1f523cbe57df0cdf171e522ea527bfa089cec0	ac5d0cddfcee587b79319e4a347e015aea26ee6e046d104d09e2ca375cccf20f	37	false
widgets/opal/preferencewindow/org.eclipse.nebula.widgets.opal.preferencewindow/src/org/eclipse/nebula/widgets/opal/preferencewindow/widgets/PWDirectoryChooser.java	ec559e32013ec621c20f1d24c7fd3f2175b12d1b09ae366116e65d49109ba813	ec559e32013ec621c20f1d24c7fd3f2175b12d1b09ae366116e65d49109ba813	c521c52404366cc08ed33faa365f85b0c078e7f6813d821549cb32a1d469300f	23	false
widgets/opal/preferencewindow/org.eclipse.nebula.widgets.opal.preferencewindow/src/org/eclipse/nebula/widgets/opal/preferencewindow/widgets/PWFileChooser.java	520173b077fd8e79a1107136dcfdce46d057d0270ec09f4458c54d3105d73a94	520173b077fd8e79a1107136dcfdce46d057d0270ec09f4458c54d3105d73a94	c9010f2d8ad5d36afa2680537133345fbdcd42b72e409c5ae58138811699078f	22	false
widgets/opal/preferencewindow/org.eclipse.nebula.widgets.opal.preferencewindow/src/org/eclipse/nebula/widgets/opal/preferencewindow/widgets/PWFloatText.java	835e7a6697d1b4400ab2d2dd3d6a4e6fc187381952691a23ab7559f8e0ca82a8	835e7a6697d1b4400ab2d2dd3d6a4e6fc187381952691a23ab7559f8e0ca82a8	32bf1ea7b6e04f16cc39d86e2f3797f10a8dfd12e027cb43c37bfaf1d030a108	42	false
widgets/opal/preferencewindow/org.eclipse.nebula.widgets.opal.preferencewindow/src/org/eclipse/nebula/widgets/opal/preferencewindow/widgets/PWFontChooser.java	845f76741e5fe1707b31fe22ca7e57564d532332e5ef99ac4ef3cba0ea5af55a	845f76741e5fe1707b31fe22ca7e57564d532332e5ef99ac4ef3cba0ea5af55a	aac37ee67d1ac2f69935d2c9f30c40129896e40edf8c8d5d0a5dd98a982e9074	35	false
widgets/opal/preferencewindow/org.eclipse.nebula.widgets.opal.preferencewindow/src/org/eclipse/nebula/widgets/opal/preferencewindow/widgets/PWIntegerText.java	fbdcfeb000e7a23d61b6cdbbf2f00c417c85a10d71c28209017224da95414e3c	fbdcfeb000e7a23d61b6cdbbf2f00c417c85a10d71c28209017224da95414e3c	4323a0c6aa0f98861a91804c19889fd5b7fb3cf0322e4ec32ceeec8a6b30ac0c	32	false
widgets/opal/preferencewindow/org.eclipse.nebula.widgets.opal.preferencewindow/src/org/eclipse/nebula/widgets/opal/preferencewindow/widgets/PWLabel.java	7aba08cf2e934ccb1ee37c133f4a24f52f4515e05aa9fff6824f1695480854d6	7aba08cf2e934ccb1ee37c133f4a24f52f4515e05aa9fff6824f1695480854d6	ca1046915058f7b9c7ec7fb32e92affc551a4bb2f5ac40c9492e899d9a313181	28	false
widgets/opal/preferencewindow/org.eclipse.nebula.widgets.opal.preferencewindow/src/org/eclipse/nebula/widgets/opal/preferencewindow/widgets/PWPasswordText.java	acbea987f68824e67d0d23039404531dbaa55cbc6531ec6ef3163677020747e7	acbea987f68824e67d0d23039404531dbaa55cbc6531ec6ef3163677020747e7	db7cc022845bab2d0ecf16eea6bc769585fdb715bead64aabe2998caca79ef50	16	false
widgets/opal/preferencewindow/org.eclipse.nebula.widgets.opal.preferencewindow/src/org/eclipse/nebula/widgets/opal/preferencewindow/widgets/PWRadio.java	da206b25eb859545b9550e8cb124ed5f6333a0751134c0ce8e6498241186e51e	da206b25eb859545b9550e8cb124ed5f6333a0751134c0ce8e6498241186e51e	4ba932c2d645586b57eb51344b7a02b8517c1ec3481f41de627a0e16073b4c10	36	false
widgets/opal/preferencewindow/org.eclipse.nebula.widgets.opal.preferencewindow/src/org/eclipse/nebula/widgets/opal/preferencewindow/widgets/PWScale.java	1b713857580bec079d476a810dcb6b9bb5e89901b330a4c798f7b840e4468d69	1b713857580bec079d476a810dcb6b9bb5e89901b330a4c798f7b840e4468d69	ae63975a895be6de3500cf0adbb81696454bc4bf4dd1d4986ea3cc612fe64534	29	false
widgets/opal/preferencewindow/org.eclipse.nebula.widgets.opal.preferencewindow/src/org/eclipse/nebula/widgets/opal/preferencewindow/widgets/PWSeparator.java	6be9724c44b6018d9d6845fe722af21c440ace762b5ebf7ceb19c7542771c56b	6be9724c44b6018d9d6845fe722af21c440ace762b5ebf7ceb19c7542771c56b	a5b35d2f3000282efa3a74da6458a7001e6d864fff63d8231ddce703fb8469b3	17	false
widgets/opal/preferencewindow/org.eclipse.nebula.widgets.opal.preferencewindow/src/org/eclipse/nebula/widgets/opal/preferencewindow/widgets/PWSpinner.java	127b25698c071034027fe9c62e0a24acda6d0a763d1bfa670cfba19d9db65979	127b25698c071034027fe9c62e0a24acda6d0a763d1bfa670cfba19d9db65979	db088116805100213fe4f10db44f896d9b01b2fbf8ec472829bbcd79b8c70208	29	false
widgets/opal/preferencewindow/org.eclipse.nebula.widgets.opal.preferencewindow/src/org/eclipse/nebula/widgets/opal/preferencewindow/widgets/PWStringText.java	6cd52d15354be76328bfad63fc91c2240b5b9466febbe67014c1cc20e6afc35b	6cd52d15354be76328bfad63fc91c2240b5b9466febbe67014c1cc20e6afc35b	e4e37602af76fce1b375318d37d9368c3f61ce1cbe920fe99b447c9eadeb129b	16	false
widgets/opal/preferencewindow/org.eclipse.nebula.widgets.opal.preferencewindow/src/org/eclipse/nebula/widgets/opal/preferencewindow/widgets/PWText.java	47dc735dbece7079231734a0522e38bf5abf459e33152d874aab4ac5688bff6d	47dc735dbece7079231734a0522e38bf5abf459e33152d874aab4ac5688bff6d	41e5c03312a672c4c6e6e83043c25fef93118cdd54d31d473d8421a09a9037b2	13	false
widgets/opal/preferencewindow/org.eclipse.nebula.widgets.opal.preferencewindow/src/org/eclipse/nebula/widgets/opal/preferencewindow/widgets/PWTextarea.java	0982d2c4563a9f2c130154db1d08c794d00f92e550dd522614647c222e206cb6	0982d2c4563a9f2c130154db1d08c794d00f92e550dd522614647c222e206cb6	3996d8deab99e4415aba19049d46feaf3f769d6fcf896e955485aca4cca42bef	23	false
widgets/opal/preferencewindow/org.eclipse.nebula.widgets.opal.preferencewindow/src/org/eclipse/nebula/widgets/opal/preferencewindow/widgets/PWURLText.java	bfbbb8bf07abba9633a3276271b44c50a6a73ddce4cbdd98c9a859aa8511296f	bfbbb8bf07abba9633a3276271b44c50a6a73ddce4cbdd98c9a859aa8511296f	e15325c95b265661d69c633a93b002f5ee460e2910652306c6354bc8084804e3	36	false
widgets/opal/preferencewindow/org.eclipse.nebula.widgets.opal.preferencewindow/src/org/eclipse/nebula/widgets/opal/preferencewindow/widgets/PWWidget.java	b50865206bd2c4de3a978f0aa15291ac68497ad42011e540635651e299f3b8dc	b50865206bd2c4de3a978f0aa15291ac68497ad42011e540635651e299f3b8dc	4fb0be41a41333ebd34aa9f8877ca5a2de63ffcad8c5c114c04ad7cffc47fb96	73	false
widgets/opal/promptsupport/org.eclipse.nebula.widgets.opal.promptsupport.snippets/src/org/eclipse/nebula/widgets/opal/promptsupport/snippets/PromptSupportSnippet.java	ed7f63522bc887ac31594d5b44fe3d3f4c69ac69bcf5a482aec19e311927ef9f	ed7f63522bc887ac31594d5b44fe3d3f4c69ac69bcf5a482aec19e311927ef9f	4bac1f061fe47f01d6ff03b7367733b3533d7858514b1e58be7986ca71676ee0	208	false
widgets/opal/promptsupport/org.eclipse.nebula.widgets.opal.promptsupport/src/org/eclipse/nebula/widgets/opal/promptsupport/BaseFocusControlListener.java	9befe995798dee333b95cbf898c56e4b3961781906287387e47d56670fe6c45f	9befe995798dee333b95cbf898c56e4b3961781906287387e47d56670fe6c45f	9dad0d72bdae7eee6dbfd606273ac282cdc3a6873e40146a570e7952a41ce536	47	false
widgets/opal/promptsupport/org.eclipse.nebula.widgets.opal.promptsupport/src/org/eclipse/nebula/widgets/opal/promptsupport/CComboFocusControlListener.java	2d5e7858d81b2cffc4b5981d1f879c61020c530fdb46f530432b59a6b0f6f77b	2d5e7858d81b2cffc4b5981d1f879c61020c530fdb46f530432b59a6b0f6f77b	a3f6721b2dc7a652d75ab1a7eab108627d6cfd3895815b76a860ccb317796b76	44	false
widgets/opal/promptsupport/org.eclipse.nebula.widgets.opal.promptsupport/src/org/eclipse/nebula/widgets/opal/promptsupport/ComboFocusControlListener.java	f4c35233f85cc5f5258a857f53a4ffa842ef57444a9ed40633211208fd4dd434	f4c35233f85cc5f5258a857f53a4ffa842ef57444a9ed40633211208fd4dd434	3bf25085246ddbd8613bda962c827cc1208a8ffd8ed5bdb891524390e0e3d1a8	51	false
widgets/opal/promptsupport/org.eclipse.nebula.widgets.opal.promptsupport/src/org/eclipse/nebula/widgets/opal/promptsupport/FocusControlListenerFactory.java	463176913d015df505ec00325efd7f9c1bceede5650e677126fc407a65bf4cf3	463176913d015df505ec00325efd7f9c1bceede5650e677126fc407a65bf4cf3	8572f0ce2cf615d41b2a2e816ce649da675eb76a1b62b43d5da58143a8ac7940	14	false
widgets/opal/promptsupport/org.eclipse.nebula.widgets.opal.promptsupport/src/org/eclipse/nebula/widgets/opal/promptsupport/PromptSupport.java	e926504aeedec10be48dd5527a277f81e520e94c62dae823d1eddeb616b349f3	e926504aeedec10be48dd5527a277f81e520e94c62dae823d1eddeb616b349f3	6bd766681d7b62c09c7103831a07ddfddca2362b65c3c65e4b749dbe7812d4e4	64	false
widgets/opal/promptsupport/org.eclipse.nebula.widgets.opal.promptsupport/src/org/eclipse/nebula/widgets/opal/promptsupport/StyledTextFocusControlListener.java	531ae95c6228c4a13527d34a8cf5f58ec7188c4c5d6c6674f6beaa651ab59066	531ae95c6228c4a13527d34a8cf5f58ec7188c4c5d6c6674f6beaa651ab59066	45223328958fe2c171a9ccca5dd519387b78e9dcfb48ee52a39610584c101cf4	50	false
widgets/opal/promptsupport/org.eclipse.nebula.widgets.opal.promptsupport/src/org/eclipse/nebula/widgets/opal/promptsupport/TextFocusControlListener.java	f4c5d24837dbe201a4eadd297d2df69f8f19a58ccb9850abe442d8dd32417946	f4c5d24837dbe201a4eadd297d2df69f8f19a58ccb9850abe442d8dd32417946	6950ddd620c5370ee362226b6ae5cd7383af031f7f546d6ca23fd6917583a40d	50	false
widgets/opal/propertytable/org.eclipse.nebula.widgets.opal.propertytable.snippets/src/org/eclipse/nebula/widgets/opal/propertytable/snippets/PropertyTableSnippet.java	0b1aa80d55d958b68cb756354753733e5f2daca193062caf1da1d18db373fac5	0b1aa80d55d958b68cb756354753733e5f2daca193062caf1da1d18db373fac5	12e4f812c146afc3dcddac2832b3a43bab6ceda86ba7b9cc822fae5ba985f334	66	false
widgets/opal/propertytable/org.eclipse.nebula.widgets.opal.propertytable.snippets/src/org/eclipse/nebula/widgets/opal/propertytable/snippets/PropertyTableSnippetChangeListener.java	9b0a9b9cca07adee0ae93920c65bd056201391f38ddbc9dbeacd26643b20f279	9b0a9b9cca07adee0ae93920c65bd056201391f38ddbc9dbeacd26643b20f279	628217c57c3a45e3ca69aeebb1f8d09e5c7d15c88c004761b91d62c016113cfc	84	false
widgets/opal/propertytable/org.eclipse.nebula.widgets.opal.propertytable.snippets/src/org/eclipse/nebula/widgets/opal/propertytable/snippets/PropertyTableSnippetRefresh.java	c3b46aca1c0576f2b400a09f89c85cf2863a8d486144898985f44835de0bfaa7	c3b46aca1c0576f2b400a09f89c85cf2863a8d486144898985f44835de0bfaa7	3dda3a9b07e034c46836aab50d91b991ce39715e95292b30405fafb5ea25ee45	92	false
widgets/opal/propertytable/org.eclipse.nebula.widgets.opal.propertytable/src/org/eclipse/nebula/widgets/opal/propertytable/AbstractPTWidget.java	95039acaf8ec016c6765e7041ee5f8d4d3912b3a89ad259e0680b0064b3d6c1e	95039acaf8ec016c6765e7041ee5f8d4d3912b3a89ad259e0680b0064b3d6c1e	c2df6136021784f9476bb10f77e131dc047dd59c1dfa154394443dfe10e20416	89	false
widgets/opal/propertytable/org.eclipse.nebula.widgets.opal.propertytable/src/org/eclipse/nebula/widgets/opal/propertytable/PTProperty.java	1fb9c2870dce9f0cf529354bfab1fe802514616a1155b1d3eecd7fa5c87309f2	1fb9c2870dce9f0cf529354bfab1fe802514616a1155b1d3eecd7fa5c87309f2	400a7e3cfe8db087dfe33de276b9bc68f1828a208e1e5e0ad44ae9ae09a13216	110	false
widgets/opal/propertytable/org.eclipse.nebula.widgets.opal.propertytable/src/org/eclipse/nebula/widgets/opal/propertytable/PTPropertyChangeListener.java	6df698902fbe0ee819cdaba0066910081dada1d1500cf200b397b77b6b877bad	6df698902fbe0ee819cdaba0066910081dada1d1500cf200b397b77b6b877bad	5ae7c98b8083f75eda4a5efe79c944c7114c16290d52468f2ecf4d9ceb372906	0	false
widgets/opal/propertytable/org.eclipse.nebula.widgets.opal.propertytable/src/org/eclipse/nebula/widgets/opal/propertytable/PTWidget.java	f1d232120af67e9dbbf26cd1b55a6def0fd894622bc1726805d00c0665c55183	f1d232120af67e9dbbf26cd1b55a6def0fd894622bc1726805d00c0665c55183	451b279a6ccc2bea92182926561c35f65cf10fe95f857d784831eb6dc683a353	0	false
widgets/opal/propertytable/org.eclipse.nebula.widgets.opal.propertytable/src/org/eclipse/nebula/widgets/opal/propertytable/PTWidgetFactory.java	8c14d2efdd7d509347fb14a3feea8bb56c56744a0a376073d69f702ee695bcef	8c14d2efdd7d509347fb14a3feea8bb56c56744a0a376073d69f702ee695bcef	36e94c42b0eed10c68b6a804061a29330964b36845966b14764e3b708e280879	9	false
widgets/opal/propertytable/org.eclipse.nebula.widgets.opal.propertytable/src/org/eclipse/nebula/widgets/opal/propertytable/PTWidgetTable.java	7c9284417cc60a67b553397c63e9160458f6496dfc0ec361484db20a33876f80	7c9284417cc60a67b553397c63e9160458f6496dfc0ec361484db20a33876f80	0485f326bb6f5e1065d6f43b9fa2cf9643756f4a34dc6b4000e0d8a35999d80f	91	false
widgets/opal/propertytable/org.eclipse.nebula.widgets.opal.propertytable/src/org/eclipse/nebula/widgets/opal/propertytable/PTWidgetTree.java	7f6deff82c58d71f6f2e0359cb3889d7194d208b7b551c238e868bc5c390055f	7f6deff82c58d71f6f2e0359cb3889d7194d208b7b551c238e868bc5c390055f	4cf0f7cabf106681f1ba8160e6e23c93168a8559b2dcb70c8e53cecc8e35b8f9	92	false
widgets/opal/propertytable/org.eclipse.nebula.widgets.opal.propertytable/src/org/eclipse/nebula/widgets/opal/propertytable/PropertyTable.java	8688a2e7628030bf66d293f504282ecf009f6d4661cfa32ce47a17d6d4e0c164	8688a2e7628030bf66d293f504282ecf009f6d4661cfa32ce47a17d6d4e0c164	1271b8385b0683fe4cbbd5612902eb7ec3de2ebe9d84d1ecb0ab4f4925643f2c	101	false
widgets/opal/propertytable/org.eclipse.nebula.widgets.opal.propertytable/src/org/eclipse/nebula/widgets/opal/propertytable/editor/PTBaseTextEditor.java	8a50b02056f167f4e3afc9915f59675445e5f822e864449969fc7aad2dbaa31d	8a50b02056f167f4e3afc9915f59675445e5f822e864449969fc7aad2dbaa31d	bfbc808965e9c4034f3c8160b35eedc83a7d8d2523cfdca6ef2cc8722eb15663	25	false
widgets/opal/propertytable/org.eclipse.nebula.widgets.opal.propertytable/src/org/eclipse/nebula/widgets/opal/propertytable/editor/PTCheckboxEditor.java	63079284699dee294db89bf4abdf99bd7226514cde3a842130aa7e745feff9af	63079284699dee294db89bf4abdf99bd7226514cde3a842130aa7e745feff9af	b7e311c088568a0224ccd57497f86617a41314368d28737a17c457603cdd89d5	29	false
widgets/opal/propertytable/org.eclipse.nebula.widgets.opal.propertytable/src/org/eclipse/nebula/widgets/opal/propertytable/editor/PTChooserEditor.java	f7c56593a3bc36bc43441e909f2ce82372f60c5f5ffc0dce43c67fe2c9ec54d1	f7c56593a3bc36bc43441e909f2ce82372f60c5f5ffc0dce43c67fe2c9ec54d1	a3c472cb6570600b2272c4675b46e6214539f9c9ec6e7e8188bff588496c334a	72	false
widgets/opal/propertytable/org.eclipse.nebula.widgets.opal.propertytable/src/org/eclipse/nebula/widgets/opal/propertytable/editor/PTColorEditor.java	0697b67067adc94a770f5a061836a69fef9b8695642a29706c59a725b684b697	0697b67067adc94a770f5a061836a69fef9b8695642a29706c59a725b684b697	b2912e2c49c208bb1aeb3e125c77123f442c4e951db98a9e0c255775a655d9aa	39	false
widgets/opal/propertytable/org.eclipse.nebula.widgets.opal.propertytable/src/org/eclipse/nebula/widgets/opal/propertytable/editor/PTComboEditor.java	42146069c228576c6bbfe5f69103bfa03a737dc806f6514c0272817d8283674a	42146069c228576c6bbfe5f69103bfa03a737dc806f6514c0272817d8283674a	73a39a3f01637e064e30ecebfdbe19710e5ba0c89188d003e17783f226b33937	38	false
widgets/opal/propertytable/org.eclipse.nebula.widgets.opal.propertytable/src/org/eclipse/nebula/widgets/opal/propertytable/editor/PTDateEditor.java	7e2f16491e7370d832dd0b21defa5d303bc78c0410c5940608369d91133f3856	7e2f16491e7370d832dd0b21defa5d303bc78c0410c5940608369d91133f3856	847e4b7c6f1676f9f01759efd8fc918337cd13b4c3623a7b3436eb8087f4085a	32	false
widgets/opal/propertytable/org.eclipse.nebula.widgets.opal.propertytable/src/org/eclipse/nebula/widgets/opal/propertytable/editor/PTDimensionEditor.java	0102708a0c2ad4ac18a06def8d10790f2112b5e9d09033de2a4cca1f15fc8bf6	0102708a0c2ad4ac18a06def8d10790f2112b5e9d09033de2a4cca1f15fc8bf6	5bbdc2aebe8d690da17e7d62cf9ac34e1a5a3b53978c9bba03f41c7adeca86ca	37	false
widgets/opal/propertytable/org.eclipse.nebula.widgets.opal.propertytable/src/org/eclipse/nebula/widgets/opal/propertytable/editor/PTDirectoryEditor.java	6ff9bae4620478bce3bb9829fa950ee18532f29fb322239169e389e62937ebf0	6ff9bae4620478bce3bb9829fa950ee18532f29fb322239169e389e62937ebf0	a92874cba249c19aa118cb9317dc4f5d13cb11b82553a759a0251db0c4a146ab	16	false
widgets/opal/propertytable/org.eclipse.nebula.widgets.opal.propertytable/src/org/eclipse/nebula/widgets/opal/propertytable/editor/PTEditor.java	21dc94ae41b4d2facf03fb6cd591902348fc6ee1d3904ca6f317fc1a33ff41ad	21dc94ae41b4d2facf03fb6cd591902348fc6ee1d3904ca6f317fc1a33ff41ad	9b57be4b5da78528930f3813ccd9d99b69d5564d709400c1e9da23ec7fc1a903	0	false
widgets/opal/propertytable/org.eclipse.nebula.widgets.opal.propertytable/src/org/eclipse/nebula/widgets/opal/propertytable/editor/PTFileEditor.java	61346b734ebaffeeb6cf9731f88c4ab9a106af882bb109fb96772fa7524c6626	61346b734ebaffeeb6cf9731f88c4ab9a106af882bb109fb96772fa7524c6626	5dda072ee085e12de8a7bc5504f32129ff8a0cabd4d84296203dacd2da945bff	15	false
widgets/opal/propertytable/org.eclipse.nebula.widgets.opal.propertytable/src/org/eclipse/nebula/widgets/opal/propertytable/editor/PTFloatEditor.java	26ac42c48efc27c78ad179354573ca317499bf08c35dcb03edf2d80e68eaeb55	26ac42c48efc27c78ad179354573ca317499bf08c35dcb03edf2d80e68eaeb55	258f1d57776c5a289a432d1166b804dceacdfd89c3e27156256cfd2a373a9823	31	false
widgets/opal/propertytable/org.eclipse.nebula.widgets.opal.propertytable/src/org/eclipse/nebula/widgets/opal/propertytable/editor/PTFontEditor.java	7576792e6faecb4e0d8b589c75e9de0e5bc93c5bbea65e3b7a4ac136457e19c0	7576792e6faecb4e0d8b589c75e9de0e5bc93c5bbea65e3b7a4ac136457e19c0	f47db17552cba382d285eccebdda49137e60077943b1d82e6d6896d86e14e48c	29	false
widgets/opal/propertytable/org.eclipse.nebula.widgets.opal.propertytable/src/org/eclipse/nebula/widgets/opal/propertytable/editor/PTInsetsEditor.java	0fa945855c7a780f23313e8448469be23cd316ccb70c3c78ea850863c7e9bed5	0fa945855c7a780f23313e8448469be23cd316ccb70c3c78ea850863c7e9bed5	6ef2b6415072e8a4a96fb7e62498d551e513155938abb0db33df9bc194ba8294	55	false
widgets/opal/propertytable/org.eclipse.nebula.widgets.opal.propertytable/src/org/eclipse/nebula/widgets/opal/propertytable/editor/PTIntegerEditor.java	7b367613878f3927be8c8e285a038a5804a381640af3db18ce1a8dc09d4fea24	7b367613878f3927be8c8e285a038a5804a381640af3db18ce1a8dc09d4fea24	dbe522707e72ae3b8f65e4d32c9a0f064f0f50281f4c3379f81d7eae6616b129	25	false
widgets/opal/propertytable/org.eclipse.nebula.widgets.opal.propertytable/src/org/eclipse/nebula/widgets/opal/propertytable/editor/PTPasswordEditor.java	e61464ba26f82f3d438e9357ed8877b6cd3f892c1789061b8792d136ae96a576	e61464ba26f82f3d438e9357ed8877b6cd3f892c1789061b8792d136ae96a576	00d4857c971594e38edc7d268137e13631398fe7b473e3a6a63ab7bf75dd8c6b	5	false
widgets/opal/propertytable/org.eclipse.nebula.widgets.opal.propertytable/src/org/eclipse/nebula/widgets/opal/propertytable/editor/PTRectangleEditor.java	7d36e5bc87140c9a7f0e57ebf525def017aaf5cbbc059c95a9a91eea415af3f1	7d36e5bc87140c9a7f0e57ebf525def017aaf5cbbc059c95a9a91eea415af3f1	324106b80896dd829cc7090c041b9769ab7d43b2705c2653c4b2962e5b606f45	55	false
widgets/opal/propertytable/org.eclipse.nebula.widgets.opal.propertytable/src/org/eclipse/nebula/widgets/opal/propertytable/editor/PTSpinnerEditor.java	f347af01460f55efa8f87f75fbcae7cab4eb617ae0c0670ad41cafa63399e0d6	f347af01460f55efa8f87f75fbcae7cab4eb617ae0c0670ad41cafa63399e0d6	7ff7c59aebf12282bcbae7b80a97dfb9a8d86829a00a0a569b3ff0fb0c0ef66e	29	false
widgets/opal/propertytable/org.eclipse.nebula.widgets.opal.propertytable/src/org/eclipse/nebula/widgets/opal/propertytable/editor/PTStringEditor.java	0dc29255b5d51e3a653f6b9f3473e1f11f0fc0b8205428073110d8bfcb0809a4	0dc29255b5d51e3a653f6b9f3473e1f11f0fc0b8205428073110d8bfcb0809a4	c0f5241fca2a6e642a66512e3360c7f93f373fb55e494382c507dbc3c9c22a20	5	false
widgets/opal/propertytable/org.eclipse.nebula.widgets.opal.propertytable/src/org/eclipse/nebula/widgets/opal/propertytable/editor/PTURLEditor.java	66c187fc71256e0a968516cbb2680fabecc8f5cba9bdbb7ca40fdc9d1cb3966c	66c187fc71256e0a968516cbb2680fabecc8f5cba9bdbb7ca40fdc9d1cb3966c	fa3f08cb115f4558e2b2ecff9af7699add48e58e610f6d5975762aba4e12c6b5	14	false
widgets/opal/propertytable/org.eclipse.nebula.widgets.opal.propertytable/src/org/eclipse/nebula/widgets/opal/propertytable/editor/PTWindowEditor.java	3b28a2aff1067f78e86ab59827d0e3bcd9275482c9c12d82f0f97d71708b7a30	3b28a2aff1067f78e86ab59827d0e3bcd9275482c9c12d82f0f97d71708b7a30	305db44b6366be1240ff1d9e65e23725a3aed0488d6f490416e1e6d6fcd3759c	60	false
widgets/opal/rangeslider/org.eclipse.nebula.widgets.opal.rangeslider.snippets/src/org/eclipse/nebula/widgets/opal/rangeslider/snippets/RangeSliderSnippet.java	c0c0006e7e41e0fd51dc607a9591a76912fa36cc9d72af94ff5a13902f15c905	c0c0006e7e41e0fd51dc607a9591a76912fa36cc9d72af94ff5a13902f15c905	0af3af89ec20d2dd9309f0adaedc36deb7482b3042489b0c210c87b3f8fec65a	232	false
widgets/opal/rangeslider/org.eclipse.nebula.widgets.opal.rangeslider/src/org/eclipse/nebula/widgets/opal/rangeslider/RangeSlider.java	7714acc58ed38e1f5e27d3dda674803607b0414d0defd55174bd1eba2361e162	7714acc58ed38e1f5e27d3dda674803607b0414d0defd55174bd1eba2361e162	b8579f1b0e3938828b6d345ce166882e0e405982bf9c9128dda806e1676dec3c	845	false
widgets/opal/roundedtoolbar/org.eclipse.nebula.widgets.opal.roundedtoolbar.snippets/src/org/eclipse/nebula/widgets/opal/roundedtoolbar/snippets/RoundedToolbarSnippet.java	6a853af6700dad6f8e8263d7cb049a39131b196fa041b273a0e22d903be54e3a	6a853af6700dad6f8e8263d7cb049a39131b196fa041b273a0e22d903be54e3a	e6fda9e6a94a67f096a11419ec8a817cf640ac2da801b38c38e60ab657cb7da7	230	false
widgets/opal/roundedtoolbar/org.eclipse.nebula.widgets.opal.roundedtoolbar/src/org/eclipse/nebula/widgets/opal/roundedtoolbar/GradientColor.java	0ccf8d46a2da4e5a039ef066bd861116a3e41ce8b095fe27acbd50f27a3d9869	0ccf8d46a2da4e5a039ef066bd861116a3e41ce8b095fe27acbd50f27a3d9869	18dc26910b72a383e7a3d503b4f6f08d29c13dd19bad09dd924f448e780d773f	0	false
widgets/opal/roundedtoolbar/org.eclipse.nebula.widgets.opal.roundedtoolbar/src/org/eclipse/nebula/widgets/opal/roundedtoolbar/RoundedToolItem.java	e85cb1ede372dba0ac02164a4d0300f17f43867119eea45139611e515f317edf	e85cb1ede372dba0ac02164a4d0300f17f43867119eea45139611e515f317edf	14e3ff6630f03b43da202a055a82a36ed0763a017db3a2aedda730e022b73bf4	335	false
widgets/opal/roundedtoolbar/org.eclipse.nebula.widgets.opal.roundedtoolbar/src/org/eclipse/nebula/widgets/opal/roundedtoolbar/RoundedToolbar.java	c02686f975553876c50392f013759d95bf44b792b2b77bc7bba5cb9eddb10407	c02686f975553876c50392f013759d95bf44b792b2b77bc7bba5cb9eddb10407	3c8e72af0cc6ac469e4e286a0435bea6b4186eca269d600eee1b04cb20cfa680	218	false
widgets/opal/starrating/org.eclipse.nebula.widgets.opal.starrating.snippets/src/org/eclipse/nebula/widgets/opal/starrating/snippets/StarRatingSnippet.java	fc0be5ac5424972e0415796426e37bee407bebab7a7dd23a8d953ddb0b8b7e1a	fc0be5ac5424972e0415796426e37bee407bebab7a7dd23a8d953ddb0b8b7e1a	e0a9558cdf4686566adce03b977f1fc26906a1eb6d95063c029584d1338bc946	43	false
widgets/opal/starrating/org.eclipse.nebula.widgets.opal.starrating/src/org/eclipse/nebula/widgets/opal/starrating/Star.java	ebdab82da93cb4a28e33fca6d3ecfc31e55279405a0e9a712a5b1be9076c129f	ebdab82da93cb4a28e33fca6d3ecfc31e55279405a0e9a712a5b1be9076c129f	251d601603e6ffafae7baccdf37f517ba3bb30265121cc24627f0e42218294f3	42	false
widgets/opal/starrating/org.eclipse.nebula.widgets.opal.starrating/src/org/eclipse/nebula/widgets/opal/starrating/StarRating.java	b007c05aec450e0f0ab16f1df0e46dca0055c7fa0de1c75a434d6d4fe779a00e	b007c05aec450e0f0ab16f1df0e46dca0055c7fa0de1c75a434d6d4fe779a00e	fd4e799b564be0b425e5b789ae24dcbb80cc0eca94f254323e149f0852a758ce	157	false
widgets/opal/switchbutton/org.eclipse.nebula.widgets.opal.switchbutton.snippets/src/org/eclipse/nebula/widgets/opal/switchbutton/snippets/SwitchButtonSnippet.java	c1680ea9256b2f9ad347081490ea95d882afbc187a2b96eb32e8a5ac846fd811	c1680ea9256b2f9ad347081490ea95d882afbc187a2b96eb32e8a5ac846fd811	d2920a7536a6fb0e03dd5f3af93a2b12c55a3d2f5a47d759b690d4d842a22e54	84	false
widgets/opal/switchbutton/org.eclipse.nebula.widgets.opal.switchbutton.snippets/src/org/eclipse/nebula/widgets/opal/switchbutton/snippets/TriStateSwitchButtonSnippet.java	47d17f92a391290423856970073aeefbc1f615c3076f3bec0a5e1c71e094da5a	47d17f92a391290423856970073aeefbc1f615c3076f3bec0a5e1c71e094da5a	7e54548e387684fe6618b4b721239ca2d27017d75fba2422bd8c7dc613707b87	90	false
widgets/opal/switchbutton/org.eclipse.nebula.widgets.opal.switchbutton/src/org/eclipse/nebula/widgets/opal/switchbutton/SwitchButton.java	d1e0b5dffe19b4b732debd9f0158932b059acb5bf5d65c115eb043fe1574a262	d1e0b5dffe19b4b732debd9f0158932b059acb5bf5d65c115eb043fe1574a262	9d3a0e9315e22122a0dfe79395dbe51774b7e7acb173d9d658a6a4f544a65b24	304	false
widgets/opal/switchbutton/org.eclipse.nebula.widgets.opal.switchbutton/src/org/eclipse/nebula/widgets/opal/switchbutton/TriState.java	e885a7f2ec94bd94913f0e5fa999932eebdc6ce2af5138ab4ff3429baf755936	e885a7f2ec94bd94913f0e5fa999932eebdc6ce2af5138ab4ff3429baf755936	eca33863445bba1f8f3891a085974ee2a13553a579a0b3e8ffb07642a077e34d	0	false
widgets/opal/switchbutton/org.eclipse.nebula.widgets.opal.switchbutton/src/org/eclipse/nebula/widgets/opal/switchbutton/TriStateSwitchButton.java	69a4d49fdbade6a1951bd4436db7e15953b8f5dfbe99a0eb5f35716b69bb7849	69a4d49fdbade6a1951bd4436db7e15953b8f5dfbe99a0eb5f35716b69bb7849	7fccef2731fb484907a91efad299cd05d8c63910366da5f52c640be45ec1f708	336	false
widgets/opal/textassist/org.eclipse.nebula.widgets.opal.textassist.snippets/src/org/eclipse/nebula/widgets/opal/textassist/snippets/TextAssistSnippet.java	11b63acf5f1f71b66d1cf18a2c5643e6313d60ee27841de4c5b206e496682de4	11b63acf5f1f71b66d1cf18a2c5643e6313d60ee27841de4c5b206e496682de4	25fceb7bcf434c2798f18532d533fe82626ecd8c744ef9749cd94335884d86ba	42	false
widgets/opal/textassist/org.eclipse.nebula.widgets.opal.textassist/src/org/eclipse/nebula/widgets/opal/textassist/TextAssist.java	4d1bbef340fc01f781762e1558948366a93b3f789f841bae33d2cd8f3ee3f269	4d1bbef340fc01f781762e1558948366a93b3f789f841bae33d2cd8f3ee3f269	e7eb1021e590995dc68b4779f03e1278452cf6130bba62d8f7432b03c367b71f	343	false
widgets/opal/textassist/org.eclipse.nebula.widgets.opal.textassist/src/org/eclipse/nebula/widgets/opal/textassist/TextAssistContentProvider.java	fc626e4ab75b792abd5a36d4f12a88b12326f5def9e62024ec97e42f63cdbe09	fc626e4ab75b792abd5a36d4f12a88b12326f5def9e62024ec97e42f63cdbe09	dfd540e01e3e21f1cc48ffbf2a45dea51e9f05dd16614b46dee781a08d9cec5b	4	false
widgets/opal/tipoftheday/org.eclipse.nebula.widgets.opal.tipoftheday.snippets/src/org/eclipse/nebula/widgets/opal/tipoftheday/snippets/TipOfTheDaySnippet.java	e23e3035d82f0c9e1eac8b2a7b3b4730996d7ba1204061679446749917dac560	e23e3035d82f0c9e1eac8b2a7b3b4730996d7ba1204061679446749917dac560	e9e983ea9180896885f47779b5bdd552bac9ea7f9e092d8e67e4502e27c855d4	37	false
widgets/opal/tipoftheday/org.eclipse.nebula.widgets.opal.tipoftheday/src/org/eclipse/nebula/widgets/opal/tipoftheday/TipOfTheDay.java	4ab68672f3c97e99e63f8b5ca4fc0a99d42db6fc6c6b9c448d7826950f1306b7	4ab68672f3c97e99e63f8b5ca4fc0a99d42db6fc6c6b9c448d7826950f1306b7	745b864162bf24121eff35d5037a9d16b83745d8ac10e490c71494c79f4bfbca	230	false
widgets/opal/titledseparator/org.eclipse.nebula.widgets.opal.titledseparator.snippets/src/org/eclipse/nebula/widgets/opal/titledseparator/snippets/TitledSeparatorSnippet.java	334141b41ceb1eb3ff5632bd799aa838e2d71d7b6dcbba108d91b969c29c1dad	334141b41ceb1eb3ff5632bd799aa838e2d71d7b6dcbba108d91b969c29c1dad	99de8bf543504ed9756687d6e2e2830e4fc3cef01bda1d98d5f9aa3c1a53d9dc	36	false
widgets/opal/titledseparator/org.eclipse.nebula.widgets.opal.titledseparator/src/org/eclipse/nebula/widgets/opal/titledseparator/TitledSeparator.java	ce8a891d9588fa87216b897b3ae771cc42f838c131ac70447894342e2490557e	ce8a891d9588fa87216b897b3ae771cc42f838c131ac70447894342e2490557e	283ca214b2eb7835e8ae352660c2c316fdc96390f5e371adc6ba642c2c16ed9e	92	false
widgets/oscilloscope/org.eclipse.nebula.widgets.oscilloscope.css/src/org/eclipse/nebula/widgets/oscilloscope/css/OscilloscopeElement.java	1fba0802823add39de705a16b8efd2dda3b63d6d6350706366caed773e59ac6a	1fba0802823add39de705a16b8efd2dda3b63d6d6350706366caed773e59ac6a	c286e6261ccc013c0db23dc0df7943229c493b44ce7293cc791d3a3e76f9f33c	2	false
widgets/oscilloscope/org.eclipse.nebula.widgets.oscilloscope.css/src/org/eclipse/nebula/widgets/oscilloscope/css/OscilloscopeElementProvider.java	1b727a0009bb5bbcee56f6036de2cf9498937f3ca37be1cbdc9afc94bb893311	1b727a0009bb5bbcee56f6036de2cf9498937f3ca37be1cbdc9afc94bb893311	c18644436703c8dc7cb34a5fc0c7037cf9682e563fea675de1bd256d1f27e772	2	false
widgets/oscilloscope/org.eclipse.nebula.widgets.oscilloscope.css/src/org/eclipse/nebula/widgets/oscilloscope/css/OscilloscopePropertyHandler.java	9b40e59a3894865dc03f37d9f4820f430ae0689720dcaf9300a4f94010885b50	9b40e59a3894865dc03f37d9f4820f430ae0689720dcaf9300a4f94010885b50	9f6b2c1833ac4113b5726a9c9e197f786346052cc37a504c15c3acc6a0747bff	50	false
widgets/oscilloscope/org.eclipse.nebula.widgets.oscilloscope.example.e4/src/org/eclipse/nebula/widgets/oscilloscope/example/e4/Activator.java	6a3baa0f58a03501cc8c0a95f749ae27dd1cc2d97553ce0c24cb085794bfe255	6a3baa0f58a03501cc8c0a95f749ae27dd1cc2d97553ce0c24cb085794bfe255	f5e5be028b6b0215d3177dae66b23095c607422ad399c0a6539726825e38372d	6	false
widgets/oscilloscope/org.eclipse.nebula.widgets.oscilloscope.example.e4/src/org/eclipse/nebula/widgets/oscilloscope/example/e4/handlers/AboutHandler.java	9e92aebddc04bb1fb7faed8126ccec1445285745a8e23db0b421fc71ad471045	9e92aebddc04bb1fb7faed8126ccec1445285745a8e23db0b421fc71ad471045	ffeabdad05047c838168f6e74ae61d7b931417f9e949a0f1499ceec40b9aafdf	2	false
widgets/oscilloscope/org.eclipse.nebula.widgets.oscilloscope.example.e4/src/org/eclipse/nebula/widgets/oscilloscope/example/e4/handlers/QuitHandler.java	5182098d389e370d080b2025cf5454f7aa550aac3707c3a8a39018b0f02257aa	5182098d389e370d080b2025cf5454f7aa550aac3707c3a8a39018b0f02257aa	97a76ce989af3f02dbf1142ca78eed9e27142280e7fdca86fe0a083fdfcfcb35	4	false
widgets/oscilloscope/org.eclipse.nebula.widgets.oscilloscope.example.e4/src/org/eclipse/nebula/widgets/oscilloscope/example/e4/parts/FirstPart.java	8c69d074bb2cb524f4440081fe4b541a428f9c3f09cda68ad6c4e8655afac6d9	8c69d074bb2cb524f4440081fe4b541a428f9c3f09cda68ad6c4e8655afac6d9	36278b38b92cc4207ba16e02565eae894c59a19ac349a5bf16e0cfce76525833	30	false
widgets/oscilloscope/org.eclipse.nebula.widgets.oscilloscope.example.e4/src/org/eclipse/nebula/widgets/oscilloscope/example/e4/parts/SecondPart.java	b3a37d908a0fd223fdd24f045d26a37bf310099aea6754529115a059bbe2eb29	b3a37d908a0fd223fdd24f045d26a37bf310099aea6754529115a059bbe2eb29	7d718fcfad68146b9fbb01083c1abcf9b32f99d114ff47aae14751faf9504911	68	false
widgets/oscilloscope/org.eclipse.nebula.widgets.oscilloscope.example.e4/src/org/eclipse/nebula/widgets/oscilloscope/example/e4/parts/ThirdPart.java	5c4caf52311d35dc1c5a480664313f24c2dab79a95c496201a021e75e2370293	5c4caf52311d35dc1c5a480664313f24c2dab79a95c496201a021e75e2370293	ff2d8eae4e5e10ac7fa1a79309515cc6ad054c383950ebf1b70ce39f49eac56c	61	false
widgets/oscilloscope/org.eclipse.nebula.widgets.oscilloscope.example/src/org/eclipse/nebula/widgets/oscilloscope/example/OscilloscopeExampleTab.java	29c3ebc3d850a8a53b0cdda0fcd25f796eb164e081ca1082a65673d94679b6e8	29c3ebc3d850a8a53b0cdda0fcd25f796eb164e081ca1082a65673d94679b6e8	f1a63e0119c2ead610e6530b29daf1359931f20a03fd240b4e26495b34b0ef88	372	false
widgets/oscilloscope/org.eclipse.nebula.widgets.oscilloscope.snippets/src/org/eclipse/nebula/widgets/oscilloscope/snippets/MultiScope_Basic.java	c32f0116a555445353235da9b4e4c4c00c849d74ef7ed927935cd036400a4ce4	c32f0116a555445353235da9b4e4c4c00c849d74ef7ed927935cd036400a4ce4	60299d8cd4ff3a7347a59fbd8578ad2ac3cce58d2393beb2ee1b74b1e8d176c7	121	false
widgets/oscilloscope/org.eclipse.nebula.widgets.oscilloscope.snippets/src/org/eclipse/nebula/widgets/oscilloscope/snippets/MultiScope_Basic_1Scope.java	01cfa814a3238b97d7907fc613262fbe05d744224e51f91754f4e169bb1c020c	01cfa814a3238b97d7907fc613262fbe05d744224e51f91754f4e169bb1c020c	607e4ce42238c13126326f6e837dc4a20cd6e45e79f86b86abe649ef4b859ed3	10	false
widgets/oscilloscope/org.eclipse.nebula.widgets.oscilloscope.snippets/src/org/eclipse/nebula/widgets/oscilloscope/snippets/MultiScope_ScopeWithData.java	eb9c8af05214ba3b4355fc4b0acecadf4b3c38fa750a82567043b7cd29fa53af	eb9c8af05214ba3b4355fc4b0acecadf4b3c38fa750a82567043b7cd29fa53af	726bfce98c8b2c536f83c0cedc1fcbfbe6e63bcb2d3a7486756b050eae70a42a	19	false
widgets/oscilloscope/org.eclipse.nebula.widgets.oscilloscope.snippets/src/org/eclipse/nebula/widgets/oscilloscope/snippets/MultiScope_ScopeWithDataAndProgression.java	2cb2dad88d8669de4a8d28f7206f553c989d9f4a402f8d7e8347db6fc64ef92f	2cb2dad88d8669de4a8d28f7206f553c989d9f4a402f8d7e8347db6fc64ef92f	e81941a1a58dc82d0a5edb3510c13f3f3ed6375194ef5c38061717e838312e27	40	false
widgets/oscilloscope/org.eclipse.nebula.widgets.oscilloscope.snippets/src/org/eclipse/nebula/widgets/oscilloscope/snippets/MultiScope_ScopeWithDataAndProgression10Channels.java	3395f25db46cdf2c9b0ac093eaf7c00f1cec9c7beeeaec2abff5264481edde4a	3395f25db46cdf2c9b0ac093eaf7c00f1cec9c7beeeaec2abff5264481edde4a	d01eda25d34d0595d85a604f6606d71692af21348e1ca0bb0dc2cf5e16a109a7	77	false
widgets/oscilloscope/org.eclipse.nebula.widgets.oscilloscope.snippets/src/org/eclipse/nebula/widgets/oscilloscope/snippets/MultiScope_ScopeWithDataAndProgression2Channels_1.java	7fcfba73822ff1eb0be99d4918d0d956547c8ff1fcdda3f6f46e6521985e6f4d	7fcfba73822ff1eb0be99d4918d0d956547c8ff1fcdda3f6f46e6521985e6f4d	9992dc601e89094e7c8db0618ac17a6175aa8b80da2e74bd881db6738b3ed33b	69	false
widgets/oscilloscope/org.eclipse.nebula.widgets.oscilloscope.snippets/src/org/eclipse/nebula/widgets/oscilloscope/snippets/MultiScope_ScopeWithDataAndProgression2Channels_2.java	c79fea5efd65335fa33660dfb7b3254e366e840785b225b4bca682e38fc5431d	c79fea5efd65335fa33660dfb7b3254e366e840785b225b4bca682e38fc5431d	397d0f48bdda8b871ced7e634aa1b80bdba51bcba3c3022d6d02a56012544fc9	43	false
widgets/oscilloscope/org.eclipse.nebula.widgets.oscilloscope.snippets/src/org/eclipse/nebula/widgets/oscilloscope/snippets/MultiScope_ScopeWithDataAndProgression2Channels_3.java	b6418839158666ad6bb701bcb83643b54ee7ad1aebf891fe4316c019f2bfbf44	b6418839158666ad6bb701bcb83643b54ee7ad1aebf891fe4316c019f2bfbf44	ca4c5f4b5148c9b6c7c1fc19a6297e220968e91b23bce638cee85273324211cb	95	false
widgets/oscilloscope/org.eclipse.nebula.widgets.oscilloscope.snippets/src/org/eclipse/nebula/widgets/oscilloscope/snippets/MultiScope_SimpleScope.java	138eaf4175c2f470de75a878b1e45ff9f3343e518210491da51474d2bfd11488	138eaf4175c2f470de75a878b1e45ff9f3343e518210491da51474d2bfd11488	0d720c925b1447ac038afcd3e4d79f163842fcc2d913287cae8e1814b74db076	16	false
widgets/oscilloscope/org.eclipse.nebula.widgets.oscilloscope.snippets/src/org/eclipse/nebula/widgets/oscilloscope/snippets/Snippet3.java	5fdc914e1a99a9e7a4f52787982716659dffd2d6cf32ff895592fa9e6ffc8f19	5fdc914e1a99a9e7a4f52787982716659dffd2d6cf32ff895592fa9e6ffc8f19	24395e004b70cfdbcb42f3001afa3602d4fe8434b78e45d92271cdbd27ea464d	43	false
widgets/oscilloscope/org.eclipse.nebula.widgets.oscilloscope.snippets/src/org/eclipse/nebula/widgets/oscilloscope/snippets/Snippet4.java	b5c16036abf5ade628ad7c63fef9fe35505a4319e3bb0ff468f6e0f6eaaa29c8	b5c16036abf5ade628ad7c63fef9fe35505a4319e3bb0ff468f6e0f6eaaa29c8	25e8fbf6488304589aedf55dd4b39107ad46cc71bebae7673b4772e2abd869b4	57	false
widgets/oscilloscope/org.eclipse.nebula.widgets.oscilloscope.snippets/src/org/eclipse/nebula/widgets/oscilloscope/snippets/SnippetDispatcher.java	c54419e6d0d6dcb2dac7f969674252c14da40c061c2c1be624d6e2324bca8986	c54419e6d0d6dcb2dac7f969674252c14da40c061c2c1be624d6e2324bca8986	b29eb32dd1dfbc9ea9de7888c78eafaeb8c1a92a79df3ae711ca2ffae5dadeee	199	false
widgets/oscilloscope/org.eclipse.nebula.widgets.oscilloscope.tests/src/org/eclipse/nebula/widgets/oscilloscope/OscilloscopeTest.java	4d9e2d5ab007fd09f9cbbc2625cdafea9daa089d63dc65b4ea443dd407eaef7b	4d9e2d5ab007fd09f9cbbc2625cdafea9daa089d63dc65b4ea443dd407eaef7b	6d3d81f9055226f06eab2b7668263de553fdeb56387acb6ed4ccaacf80fec0c4	93	false
widgets/oscilloscope/org.eclipse.nebula.widgets.oscilloscope/src/org/eclipse/nebula/widgets/oscilloscope/Oscilloscope.java	1ba95fd23e1ed80daf87e852af6797646cd62c08e9f02bfbbb46f87230a7d0d2	1ba95fd23e1ed80daf87e852af6797646cd62c08e9f02bfbbb46f87230a7d0d2	b394917fa2d8347d05a3f66b5c15e23c959ab5926be9e2ea7f6a44fa0a7a87ba	70	false
widgets/oscilloscope/org.eclipse.nebula.widgets.oscilloscope/src/org/eclipse/nebula/widgets/oscilloscope/OscilloscopeDispatcher.java	ec0e91f3b07dc312b7b37e55357d06617325da420b93318bf9c8fdf1e9fd394d	ec0e91f3b07dc312b7b37e55357d06617325da420b93318bf9c8fdf1e9fd394d	5412f37cadbe5640631aecab44c85dd10a3bfe2b79c456ae5fb371728c456574	129	false
widgets/oscilloscope/org.eclipse.nebula.widgets.oscilloscope/src/org/eclipse/nebula/widgets/oscilloscope/OscilloscopeStackAdapter.java	9312fa43a0f9f227d105848015c78c3d965073330edfd7040668216e7347e683	9312fa43a0f9f227d105848015c78c3d965073330edfd7040668216e7347e683	61c5bf64b4bca55fe17549b249fa3d98dcc8d3523eabedb27df76fd3859a158d	1	false
widgets/oscilloscope/org.eclipse.nebula.widgets.oscilloscope/src/org/eclipse/nebula/widgets/oscilloscope/multichannel/Oscilloscope.java	d7ab27383103d78690e675430839b6efb82aea0c4de345db4ef81a75f6a30ffa	d7ab27383103d78690e675430839b6efb82aea0c4de345db4ef81a75f6a30ffa	321f5702bce51849faa2a7134e87ea7e65c7d9814d7eebde4014ea822722a1e2	473	false
widgets/oscilloscope/org.eclipse.nebula.widgets.oscilloscope/src/org/eclipse/nebula/widgets/oscilloscope/multichannel/OscilloscopeDispatcher.java	96d7a1f0d5c5577605e1cc493accaddd7a8a27dba7fea25b2e8f4ec44f252a47	96d7a1f0d5c5577605e1cc493accaddd7a8a27dba7fea25b2e8f4ec44f252a47	bb3c5c0c66bf7389f48a1008716fa200bf65aa8c113a846397c51cbdc24de6fb	178	false
widgets/oscilloscope/org.eclipse.nebula.widgets.oscilloscope/src/org/eclipse/nebula/widgets/oscilloscope/multichannel/OscilloscopeStackAdapter.java	beb1ce9c5946e4c4cf46c60b6cb2c197dc8916331d0dd0ec55a35e46d9d8e270	beb1ce9c5946e4c4cf46c60b6cb2c197dc8916331d0dd0ec55a35e46d9d8e270	13dc8f4b8c72e639c2d5628942313fba2107363566a26149339c1b1287d4d669	1	false
widgets/oscilloscope/org.eclipse.nebula.widgets.oscilloscope/src/org/eclipse/nebula/widgets/oscilloscope/multichannel/Plotter.java	9f5241d5985411a563b2c75e2ff53cfd650fc992bd6ffdb8e138259f131187f9	9f5241d5985411a563b2c75e2ff53cfd650fc992bd6ffdb8e138259f131187f9	efbdbb118e7be85317f480d15a08af01066db0200a073280ad12e4d6ea10f14c	318	false
widgets/pagination/org.eclipse.nebula.widgets.pagination.example/src/org/eclipse/nebula/widgets/pagination/example/PaginationExampleTab.java	b1b05ea2e87c7bf5a42c3b500c39d92c9c92df3ec0cd8e0f8cca348915cd148a	b1b05ea2e87c7bf5a42c3b500c39d92c9c92df3ec0cd8e0f8cca348915cd148a	60ad0943694d13ba1a81501bdb1fbaa7ce7d6d48e0fe6d068624438dd4c10152	77	false
widgets/pagination/org.eclipse.nebula.widgets.pagination.example/src/org/eclipse/nebula/widgets/pagination/example/model/NebulaWidget.java	acb090f67119f68e6c476db29972f31753f38a407472913a6f8ce60b069c45ad	acb090f67119f68e6c476db29972f31753f38a407472913a6f8ce60b069c45ad	f26faf616235ea520b0f3b8b382a7065ee0a66d6d03fe301f25668dd74f5dbd3	10	false
widgets/pagination/org.eclipse.nebula.widgets.pagination.example/src/org/eclipse/nebula/widgets/pagination/example/model/Person.java	a053cec4f8900dd8eaa8a3769d086a60923c33b33f8941f2a360ec7080ee1275	a053cec4f8900dd8eaa8a3769d086a60923c33b33f8941f2a360ec7080ee1275	0a88d21a35d27c7bd5cc8e924ebb9f1023132a874e946b041f550870d1412ba3	7	false
widgets/pagination/org.eclipse.nebula.widgets.pagination.example/src/org/eclipse/nebula/widgets/pagination/example/services/NebulaWidgetServices.java	9aef17541697d2fc8ee7b905414308021791f67a8dec7329dc532dd8bbf205b4	9aef17541697d2fc8ee7b905414308021791f67a8dec7329dc532dd8bbf205b4	70894c795222f6f2f75826e6a222a021c7649b290f8a7fcd681bd361045568d1	50	false
widgets/pagination/org.eclipse.nebula.widgets.pagination.snippets/src/org/eclipse/nebula/widgets/pagination/snippets/DisplayNavigationPageGraphics.java	c59808ff19ecfd9306f8a529646ce1ec0c5f66c890c436b88e9989c73bad063d	c59808ff19ecfd9306f8a529646ce1ec0c5f66c890c436b88e9989c73bad063d	93611c7d9856fe8f8a894495ebf132a0cb15ead6fbb0e7ae66c585ce25f92dd3	19	false
widgets/pagination/org.eclipse.nebula.widgets.pagination.snippets/src/org/eclipse/nebula/widgets/pagination/snippets/model/Address.java	34a21eceecd895d714f02beadc939f41ed4c1cbc17633239e66a80a535e1f3af	34a21eceecd895d714f02beadc939f41ed4c1cbc17633239e66a80a535e1f3af	a349e7d420ce17c7089ddf7ede6642ff6d3ce2bdf564b5273d39f2b13c96adb0	4	false
widgets/pagination/org.eclipse.nebula.widgets.pagination.snippets/src/org/eclipse/nebula/widgets/pagination/snippets/model/Bug469441Person.java	b6ff92536d15b773ed22ee90db03cc7319f009c453b46d86042d05a9d32c2fcf	b6ff92536d15b773ed22ee90db03cc7319f009c453b46d86042d05a9d32c2fcf	f3411fa7080bb32a838d406d4941240ea490fb1b9be8c97dde70c6230f9d6d88	7	false
widgets/pagination/org.eclipse.nebula.widgets.pagination.snippets/src/org/eclipse/nebula/widgets/pagination/snippets/model/Person.java	59c52d7820149e7e6c143d87830145a0b9fd9a3f70cb9e0bc674a155e79df100	59c52d7820149e7e6c143d87830145a0b9fd9a3f70cb9e0bc674a155e79df100	0f9b3e6b9ce4994567073a393455caf295a5a1a1cd724c61f9c04f6004c31d92	7	false
widgets/pagination/org.eclipse.nebula.widgets.pagination.snippets/src/org/eclipse/nebula/widgets/pagination/snippets/model/Team.java	0cf23b52824ccdd16768180a09667cf17cec777ebf56d640641e880d7ec22783	0cf23b52824ccdd16768180a09667cf17cec777ebf56d640641e880d7ec22783	5e502e92d6b007c7cd421cc8ebc7fbd38070d3503122de26de911340a9279052	9	false
widgets/pagination/org.eclipse.nebula.widgets.pagination.snippets/src/org/eclipse/nebula/widgets/pagination/snippets/table/Bug469441.java	b2b08d20351cc8b0fa29e099e5d906ff28d064e248aa57c2c89276b21caa0c31	b2b08d20351cc8b0fa29e099e5d906ff28d064e248aa57c2c89276b21caa0c31	f490f7bd21cdca719d50f6138f62c4e9e1126fbef5f516c4475b1d29bf1edbf4	83	false
widgets/pagination/org.eclipse.nebula.widgets.pagination.snippets/src/org/eclipse/nebula/widgets/pagination/snippets/table/ModelSortPageableTableAndTotalChangedExample.java	eea709767a17f278150d6c58b2ea4ef20348cecf6690433136956416f88c0269	eea709767a17f278150d6c58b2ea4ef20348cecf6690433136956416f88c0269	9d4a16f4035443b103adfed5ce0394f7fdaec51184f801ce75e459cd5e0ea9a0	73	false
widgets/pagination/org.eclipse.nebula.widgets.pagination.snippets/src/org/eclipse/nebula/widgets/pagination/snippets/table/ModelSortPageableTableExample.java	af136df63f13bd0af7757aa93cf93b43cade2b10030a144c9d0a4da92278ec69	af136df63f13bd0af7757aa93cf93b43cade2b10030a144c9d0a4da92278ec69	8c10fb1ccfeb3acf4e6f3723f9d29407510d4d0fd228b63636ee662f3a609125	59	false
widgets/pagination/org.eclipse.nebula.widgets.pagination.snippets/src/org/eclipse/nebula/widgets/pagination/snippets/table/ModelSortPageableTableWorkInProcessExample.java	0dd2df1e9710725801ff0605ce82d44bcae9b9958d55dd89c493b9a056661e29	0dd2df1e9710725801ff0605ce82d44bcae9b9958d55dd89c493b9a056661e29	b4ae2c2f19329243e6e95b308e93fbbd905081df41062cd425e00b13d9c94d5c	91	false
widgets/pagination/org.eclipse.nebula.widgets.pagination.snippets/src/org/eclipse/nebula/widgets/pagination/snippets/table/StringPageableTableExample.java	a7ca8fc35694a3930b7c5addfd3411a8b2455dcf5753b557b61c205983223403	a7ca8fc35694a3930b7c5addfd3411a8b2455dcf5753b557b61c205983223403	470e11e6dde3fa7211f2650fc4d32987a082f0919073ef88ba72aeeebfb28e02	30	false
widgets/pagination/org.eclipse.nebula.widgets.pagination.snippets/src/org/eclipse/nebula/widgets/pagination/snippets/table/StringSortPageableTableExample.java	db5e290d70ac682a3004b07c90f3a3f34193851d2158d7ae70698e7b12a0ba80	db5e290d70ac682a3004b07c90f3a3f34193851d2158d7ae70698e7b12a0ba80	fdac0f2e9c50e32479c8a914073788089e74918033ca9c637882b883062c3c8c	66	false
widgets/pagination/org.eclipse.nebula.widgets.pagination.snippets/src/org/eclipse/nebula/widgets/pagination/snippets/table/lazy/LazyPageTableExample.java	b33d97493673c9c078d54a0ab4ce1f8a7efb38e35eb2c55257aca9747668f01a	b33d97493673c9c078d54a0ab4ce1f8a7efb38e35eb2c55257aca9747668f01a	cb395a1e86d4b84065306a6a98f989b429690e819564bbb4a9220805f0d1cc21	58	false
widgets/pagination/org.eclipse.nebula.widgets.pagination.snippets/src/org/eclipse/nebula/widgets/pagination/snippets/table/renderers/AllRenderersPaginationTableAtHandExample.java	7b4c3fff2d9da4f25b3b0f5e7b1fc4671f9b514c646a7840b842c3eb3c3a27cd	7b4c3fff2d9da4f25b3b0f5e7b1fc4671f9b514c646a7840b842c3eb3c3a27cd	632674e368f17936eb730d76ceff9e88833e4153e30587ca106496041919bf57	98	false
widgets/pagination/org.eclipse.nebula.widgets.pagination.snippets/src/org/eclipse/nebula/widgets/pagination/snippets/table/renderers/ComboPageableTableExample.java	db728b1394e0a93359695d2cac91275bed58acdc3e904f692a8df0d9074749fc	db728b1394e0a93359695d2cac91275bed58acdc3e904f692a8df0d9074749fc	a71c78911b58e321e8b1ba96bf2668c8a22f1479276f2b58f00949599a4d10dd	30	false
widgets/pagination/org.eclipse.nebula.widgets.pagination.snippets/src/org/eclipse/nebula/widgets/pagination/snippets/table/renderers/GraphicsPageableTableAndTotalChangedExample.java	13dfe467110674ebfbe51ec665c9cc5b25f7de43b03e4e613715006be01d5bc4	13dfe467110674ebfbe51ec665c9cc5b25f7de43b03e4e613715006be01d5bc4	8de63cab13a9ab50ffaff3d91544ce7e0f99b32575faab0442108e9067374733	55	false
widgets/pagination/org.eclipse.nebula.widgets.pagination.snippets/src/org/eclipse/nebula/widgets/pagination/snippets/table/renderers/GraphicsPageableTableExample.java	b3b59c6eb9e127522e3931712602233b11c50aa3e989a684d23bd7ab01584e04	b3b59c6eb9e127522e3931712602233b11c50aa3e989a684d23bd7ab01584e04	d4b2342034e52affb80b18beae00cba0e1765772235b034ddb9eec06a75385b1	43	false
widgets/pagination/org.eclipse.nebula.widgets.pagination.snippets/src/org/eclipse/nebula/widgets/pagination/snippets/table/renderers/OneRendererPaginationTableAtHandExample.java	b630eada68687e75a6316cf9fb5a0a1cddc4e477a34b1b6f383462c35f0b6ca7	b630eada68687e75a6316cf9fb5a0a1cddc4e477a34b1b6f383462c35f0b6ca7	a8dc5256edcca2b25c31d9f4f2f18886fa9105084aa2257ae72dd841e8334bbc	65	false
widgets/pagination/org.eclipse.nebula.widgets.pagination.snippets/src/org/eclipse/nebula/widgets/pagination/snippets/table/renderers/OneRendererPaginationTableWithPageableTableExample.java	8f6d91aa7c384865f8fad136169f1b1a638d09b1bfdb087cd873dc4a9ad41924	8f6d91aa7c384865f8fad136169f1b1a638d09b1bfdb087cd873dc4a9ad41924	5ac3ddf68146034fcb20a63cce793a41606c2132deb7bf7251166fb17a495c3a	60	false
widgets/pagination/org.eclipse.nebula.widgets.pagination.snippets/src/org/eclipse/nebula/widgets/pagination/snippets/table/renderers/ScalePageableTableExample.java	f9f1a9ba62a213004f9b51e28c6981ab511d8643732a8b78a9882613d6033b6e	f9f1a9ba62a213004f9b51e28c6981ab511d8643732a8b78a9882613d6033b6e	8b37217e0c63ff08cae7f29ce3f420361c042a5176e37428dccec271405d1849	30	false
widgets/pagination/org.eclipse.nebula.widgets.pagination.snippets/src/org/eclipse/nebula/widgets/pagination/snippets/tree/ModelSortPageableTreeExample.java	a809c020164d14dceeb1ea10786697101334a8e38348d2565aa08a4c878fe9fd	a809c020164d14dceeb1ea10786697101334a8e38348d2565aa08a4c878fe9fd	cf5cc47582fe1ed5d10f9d202875a6b6a00f8a8c2d7bb4c646c59ed428590d18	73	false
widgets/pagination/org.eclipse.nebula.widgets.pagination.snippets/src/org/eclipse/nebula/widgets/pagination/snippets/tree/TeamContentProvider.java	68dc43a74aed32681e9757bd9e2c2cce62226047ffd638c9ccb36b6f30009ed6	68dc43a74aed32681e9757bd9e2c2cce62226047ffd638c9ccb36b6f30009ed6	6373421903ff7620dd719246d9f7d2d8b3630663e8accac3b877f0fac05eddf2	29	false
widgets/pagination/org.eclipse.nebula.widgets.pagination.tests/src/org/eclipse/nebula/widgets/pagination/tests/PaginationHelperTestCase.java	10e56000ad51c965e1a91d2dc22778854fcecf0898aa2b8f17ea8678f08c8566	10e56000ad51c965e1a91d2dc22778854fcecf0898aa2b8f17ea8678f08c8566	e76446f5ea5de0d317a8c3e54543d6de43d60a495300446013c84ca785b50e63	57	false
widgets/pagination/org.eclipse.nebula.widgets.pagination/src/org/eclipse/nebula/widgets/pagination/AbstractPageControllerComposite.java	ed8f27362c2c96b80fa3c6f9465e8ab8da9894b772767f03dd19c9072ecd5d9e	ed8f27362c2c96b80fa3c6f9465e8ab8da9894b772767f03dd19c9072ecd5d9e	0ec707a0dd0e385e872141e2328ff4de5a3db60bfe599e7e41473925dd78373a	35	false
widgets/pagination/org.eclipse.nebula.widgets.pagination/src/org/eclipse/nebula/widgets/pagination/AbstractPageControllerSelectionListener.java	f9e710d47507db4843c30d6663b608fc9cbc55e65820c1bba325d3a926eafdde	f9e710d47507db4843c30d6663b608fc9cbc55e65820c1bba325d3a926eafdde	5a24950108277321b285feb573dcd4de2b5c1e496faf71e1e1a0fa7cd20ed638	9	false
widgets/pagination/org.eclipse.nebula.widgets.pagination/src/org/eclipse/nebula/widgets/pagination/AbstractPaginationWidget.java	b0d86d44b52d8436f7e37b45fd823cc4052bfa85fc118129b10dfb71d7966b79	b0d86d44b52d8436f7e37b45fd823cc4052bfa85fc118129b10dfb71d7966b79	53d0d907b2c1c4017546e8a43f35a505d3d9244740ef70e09f915555b242c3a7	90	false
widgets/pagination/org.eclipse.nebula.widgets.pagination/src/org/eclipse/nebula/widgets/pagination/AbstractSortColumnSelectionListener.java	a9fc2d499a8f967047ab56df610f5e4329ba5a910812eb0b4ef361e6231ee835	a9fc2d499a8f967047ab56df610f5e4329ba5a910812eb0b4ef361e6231ee835	ecb8e16948734ac2ee405e69878e17d589ab185a87059e8be11832746441994d	19	false
widgets/pagination/org.eclipse.nebula.widgets.pagination/src/org/eclipse/nebula/widgets/pagination/IPageChangedListener.java	7f41a583102564ef2d822ab821135664566717000f254c30e1fe13152b7949cf	7f41a583102564ef2d822ab821135664566717000f254c30e1fe13152b7949cf	7d70f61bbf12d23a86d70d0c7bbafc1aa08f76a1d020087bf3d96b0b66a98642	0	false
widgets/pagination/org.eclipse.nebula.widgets.pagination/src/org/eclipse/nebula/widgets/pagination/IPageContentProvider.java	0572221521c0c698d44c45d0a8330da76fea0d62c6cf8466ff08f8aae2ccea25	0572221521c0c698d44c45d0a8330da76fea0d62c6cf8466ff08f8aae2ccea25	bb64d478c1399339840d5d7298d88d8e83cdd157085d36f963ea8b1a54d5f578	0	false
widgets/pagination/org.eclipse.nebula.widgets.pagination/src/org/eclipse/nebula/widgets/pagination/IPageLoader.java	e6901f37ba85b276838a4e724431a01b67f812dcb74e37f64c53226b39f4cfc2	e6901f37ba85b276838a4e724431a01b67f812dcb74e37f64c53226b39f4cfc2	1f197a85b6634534ff8a9046a6a08cebb35631b2da2f1ccc23154012d6eba0e3	0	false
widgets/pagination/org.eclipse.nebula.widgets.pagination/src/org/eclipse/nebula/widgets/pagination/IPageLoaderHandler.java	284b9791efd9a96416bdb7b107ae0824c23881ff7b4aa0c18ee5640839e80959	284b9791efd9a96416bdb7b107ae0824c23881ff7b4aa0c18ee5640839e80959	58b71727d138e4187d8070d7a766b3eba48c3aca3befcf7fd8c0dc0e1094cd83	6	false
widgets/pagination/org.eclipse.nebula.widgets.pagination/src/org/eclipse/nebula/widgets/pagination/LazyItemsSelectionListener.java	8beec0ed753e07292a7ac6ab958441e7cb1145e4fa7496f545eeab031f54b4ea	8beec0ed753e07292a7ac6ab958441e7cb1145e4fa7496f545eeab031f54b4ea	9399583efd8b2ad4afe98a7885f13a251c65bd71b4ecf731f811ff3ccceecbe7	13	false
widgets/pagination/org.eclipse.nebula.widgets.pagination/src/org/eclipse/nebula/widgets/pagination/PageChangedAdapter.java	60c3b597462eb0757fbf5205033ec1911439794a06461cfbeab16b7ccc1d0df8	60c3b597462eb0757fbf5205033ec1911439794a06461cfbeab16b7ccc1d0df8	f4f95799080e4d675cdcc5f882a729b6785172d1420abae0211f976412d4093c	5	false
widgets/pagination/org.eclipse.nebula.widgets.pagination/src/org/eclipse/nebula/widgets/pagination/PageLoaderStrategyHelper.java	3126752a938dc022eaecef95af1ac8e2ba4d7f3c948d94ad4fa7b88e061f6281	3126752a938dc022eaecef95af1ac8e2ba4d7f3c948d94ad4fa7b88e061f6281	25faa034b3a66d41c484d8cc193966016a9b2a4f743c3631045c9713ef56aa8d	101	false
widgets/pagination/org.eclipse.nebula.widgets.pagination/src/org/eclipse/nebula/widgets/pagination/PageableController.java	6a43b576ac655850b9c01258fbe88e2c8dedb4bade41e67ad18c32bd22709636	6a43b576ac655850b9c01258fbe88e2c8dedb4bade41e67ad18c32bd22709636	690059ceae668239c2bdeb39aa442bb1f307301d71efadd6848b3b41d940ae0e	115	false
widgets/pagination/org.eclipse.nebula.widgets.pagination/src/org/eclipse/nebula/widgets/pagination/PaginationHelper.java	02b38cf58f46be1d67bdd5f588b932430845c589ed5ae066da53687836a984f4	02b38cf58f46be1d67bdd5f588b932430845c589ed5ae066da53687836a984f4	2f98f6d94f956d8d68cc9c0dceae93532aca4af151d8cd4dae7f0ec3cc2ffc4d	93	false
widgets/pagination/org.eclipse.nebula.widgets.pagination/src/org/eclipse/nebula/widgets/pagination/Resources.java	17e6226ba38ea802cfd242933d504b9db1f625153b0fdeb443b84d5730768ad4	17e6226ba38ea802cfd242933d504b9db1f625153b0fdeb443b84d5730768ad4	c10192cf921e9180526eb659bf92b967a9409c01a26ca596168ab97b4a7e4154	12	false
widgets/pagination/org.eclipse.nebula.widgets.pagination/src/org/eclipse/nebula/widgets/pagination/collections/BeanComparator.java	19564a6f6d4612788356333c306db4d2a80de46cb24bb4e05bbb90782cf11b8a	19564a6f6d4612788356333c306db4d2a80de46cb24bb4e05bbb90782cf11b8a	6f4e36ad50a684b613cb34decc13d86b55a325a8ed5403f0c95c411b719c1515	22	false
widgets/pagination/org.eclipse.nebula.widgets.pagination/src/org/eclipse/nebula/widgets/pagination/collections/BeanUtils.java	cd70b7a915d0076c88c9a17bef4857b4ad5ca40f94c00aea4190bb8b57a57d8e	cd70b7a915d0076c88c9a17bef4857b4ad5ca40f94c00aea4190bb8b57a57d8e	2f6bbf75f90131a9bc54f8931efa8b31b0939e21261a56dacadec8407813d1c0	91	false
widgets/pagination/org.eclipse.nebula.widgets.pagination/src/org/eclipse/nebula/widgets/pagination/collections/DefaultSortProcessor.java	6a11218d61502a814f06ca9b6faf25867c36b9ce2bd51355b0b390fb5db9506c	6a11218d61502a814f06ca9b6faf25867c36b9ce2bd51355b0b390fb5db9506c	4e20fca66000d82b5bbddaa1ab25b35e355413ca8bdf62e99f67868ad8cdad10	5	false
widgets/pagination/org.eclipse.nebula.widgets.pagination/src/org/eclipse/nebula/widgets/pagination/collections/PageListHelper.java	4d57e51cc1050b8cbf4f24221297cd521196d90b6239bffb073fe04320383688	4d57e51cc1050b8cbf4f24221297cd521196d90b6239bffb073fe04320383688	667615fbf17d4fd135708e2c852b1a3831b53fab8ee96221e9b2bf0840cc0a57	20	false
widgets/pagination/org.eclipse.nebula.widgets.pagination/src/org/eclipse/nebula/widgets/pagination/collections/PageLoaderList.java	536b0c9c390864c77875ea67cc0221f8a29fe68695bdb51e7c18f9e68e3e7e77	536b0c9c390864c77875ea67cc0221f8a29fe68695bdb51e7c18f9e68e3e7e77	1b088f21d7706f76cffc1c75e90311f179d9fc63ecc715a8024fccce3ff5f039	8	false
widgets/pagination/org.eclipse.nebula.widgets.pagination/src/org/eclipse/nebula/widgets/pagination/collections/PageResult.java	c2baf3963bdf6f952f29a717de393345a82cebda9b0cf797ca157580b854958b	c2baf3963bdf6f952f29a717de393345a82cebda9b0cf797ca157580b854958b	10ca60d28492ba4199bc46530ef5e1cddd9e9b9253b24ae9f90d8d5c443544ca	7	false
widgets/pagination/org.eclipse.nebula.widgets.pagination/src/org/eclipse/nebula/widgets/pagination/collections/PageResultContentProvider.java	77959ecde5484e770cc3171846fa5c1a64d8b852230e7a635953f34545efd6ea	77959ecde5484e770cc3171846fa5c1a64d8b852230e7a635953f34545efd6ea	a72585840bc52775ada4cb9afa9b43d7fd61adc7e017766bddb56f688ed233a4	8	false
widgets/pagination/org.eclipse.nebula.widgets.pagination/src/org/eclipse/nebula/widgets/pagination/collections/PageResultLoaderList.java	39f664107250808b47d2a7ef0df0906161cbe0da318042d2133b83909711de1d	39f664107250808b47d2a7ef0df0906161cbe0da318042d2133b83909711de1d	466decbc42f2753eee7d5b8f31503dd3d2e9b44612e5293a7c00251f880f6e99	8	false
widgets/pagination/org.eclipse.nebula.widgets.pagination/src/org/eclipse/nebula/widgets/pagination/collections/SortProcessor.java	6f024070913088639491977b0cb2f867e0ea61db6ce4bf731a52daa119f679a2	6f024070913088639491977b0cb2f867e0ea61db6ce4bf731a52daa119f679a2	085487a496eb5128edd2ed3d0c59e0462c7ef5be8bb9241e8b7be827fe0cf7d7	0	false
widgets/pagination/org.eclipse.nebula.widgets.pagination/src/org/eclipse/nebula/widgets/pagination/renderers/ICompositeRendererFactory.java	375dd6698233af42ac90062918a9d3bca5423d43b85fd11b3e9d6a7573514af2	375dd6698233af42ac90062918a9d3bca5423d43b85fd11b3e9d6a7573514af2	18d58b369e6765abc4e3fcda049990e951a9de3c07a6fba8cf6f45fa675d9a42	0	false
widgets/pagination/org.eclipse.nebula.widgets.pagination/src/org/eclipse/nebula/widgets/pagination/renderers/navigation/NavigationPageComboRenderer.java	ee7342268ed80aaaac0b4a26ab0a0c6ebf0289bf8962525e30377bed44783470	ee7342268ed80aaaac0b4a26ab0a0c6ebf0289bf8962525e30377bed44783470	ee0888e5bc0d0cf6fca5a13962b84631ee0021953b5be033e3c402e71c9fffc8	35	false
widgets/pagination/org.eclipse.nebula.widgets.pagination/src/org/eclipse/nebula/widgets/pagination/renderers/navigation/NavigationPageComboRendererFactory.java	fc299a932d5dbbf12ebc5b15e2ebbeba3e8df6b5c6663b78daa09b16f3c235e5	fc299a932d5dbbf12ebc5b15e2ebbeba3e8df6b5c6663b78daa09b16f3c235e5	8d8b2c187fef4866ef6f7cf8c1716a87ef3f1067722238994c850884df4dc8d5	4	false
widgets/pagination/org.eclipse.nebula.widgets.pagination/src/org/eclipse/nebula/widgets/pagination/renderers/navigation/NavigationPageScaleRenderer.java	9cddf16a75e80e6ff0baa3d65d93a3ffa39a2ae116bd3ece6593a28fd48a94b4	9cddf16a75e80e6ff0baa3d65d93a3ffa39a2ae116bd3ece6593a28fd48a94b4	b22d62f393e0d1364e21063300aba26d2ec15d84ccd8bfb7040a1f9037d28232	33	false
widgets/pagination/org.eclipse.nebula.widgets.pagination/src/org/eclipse/nebula/widgets/pagination/renderers/navigation/NavigationPageScaleRendererFactory.java	61b8bbdfec96df1bc20bb2bd5a442d6729c3914a7c1a4d6eda231e7e769dc887	61b8bbdfec96df1bc20bb2bd5a442d6729c3914a7c1a4d6eda231e7e769dc887	505388dda07848205b96c7bf7a79f4a2e093649e165bd6c78aede3ca6a4ccfbf	4	false
widgets/pagination/org.eclipse.nebula.widgets.pagination/src/org/eclipse/nebula/widgets/pagination/renderers/navigation/ResultAndNavigationPageGraphicsRenderer.java	9d484055fbb14765bfcdca16c640172c4aeb918217b65459077ff9fcba1404da	9d484055fbb14765bfcdca16c640172c4aeb918217b65459077ff9fcba1404da	499d5fc64b52ab0be00fa04cff37656c73ab322df565922845f43f6c92145a8b	71	false
widgets/pagination/org.eclipse.nebula.widgets.pagination/src/org/eclipse/nebula/widgets/pagination/renderers/navigation/ResultAndNavigationPageGraphicsRendererFactory.java	9fd9b87a948f13da460eee0de54d490740ba9aa468bcec1f3e7fdc1d26636185	9fd9b87a948f13da460eee0de54d490740ba9aa468bcec1f3e7fdc1d26636185	a85299a6193eed406bfc276905cb2db4c8f6b3d41fa1c3197791df26dde37719	10	false
widgets/pagination/org.eclipse.nebula.widgets.pagination/src/org/eclipse/nebula/widgets/pagination/renderers/navigation/ResultAndNavigationPageLinksRenderer.java	d762f62e60db6430800d9209e17b22d6e639cad0f92be976c2bcc081027de6d6	d762f62e60db6430800d9209e17b22d6e639cad0f92be976c2bcc081027de6d6	e59effb1be0f33713bcc40c8923e625bdf9bd767778b7c7f215e849a8ecdc9b8	105	false
widgets/pagination/org.eclipse.nebula.widgets.pagination/src/org/eclipse/nebula/widgets/pagination/renderers/navigation/ResultAndNavigationPageLinksRendererFactory.java	9ede6c71af826472f6a068b9cac09066d08f7d60e8082938444a7442b5a6789f	9ede6c71af826472f6a068b9cac09066d08f7d60e8082938444a7442b5a6789f	d90359c5308b23fdee3298eda9407a5454c75dac3a38b87f966ab8793dac4114	4	false
widgets/pagination/org.eclipse.nebula.widgets.pagination/src/org/eclipse/nebula/widgets/pagination/renderers/navigation/graphics/BlackNavigationPageGraphicsConfigurator.java	00c9799fc678e3fe77ab7da15ad97046d948bda6a24fb1f58c08b91b9b0e071d	00c9799fc678e3fe77ab7da15ad97046d948bda6a24fb1f58c08b91b9b0e071d	d192a733bedec672cf71a775095f253b5f65eb047992d599d546878b7b2be81c	13	false
widgets/pagination/org.eclipse.nebula.widgets.pagination/src/org/eclipse/nebula/widgets/pagination/renderers/navigation/graphics/BlueNavigationPageGraphicsConfigurator.java	64fa55559ff22dfff089906aea14e6e31e45bdc6ba5bc2cd09f0ac6da733ba7c	64fa55559ff22dfff089906aea14e6e31e45bdc6ba5bc2cd09f0ac6da733ba7c	a371dc7da332fc6d107c909ae6fafe481fcbea24b591a13b181d98241664f210	14	false
widgets/pagination/org.eclipse.nebula.widgets.pagination/src/org/eclipse/nebula/widgets/pagination/renderers/navigation/graphics/GreenNavigationPageGraphicsConfigurator.java	fcfbb109f14c59dd93779478509e5f0cc9c33718b19ffa21d6da15e6193f844c	fcfbb109f14c59dd93779478509e5f0cc9c33718b19ffa21d6da15e6193f844c	db061ed470119767bf725bdceeb18c0026584542e612c496833415108ca41520	13	false
widgets/pagination/org.eclipse.nebula.widgets.pagination/src/org/eclipse/nebula/widgets/pagination/renderers/navigation/graphics/INavigationPageGraphicsConfigurator.java	10dc170b18664864af01f1b2e8e6a0c4412de1ace896b93642b3406630c38ac9	10dc170b18664864af01f1b2e8e6a0c4412de1ace896b93642b3406630c38ac9	0b8e365a634de8f59d1ca2af39b560ea8e32590bda13a616a6acdd23efdb3a7b	0	false
widgets/pagination/org.eclipse.nebula.widgets.pagination/src/org/eclipse/nebula/widgets/pagination/renderers/navigation/graphics/NavigationPageGraphics.java	dbba94c255d9fd34de156dcff22d17c333ae0b35b11b1becdbba779a676fea31	dbba94c255d9fd34de156dcff22d17c333ae0b35b11b1becdbba779a676fea31	f432c9ac69b388110fa9c88db98fb0557b2e5f8a5e4e57b4d0a1594d00b81568	226	false
widgets/pagination/org.eclipse.nebula.widgets.pagination/src/org/eclipse/nebula/widgets/pagination/renderers/navigation/graphics/NavigationPageGraphicsItem.java	c7f0de79d2d34a59dfd01b82f0a82ce260b8f8b4e11408ac16bae3ab25f77b56	c7f0de79d2d34a59dfd01b82f0a82ce260b8f8b4e11408ac16bae3ab25f77b56	5b2bb8da878333eef6e7138f0decf3b695987a2366c278ba94bb525147c2344a	31	false
widgets/pagination/org.eclipse.nebula.widgets.pagination/src/org/eclipse/nebula/widgets/pagination/renderers/pagesize/PageSizeComboRenderer.java	73c2923bd03903631175cd101d09ce576f67584a68297f550687f5d973beab22	73c2923bd03903631175cd101d09ce576f67584a68297f550687f5d973beab22	ff4ccd4ba74916f5de17104c641345fe572cedda9691c96126ff45979decaf9b	42	false
widgets/pagination/org.eclipse.nebula.widgets.pagination/src/org/eclipse/nebula/widgets/pagination/renderers/pagesize/PageSizeComboRendererFactory.java	20d7c180f60fc7963f1e7125b1bc3de947bd26bb7d2bae2b6b2184554e1463e3	20d7c180f60fc7963f1e7125b1bc3de947bd26bb7d2bae2b6b2184554e1463e3	d0ded3a3a327c60cb5fb00657e72378dcf6a4bbbc9f4d017b0feb2886d6d44bf	6	false
widgets/pagination/org.eclipse.nebula.widgets.pagination/src/org/eclipse/nebula/widgets/pagination/table/PageableTable.java	654336bdc3d70a7d2dd5cffb2d542a03c0b0653ba2e330e57f3c48d518804bad	654336bdc3d70a7d2dd5cffb2d542a03c0b0653ba2e330e57f3c48d518804bad	83f004fbf58dc48ba4860e930d291d69de039641eb4ace804b9c8a341dfc42d0	34	false
widgets/pagination/org.eclipse.nebula.widgets.pagination/src/org/eclipse/nebula/widgets/pagination/table/SortTableColumnSelectionListener.java	d64af8cf79a67db04638851e20cb2ae01170dd5ff19279ecc8fb302369d36571	d64af8cf79a67db04638851e20cb2ae01170dd5ff19279ecc8fb302369d36571	9bb01eb08bd20f301ccabfeddf5f0dfe7aaaf9a30585b850963f96ce1f22b4fa	16	false
widgets/pagination/org.eclipse.nebula.widgets.pagination/src/org/eclipse/nebula/widgets/pagination/table/forms/FormPageableTable.java	55da5affc96fa25e89187e2a331d0f5a07231838f89641f3b759f8414830d592	55da5affc96fa25e89187e2a331d0f5a07231838f89641f3b759f8414830d592	dd8413d476e1eca98d78c55c30e0c5fa48d11df8a1ab02c4459ba20599431755	25	false
widgets/pagination/org.eclipse.nebula.widgets.pagination/src/org/eclipse/nebula/widgets/pagination/tree/PageableTree.java	a14ff05d114b13fcbaf5a9c4b61f774967121a470daded0fd548131d5eb92686	a14ff05d114b13fcbaf5a9c4b61f774967121a470daded0fd548131d5eb92686	dfec084e435611aeeb5535d67ac9add437784d0b2ab03b96196d729a62203f80	34	false
widgets/pagination/org.eclipse.nebula.widgets.pagination/src/org/eclipse/nebula/widgets/pagination/tree/SortTreeColumnSelectionListener.java	f13932abba51273ba3fdf6d7c4f2ec1fe5efeca23f743547841bff77a74d8fe5	f13932abba51273ba3fdf6d7c4f2ec1fe5efeca23f743547841bff77a74d8fe5	b55cdc048b8a7e7e6233aafae0eeee42fa72ee2a719dbe13040c24d8c5b4a18c	16	false
widgets/pagination/org.eclipse.nebula.widgets.pagination/src/org/eclipse/nebula/widgets/pagination/tree/forms/FormPageableTree.java	bbaa563232848cfcb7cc472ed74d278c3fee186153f73457b5cfaa9467d8c7c9	bbaa563232848cfcb7cc472ed74d278c3fee186153f73457b5cfaa9467d8c7c9	f0b6eb980dbcd68005cb38c8cf63a8e729db8b6e28e1e82aceb5bf1edeaa8cb5	25	false
widgets/paperclips/org.eclipse.nebula.paperclips.core/src/org/eclipse/nebula/paperclips/core/AbstractIterator.java	5464b4c2739447aeddb2c04a88cab8d0d1b6b58819ac57bb8a40065c240131a4	5464b4c2739447aeddb2c04a88cab8d0d1b6b58819ac57bb8a40065c240131a4	4832eb3a0da5c1df50424cd3c8ab8160a722ff5f542b23db56fc1e9781ae5569	7	false
widgets/paperclips/org.eclipse.nebula.paperclips.core/src/org/eclipse/nebula/paperclips/core/AbstractPiece.java	3c26d0a259fbef31eceafb82a66d94a7f3a71ad1db90995c659fa5cd25d82cd5	3c26d0a259fbef31eceafb82a66d94a7f3a71ad1db90995c659fa5cd25d82cd5	821787972c95f87373ac40be76e93f77b8602011a9d068bfac92dda058328e84	8	false
widgets/paperclips/org.eclipse.nebula.paperclips.core/src/org/eclipse/nebula/paperclips/core/AlignPrint.java	f9cff87ff38bbdf1ccff77313cca18596c9a38469486479826be5c71b1e7350b	f9cff87ff38bbdf1ccff77313cca18596c9a38469486479826be5c71b1e7350b	1b14505c2059a4efc8a38c1b9313bacba4ad7b74dba8818382c94ba327f4a21b	105	false
widgets/paperclips/org.eclipse.nebula.paperclips.core/src/org/eclipse/nebula/paperclips/core/BackgroundPrint.java	6f01afb76935e530337720fe4a298ba2a690c9d9c986c0e24daf75e864a52035	6f01afb76935e530337720fe4a298ba2a690c9d9c986c0e24daf75e864a52035	fdb57c5cb1c09817cfce44930d9bf7d2669db4e50407e46f6b3cba42f52fb369	88	false
widgets/paperclips/org.eclipse.nebula.paperclips.core/src/org/eclipse/nebula/paperclips/core/BigPrint.java	66d382eafc0024a7dc22b76eee40614c8a12c303da5fcafd41882d7ad078b157	66d382eafc0024a7dc22b76eee40614c8a12c303da5fcafd41882d7ad078b157	6c69c02bef3beec742f6b79603547b728cb94c1f1987eb83351fa792f43a3b8a	101	false
widgets/paperclips/org.eclipse.nebula.paperclips.core/src/org/eclipse/nebula/paperclips/core/BreakPrint.java	4bc0bb942a6f208ed2ea107d8d311d58019c74dc9e68cd7cf903820e3f11fb01	4bc0bb942a6f208ed2ea107d8d311d58019c74dc9e68cd7cf903820e3f11fb01	ef03baf81fb647dc0e9881f1a9faee084361387f5bdddbdfad92067cc607819f	23	false
widgets/paperclips/org.eclipse.nebula.paperclips.core/src/org/eclipse/nebula/paperclips/core/ColumnPrint.java	9061f3c4b8a01241d89591c1666e16addbb056bb56cc55a1db3705262f5f796a	9061f3c4b8a01241d89591c1666e16addbb056bb56cc55a1db3705262f5f796a	4b55cd0143eb954a48cdd0ffca7f9ed5ed7bd58dd7a892ba5c98ff9aac82ac04	181	false
widgets/paperclips/org.eclipse.nebula.paperclips.core/src/org/eclipse/nebula/paperclips/core/CompositeEntry.java	e32f3f8284b61e289242c2155af13d80cebc4eec60156c39f5917ab1e7140ba8	e32f3f8284b61e289242c2155af13d80cebc4eec60156c39f5917ab1e7140ba8	540751df457e94a36b47aa2ddc1c7db14b03312d8d01a4e0d8d21d4c12bc7f92	11	false
widgets/paperclips/org.eclipse.nebula.paperclips.core/src/org/eclipse/nebula/paperclips/core/CompositePiece.java	2c07bbd7e54234500512503f594d2e236b429f7a223c4ce40754a0626964f3c5	2c07bbd7e54234500512503f594d2e236b429f7a223c4ce40754a0626964f3c5	3be9152a31f16f9c8edfeaddf5de9272b788b3ed656a7a4a1c8bb778f66171f4	41	false
widgets/paperclips/org.eclipse.nebula.paperclips.core/src/org/eclipse/nebula/paperclips/core/DebugPrint.java	7e57b65419868dec134eba33cc4d6d981f6ed7f71ab14dd6ede58b7d2cb1874a	7e57b65419868dec134eba33cc4d6d981f6ed7f71ab14dd6ede58b7d2cb1874a	2c831c46c23df33d5d0207e2b4503dde90e5d3006bf01d502e0c8e21a6677e62	26	false
widgets/paperclips/org.eclipse.nebula.paperclips.core/src/org/eclipse/nebula/paperclips/core/EmptyPrint.java	d15123b712bdcea22e6f00ad94aaf9aaf8e3165ed0db6bc9b2abe4577d30fb0b	d15123b712bdcea22e6f00ad94aaf9aaf8e3165ed0db6bc9b2abe4577d30fb0b	041f26484b4eb1bed406057111c4607f12595dbb4b19619417a95bbf500b4d63	60	false
widgets/paperclips/org.eclipse.nebula.paperclips.core/src/org/eclipse/nebula/paperclips/core/ImagePrint.java	c33980e236da4f0844680746be40af969e7e93350d3c92354fe2d9e07229ce48	c33980e236da4f0844680746be40af969e7e93350d3c92354fe2d9e07229ce48	037fd557f5441cb9a4241793608d84e3d440011b81fb4d3e03473410ecafb1da	93	false
widgets/paperclips/org.eclipse.nebula.paperclips.core/src/org/eclipse/nebula/paperclips/core/LayerEntry.java	85604395ff87272d723ed7fa48a50911c9b1620e6db6cfee8e1ca922ace16b2b	85604395ff87272d723ed7fa48a50911c9b1620e6db6cfee8e1ca922ace16b2b	6b473103ddc7f4731e8de08ead15795f6eef60c51feae9b397af55aeaf2500bf	0	false
widgets/paperclips/org.eclipse.nebula.paperclips.core/src/org/eclipse/nebula/paperclips/core/LayerEntryIterator.java	c58a2128321ad3a5a1eb8ae0496589730377f69ab76e94b5409891dfe6047b63	c58a2128321ad3a5a1eb8ae0496589730377f69ab76e94b5409891dfe6047b63	825be59e899207554acc23bd00f99acfd6b64c0b1aafcde0036a7ae04b317c77	0	false
widgets/paperclips/org.eclipse.nebula.paperclips.core/src/org/eclipse/nebula/paperclips/core/LayerPrint.java	7113b523086bf2d236b6117dd75ddcb6064792b31ff011f82c8d0edd600f51ae	7113b523086bf2d236b6117dd75ddcb6064792b31ff011f82c8d0edd600f51ae	3f114eccfba92db1900559779172b1d8fa97cb4c347648e083ebbf4481e3e378	34	false
widgets/paperclips/org.eclipse.nebula.paperclips.core/src/org/eclipse/nebula/paperclips/core/LinePrint.java	2c59619a4eefd0e118302625da5b2d185964e860067eb46b86b1c7a25a6e8025	2c59619a4eefd0e118302625da5b2d185964e860067eb46b86b1c7a25a6e8025	660442fa2cb473ae89f0691b28e9c5916b4a9efa9ea27897761a81a4cd207aec	120	false
widgets/paperclips/org.eclipse.nebula.paperclips.core/src/org/eclipse/nebula/paperclips/core/Margins.java	782432c8edb992e688cbe610a6ca3553e6991405e74626df8974ad758654a3e5	782432c8edb992e688cbe610a6ca3553e6991405e74626df8974ad758654a3e5	cfb84d490861ced2fc5141f90bd563dfdb138b2cb86b3102260f59e44c89e943	43	false
widgets/paperclips/org.eclipse.nebula.paperclips.core/src/org/eclipse/nebula/paperclips/core/Messages.java	261cc12fe188a353fb3236a521d1418cc8396616b34da875e376113ca3e6c960	261cc12fe188a353fb3236a521d1418cc8396616b34da875e376113ca3e6c960	abe7a3d3c1bc245b3c8423d8f39837ae304608c9a0e22e6f09d776ae442d8b34	7	false
widgets/paperclips/org.eclipse.nebula.paperclips.core/src/org/eclipse/nebula/paperclips/core/NoBreakPrint.java	2d08307741e1ca2a82a3fc0540c5bfe28b219802e2c3132c82ee468e4e2dea60	2d08307741e1ca2a82a3fc0540c5bfe28b219802e2c3132c82ee468e4e2dea60	ddfd87737b0ba0d1fbabe5b67aab4bb14a51d1889cf2dbeca5b5a11fc4bd5fe9	54	false
widgets/paperclips/org.eclipse.nebula.paperclips.core/src/org/eclipse/nebula/paperclips/core/NullPrintPiece.java	8bebf9df8e3c62acbc4cb4c44b9b75265f08e4ed052361bd1b4b54cb3e9bf772	8bebf9df8e3c62acbc4cb4c44b9b75265f08e4ed052361bd1b4b54cb3e9bf772	2dda12963b6040b3b4b75fa018bc6c136fb550783b0412008ef2200ca9b57d68	4	false
widgets/paperclips/org.eclipse.nebula.paperclips.core/src/org/eclipse/nebula/paperclips/core/PageEnumeration.java	6df0cd2c19fbfcd1263f92f701cb6af72ac9fe0eb51ff957bf425d0dcb2a099b	6df0cd2c19fbfcd1263f92f701cb6af72ac9fe0eb51ff957bf425d0dcb2a099b	8da639704fb910ea313096d9cdc73e48acf803dfe541cbfeed5b510363154a71	41	false
widgets/paperclips/org.eclipse.nebula.paperclips.core/src/org/eclipse/nebula/paperclips/core/PaperClips.java	21e6218115bfca9c52a7a438c1b6364a4f8ecfa7aa43405c9c10e0a691bcfbf0	21e6218115bfca9c52a7a438c1b6364a4f8ecfa7aa43405c9c10e0a691bcfbf0	4b6f032534a740f15cacd31c7f4d069cbdeb37cb82336b2062da0a0de6ef0744	199	false
widgets/paperclips/org.eclipse.nebula.paperclips.core/src/org/eclipse/nebula/paperclips/core/Print.java	154e8215417f92350ddfa6200f6f2d0286f46a9586c1011a169dc63bbc4f1d61	154e8215417f92350ddfa6200f6f2d0286f46a9586c1011a169dc63bbc4f1d61	1a73ea6aeb42b9c5111fa54be78dd2885bd8b1fddc0edca4a944eb8b5a36a678	0	false
widgets/paperclips/org.eclipse.nebula.paperclips.core/src/org/eclipse/nebula/paperclips/core/PrintIterator.java	a45d8266a2f0ba934372e6fbe8d52e54c7d93490c742a7deed1f84869708fad2	a45d8266a2f0ba934372e6fbe8d52e54c7d93490c742a7deed1f84869708fad2	de55a9e35e907847a0ac556c2ec11383a27a8fcb1e51215ee89a6857cc3d6b07	0	false
widgets/paperclips/org.eclipse.nebula.paperclips.core/src/org/eclipse/nebula/paperclips/core/PrintJob.java	84f6d9d44a996af99f72b5720d0098ae296e85debc89a0904b22c5bbc4ffb855	84f6d9d44a996af99f72b5720d0098ae296e85debc89a0904b22c5bbc4ffb855	dda664c62aced9617e2c9c7cd7e229bd3a3ad719fac780df3f3334a5331035ab	78	false
widgets/paperclips/org.eclipse.nebula.paperclips.core/src/org/eclipse/nebula/paperclips/core/PrintPiece.java	53db326b57d66199caa59ba6c582904d7ac6e40c3fcd10c305a68804d1d4600d	53db326b57d66199caa59ba6c582904d7ac6e40c3fcd10c305a68804d1d4600d	ca1827fde3a4665196e87938b56693952e0c2d78bb39830cb5c8355d418595b0	0	false
widgets/paperclips/org.eclipse.nebula.paperclips.core/src/org/eclipse/nebula/paperclips/core/RotatePrint.java	8c294686709b241295aedd1b26f95c03ead51c404baa93d40721730921531dfa	8c294686709b241295aedd1b26f95c03ead51c404baa93d40721730921531dfa	9cbad24384fc85a89b390f2be9966dcf1511eaf4975ac4966f895c6b05a367f4	104	false
widgets/paperclips/org.eclipse.nebula.paperclips.core/src/org/eclipse/nebula/paperclips/core/ScalePrint.java	0dcbcdf3eccc3489ef2a266afa74e5c10837c15772d055be15ff17143be17f68	0dcbcdf3eccc3489ef2a266afa74e5c10837c15772d055be15ff17143be17f68	cff66346ecf30218ec266d6480de8236f98dd9e96193ce3c7fdc1831c3678b40	132	false
widgets/paperclips/org.eclipse.nebula.paperclips.core/src/org/eclipse/nebula/paperclips/core/SeriesPrint.java	c87c74116255fbbf2f67a2d07ccbc92742f5a20efb7b11797eae6449e7b5ed5a	c87c74116255fbbf2f67a2d07ccbc92742f5a20efb7b11797eae6449e7b5ed5a	cc79e1b05b680b269d1eeaa1fd4882298b9487cfda05c0b7c79701ba9cfed230	87	false
widgets/paperclips/org.eclipse.nebula.paperclips.core/src/org/eclipse/nebula/paperclips/core/SidewaysPrint.java	4b00ec95db05802d61cb21a74de93139c340058784fc422c769949666f11a10e	4b00ec95db05802d61cb21a74de93139c340058784fc422c769949666f11a10e	3c5f091c1608048b0b70fa00c0ec7d763b79a4e79266cdf087ef89c5f9fbe61b	108	false
widgets/paperclips/org.eclipse.nebula.paperclips.core/src/org/eclipse/nebula/paperclips/core/border/AbstractBorderPainter.java	8561ac4e516e828266d6dfc2d7b99f8de797c2e9cc2b0205689791a20b75bdca	8561ac4e516e828266d6dfc2d7b99f8de797c2e9cc2b0205689791a20b75bdca	75b9f6e058b39793c8df212948bc309fb579288e4f0d78f1b5ae4ddb50ad629b	6	false
widgets/paperclips/org.eclipse.nebula.paperclips.core/src/org/eclipse/nebula/paperclips/core/border/Border.java	74e176ae9b2609e5a933080ec527c3feac94a78102f4268a072796a220e4bd04	74e176ae9b2609e5a933080ec527c3feac94a78102f4268a072796a220e4bd04	76ff717d5ddc39145d70f3601b0a4c8141af50b57b0506da89e33cd88fdfa3c5	0	false
widgets/paperclips/org.eclipse.nebula.paperclips.core/src/org/eclipse/nebula/paperclips/core/border/BorderPainter.java	645c9e227031ee6945388d8f3dbc911b569217234e54b52aafc853c282b36748	645c9e227031ee6945388d8f3dbc911b569217234e54b52aafc853c282b36748	7a40e06cc86202d1d937340f4f5ee1fc0bcbd2982b7f92b233bf47c24b41a72a	0	false
widgets/paperclips/org.eclipse.nebula.paperclips.core/src/org/eclipse/nebula/paperclips/core/border/BorderPrint.java	07643ddd93d8ce6133095cc39bfdb40cc0c8d1d584b71ddfc20d3e37d6368d70	07643ddd93d8ce6133095cc39bfdb40cc0c8d1d584b71ddfc20d3e37d6368d70	18d9bc39fbd33ba55c01fa5c9a973049ba721d70176c6b62f8fa86afbe34e1f4	44	false
widgets/paperclips/org.eclipse.nebula.paperclips.core/src/org/eclipse/nebula/paperclips/core/border/GapBorder.java	4addc95af0910368133625d1350c6e4629aeb44cc802671e30b5c161e3f19641	4addc95af0910368133625d1350c6e4629aeb44cc802671e30b5c161e3f19641	ec53d3997a66421b26f2547a71643c480ff5ac43ad16556cb523682f5ad36a8f	82	false
widgets/paperclips/org.eclipse.nebula.paperclips.core/src/org/eclipse/nebula/paperclips/core/border/LineBorder.java	b42155eed1c45a29942694aec344bb49034211897b6fb62f7189e0ba151d73a7	b42155eed1c45a29942694aec344bb49034211897b6fb62f7189e0ba151d73a7	a075a52a37e0b0f66d8811a1ab11c6fad0f64aeb125228d807a880e1ed507225	92	false
widgets/paperclips/org.eclipse.nebula.paperclips.core/src/org/eclipse/nebula/paperclips/core/border/internal/BorderIterator.java	94c08b96a69c6e6fb6ac0724cd6acaa206a6edbd12ee4600228d5dd99c46fb65	94c08b96a69c6e6fb6ac0724cd6acaa206a6edbd12ee4600228d5dd99c46fb65	02e0c59d2be30571b718d8ad24f686706bc50881b629f95f08baa8d7f0d96783	83	false
widgets/paperclips/org.eclipse.nebula.paperclips.core/src/org/eclipse/nebula/paperclips/core/border/internal/BorderPiece.java	f139167eede84db3d68688f5658d156840a1bdf717f6d09c4f8b0611e5fdbccc	f139167eede84db3d68688f5658d156840a1bdf717f6d09c4f8b0611e5fdbccc	406968857be827988e11b3010a71c3453d88f0bde5d8132f9754fd39d6d709f8	16	false
widgets/paperclips/org.eclipse.nebula.paperclips.core/src/org/eclipse/nebula/paperclips/core/grid/BasicGridLookPainter.java	746ad4be6e3aa572bc02c9b56e98daca2166c759582b11d5a40792744a81b0d3	746ad4be6e3aa572bc02c9b56e98daca2166c759582b11d5a40792744a81b0d3	9b0ad352a0246fd6d60f6c67f49f365c9c1acefd8ff8ced4e5fd6ee5b62aae7a	98	false
widgets/paperclips/org.eclipse.nebula.paperclips.core/src/org/eclipse/nebula/paperclips/core/grid/CellBackgroundProvider.java	413bd46a4a89656897d5860b8b9858b1968f6d032e16d27c03f8854ea4bc419f	413bd46a4a89656897d5860b8b9858b1968f6d032e16d27c03f8854ea4bc419f	6eb79a6becaa8f35796e6af315d673b6c1bc3aaf94a76d2e1b3af87415550f36	0	false
widgets/paperclips/org.eclipse.nebula.paperclips.core/src/org/eclipse/nebula/paperclips/core/grid/DefaultCellBackgroundProvider.java	0b22af1c7e017ad4c3b50bf1a2617a90a723ece74ecdbe35b892cf06b7547c57	0b22af1c7e017ad4c3b50bf1a2617a90a723ece74ecdbe35b892cf06b7547c57	0718763a00568faf239512d527d63384e862d1b1aab73ee2094b9c33e540bacd	50	false
widgets/paperclips/org.eclipse.nebula.paperclips.core/src/org/eclipse/nebula/paperclips/core/grid/DefaultGridLook.java	30d132908ce1ed670d0a6a66a23d2d2fe8239d7879146e3886643878bb8c014a	30d132908ce1ed670d0a6a66a23d2d2fe8239d7879146e3886643878bb8c014a	e5e852f7d598a2bb444eaa020179a0ad14ad388ea82f3e674326368cb9e171de	148	false
widgets/paperclips/org.eclipse.nebula.paperclips.core/src/org/eclipse/nebula/paperclips/core/grid/GridCell.java	6d1ce7945b230d45b75950b8cdba9fc66a789a8e260d5cb0eedcd5689b2cea66	6d1ce7945b230d45b75950b8cdba9fc66a789a8e260d5cb0eedcd5689b2cea66	256536b90f6a51088f53bf2d4c9acf0ceefa166b8be2c7e12f906c49c836809e	0	false
widgets/paperclips/org.eclipse.nebula.paperclips.core/src/org/eclipse/nebula/paperclips/core/grid/GridColumn.java	941a4d7dd76eea152d63b68bb1f015da5ef2f95092da79f0d88dbe004ee73d6d	941a4d7dd76eea152d63b68bb1f015da5ef2f95092da79f0d88dbe004ee73d6d	744f23c134c018513a543508d116e39b22e6d33e6b7a08f03a546796a012d507	135	false
widgets/paperclips/org.eclipse.nebula.paperclips.core/src/org/eclipse/nebula/paperclips/core/grid/GridLook.java	0a6cf13a784859d754e2cf64a64f7a43b2ef93ac49461092a3a129ed9b68b9ce	0a6cf13a784859d754e2cf64a64f7a43b2ef93ac49461092a3a129ed9b68b9ce	79bee2c2e0af52deb37f9455855d1e28abab636835edc956fdb636d2c013cd32	0	false
widgets/paperclips/org.eclipse.nebula.paperclips.core/src/org/eclipse/nebula/paperclips/core/grid/GridLookPainter.java	51e7acaecea093774e2b95f9d9f8b1980986baa1edae5b504a7b383aa007d6ea	51e7acaecea093774e2b95f9d9f8b1980986baa1edae5b504a7b383aa007d6ea	e9ff111d6dbd10ea422229534042d8a7b013bc479111fce3e420119e5b764440	0	false
widgets/paperclips/org.eclipse.nebula.paperclips.core/src/org/eclipse/nebula/paperclips/core/grid/GridMargins.java	839e7f28024ffb5988cb2cf330b639b01ed53c5d7285a8f30deb7f5c5afbb4c0	839e7f28024ffb5988cb2cf330b639b01ed53c5d7285a8f30deb7f5c5afbb4c0	c060d380ad33db93e75a1f5411d9b23c892d3b6ba6e3e58057c682ed01ae2038	0	false
widgets/paperclips/org.eclipse.nebula.paperclips.core/src/org/eclipse/nebula/paperclips/core/grid/GridPrint.java	8b8a46435de55aa7722f034f3cb626351c8ec19f9094b80d56f4c45bd2421035	8b8a46435de55aa7722f034f3cb626351c8ec19f9094b80d56f4c45bd2421035	764c328715ef3da5e3227957948c0f58c7e7ac8174ec925ac1ce22a5abaef614	336	false
widgets/paperclips/org.eclipse.nebula.paperclips.core/src/org/eclipse/nebula/paperclips/core/grid/internal/DefaultGridLookPainter.java	58aa1b481f4158c812521822ce7d47af17f7b8637b632981bb5ec94b203ea90f	58aa1b481f4158c812521822ce7d47af17f7b8637b632981bb5ec94b203ea90f	2811d7937a9b1b92fc58d66de7cae9b38c3b53251bb17b1be85dbcb244c9f8df	46	false
widgets/paperclips/org.eclipse.nebula.paperclips.core/src/org/eclipse/nebula/paperclips/core/grid/internal/DefaultGridMargins.java	bfa3920b87858f228bc6efe5b996044e28037f150743b60a60103b17253df970	bfa3920b87858f228bc6efe5b996044e28037f150743b60a60103b17253df970	753ba9b6862792ad89595c4960ba99cd598d4113d28b49444e9080a67ef9cf52	28	false
widgets/paperclips/org.eclipse.nebula.paperclips.core/src/org/eclipse/nebula/paperclips/core/grid/internal/GridCellImpl.java	eef0ba16cea8ac8406468fae1c88aeb1c3cc7213221cf2ea27bcc22bc1a92326	eef0ba16cea8ac8406468fae1c88aeb1c3cc7213221cf2ea27bcc22bc1a92326	6d066366acda7f53b4a0013df1afeb481a3d0cf22a64c854f0b7abcae64cf6af	72	false
widgets/paperclips/org.eclipse.nebula.paperclips.core/src/org/eclipse/nebula/paperclips/core/grid/internal/GridCellIterator.java	fc46e759d1d7dd324145496adc69de64ad45d25e93ae6a11a63cef399d256033	fc46e759d1d7dd324145496adc69de64ad45d25e93ae6a11a63cef399d256033	3c3d40e9e45306e96e6db0e7a880c1ab118e5bbfabc15dbad01018d0b41d5e64	20	false
widgets/paperclips/org.eclipse.nebula.paperclips.core/src/org/eclipse/nebula/paperclips/core/grid/internal/GridIterator.java	ea6f54a628a250ae73ef0e4b6b6db00c9129e82057cefad32fd651f3cb8d0fdf	ea6f54a628a250ae73ef0e4b6b6db00c9129e82057cefad32fd651f3cb8d0fdf	e949406ba30a02b635c160df09685179f8733cb5b27bb87125eeb9f4493d2b1d	698	false
widgets/paperclips/org.eclipse.nebula.paperclips.core/src/org/eclipse/nebula/paperclips/core/grid/internal/GridLookPainterPiece.java	cc51a55cdb212b955b3877d060292ec78037be4735d9a89825c9b5ff51671d83	cc51a55cdb212b955b3877d060292ec78037be4735d9a89825c9b5ff51671d83	0b6f5daf01a509c12e7274f48379ba6d861e21158086931acd2de77ae3226fba	42	false
widgets/paperclips/org.eclipse.nebula.paperclips.core/src/org/eclipse/nebula/paperclips/core/internal/LayerEntryImpl.java	6bd5a4bcb10f24e32b34d545e440746bd2fac463a52c974471c8947e58f7fc27	6bd5a4bcb10f24e32b34d545e440746bd2fac463a52c974471c8947e58f7fc27	f0c34978d2630fcd38ef7954f7cf6c74404573ac785d6f57b72c73e6e4e75fcb	41	false
widgets/paperclips/org.eclipse.nebula.paperclips.core/src/org/eclipse/nebula/paperclips/core/internal/LayerEntryIteratorImpl.java	97975d4c13476163e6eb735fb996260e960ba64fb58c629bfaa1ebd6d826314b	97975d4c13476163e6eb735fb996260e960ba64fb58c629bfaa1ebd6d826314b	f608eadfdcfa3e358513c2c8c559ffddcca5be843ef4910340298fe1b2497ff4	12	false
widgets/paperclips/org.eclipse.nebula.paperclips.core/src/org/eclipse/nebula/paperclips/core/internal/LayerIterator.java	88b954da55c141396b58e734e94140a2ffb95ca655c06059b70d892447ac7922	88b954da55c141396b58e734e94140a2ffb95ca655c06059b70d892447ac7922	13567e9aa11067ca7c4e9e823dbea3cbb316768af78842f7b1ee06ced556f907	92	false
widgets/paperclips/org.eclipse.nebula.paperclips.core/src/org/eclipse/nebula/paperclips/core/internal/RotatePiece.java	2cebd463eb33edc9d3ff32ab44c1b2e35cd1e7d02cb3c6dbeadc44625079f1c0	2cebd463eb33edc9d3ff32ab44c1b2e35cd1e7d02cb3c6dbeadc44625079f1c0	80885773add7476ce1b7f9722f316915832348c70b1e148791a906b46af5d571	53	false
widgets/paperclips/org.eclipse.nebula.paperclips.core/src/org/eclipse/nebula/paperclips/core/internal/piece/EmptyPiece.java	63fd3279004e99096d635dd4cb2e02ec5d3e9fbf2bd508536a9b51954c4fdd5e	63fd3279004e99096d635dd4cb2e02ec5d3e9fbf2bd508536a9b51954c4fdd5e	eaaf8a4616aec65597896054e57de5c0651ba95526eddfe092fa7fcbe7cb840e	7	false
widgets/paperclips/org.eclipse.nebula.paperclips.core/src/org/eclipse/nebula/paperclips/core/internal/util/PaperClipsUtil.java	92e5c065f97a87ae9de3f6df6ac6e5e688fbeaa11db8342c2c12566d2e7a4c91	92e5c065f97a87ae9de3f6df6ac6e5e688fbeaa11db8342c2c12566d2e7a4c91	74efdbe3c285a9da9e2e61641e9434e291f821eeda0093f497eadd38741c93f2	91	false
widgets/paperclips/org.eclipse.nebula.paperclips.core/src/org/eclipse/nebula/paperclips/core/internal/util/PrintSizeStrategy.java	f845728f2caf7f97d2a5ca8ed1a0c4b9a6690e403e39f9700a9766a7dd4670c5	f845728f2caf7f97d2a5ca8ed1a0c4b9a6690e403e39f9700a9766a7dd4670c5	61b4d6e2362c9f5714681ce98e94f342742492afaece7c73517512412b07111d	5	false
widgets/paperclips/org.eclipse.nebula.paperclips.core/src/org/eclipse/nebula/paperclips/core/internal/util/ResourcePool.java	81a533561ae8d7d6eecc556103924591b6c3c985eac1c4669a6ef61113b6ee5d	81a533561ae8d7d6eecc556103924591b6c3c985eac1c4669a6ef61113b6ee5d	f7a097f8ff53aadb8bd0f043c56edea6150efafa8b535f11703026fbbbbaffcc	39	false
widgets/paperclips/org.eclipse.nebula.paperclips.core/src/org/eclipse/nebula/paperclips/core/internal/util/SWTUtil.java	ae7d0ba667bb1d89a686995a54f8673d7b39c44583970a441eba000b3533db91	ae7d0ba667bb1d89a686995a54f8673d7b39c44583970a441eba000b3533db91	6f8484b0dc2a5dcbe13b74b5713e72031aeafea2054e02007993922e7fbe83a9	87	false
widgets/paperclips/org.eclipse.nebula.paperclips.core/src/org/eclipse/nebula/paperclips/core/internal/util/Util.java	3e03087153848b5028c86ab5de79611e59522a6ca8e40a68010c239560a59315	3e03087153848b5028c86ab5de79611e59522a6ca8e40a68010c239560a59315	147486916a48b6570ecb60221458db0efbc87a889815877e29bb58e55c201f24	85	false
widgets/paperclips/org.eclipse.nebula.paperclips.core/src/org/eclipse/nebula/paperclips/core/page/DefaultPageNumberFormat.java	703e8a70214adae014077f28e1f4bf0a3e26387fc2824e30c967b68d3241a0b9	703e8a70214adae014077f28e1f4bf0a3e26387fc2824e30c967b68d3241a0b9	69862d1480ddecd4289ebeebf3960b957be87b07a601b5b40c0fb118fd9b5448	6	false
widgets/paperclips/org.eclipse.nebula.paperclips.core/src/org/eclipse/nebula/paperclips/core/page/PageDecoration.java	9c2e17ee027deccf0cdf6466f787a3a47e2d40d9e84180de68be40c4e8f41d5d	9c2e17ee027deccf0cdf6466f787a3a47e2d40d9e84180de68be40c4e8f41d5d	0ade89166ab10229226c84725d61e313926e86512c247d4a05418e58b4907f6b	0	false
widgets/paperclips/org.eclipse.nebula.paperclips.core/src/org/eclipse/nebula/paperclips/core/page/PageNumber.java	5b4f9a910d40dbffd2993c3298c5f0eddebc08aaad445dd28550f8ea2253df5c	5b4f9a910d40dbffd2993c3298c5f0eddebc08aaad445dd28550f8ea2253df5c	6dc5c8d4f05e4cf93f140112dbcc78d1867f92568edbcc609242df0308f6a622	0	false
widgets/paperclips/org.eclipse.nebula.paperclips.core/src/org/eclipse/nebula/paperclips/core/page/PageNumberFormat.java	4f7260680b57c52429a9ef02bd3b9cd99d62c35befafbe307c5b9520b425ff11	4f7260680b57c52429a9ef02bd3b9cd99d62c35befafbe307c5b9520b425ff11	56c5ed61e0545d1df3081e6728f9c48bb2d753162d3506ea4357331041b3ea04	0	false
widgets/paperclips/org.eclipse.nebula.paperclips.core/src/org/eclipse/nebula/paperclips/core/page/PageNumberPageDecoration.java	ebc72981e9a9858ba6011883ef1cdc96a8928cc87cb508a728a4e1b2055cbaef	ebc72981e9a9858ba6011883ef1cdc96a8928cc87cb508a728a4e1b2055cbaef	8590fa82b990de713f64d46f6bc97f1e50b9059bbdc848c6c592aa3f66a3f9f8	79	false
widgets/paperclips/org.eclipse.nebula.paperclips.core/src/org/eclipse/nebula/paperclips/core/page/PageNumberPrint.java	7df7632c4c0d1e528edd013b43d752ae98898d643ea8d312e801ad9a06893c36	7df7632c4c0d1e528edd013b43d752ae98898d643ea8d312e801ad9a06893c36	4d2dc775c00dfdc6cbba33b887e3c23585c910dda85211a6036eb6a4ef9882ed	167	false
widgets/paperclips/org.eclipse.nebula.paperclips.core/src/org/eclipse/nebula/paperclips/core/page/PagePrint.java	8654697968fd6c322d4edb9d4021c82b34b3028b94982efaf05e74ebafe5ad13	8654697968fd6c322d4edb9d4021c82b34b3028b94982efaf05e74ebafe5ad13	2c417541043361bbbe7f1359f5eb9f244816f6f1e6a2f502be8b17d8ec76b859	241	false
widgets/paperclips/org.eclipse.nebula.paperclips.core/src/org/eclipse/nebula/paperclips/core/page/SimplePageDecoration.java	b6107ed2f3bace14b88df72a4251261ad63c1b229e04b3c5706aeca3d2666da6	b6107ed2f3bace14b88df72a4251261ad63c1b229e04b3c5706aeca3d2666da6	3fc619fc2d7a5a7804023780df76db2e889e18d0531ca88c11cba0e32066f587	30	false
widgets/paperclips/org.eclipse.nebula.paperclips.core/src/org/eclipse/nebula/paperclips/core/text/LineBreakPrint.java	02e41abd0c318b1efbcb56a2fb177c3ae0b6ef0673f7412cdb302a453252ca47	02e41abd0c318b1efbcb56a2fb177c3ae0b6ef0673f7412cdb302a453252ca47	49a53b0948bb498d2a9b2d740e03e99350e7391ba1c37985bb7ea5d99a32a7c5	54	false
widgets/paperclips/org.eclipse.nebula.paperclips.core/src/org/eclipse/nebula/paperclips/core/text/StyledTextPrint.java	e9e696891b7660bbdda58d7208022b141d5d88142b4cb40451af4306bed6118b	e9e696891b7660bbdda58d7208022b141d5d88142b4cb40451af4306bed6118b	cc1b3da968f44f51b32edd1339b92eba2579a22501640b9d792a956fa8d9ba44	175	false
widgets/paperclips/org.eclipse.nebula.paperclips.core/src/org/eclipse/nebula/paperclips/core/text/TextPrint.java	627fcd219147591108669ccfef411799bbda5d7580e5aa339622d7a5b8e4e5ca	627fcd219147591108669ccfef411799bbda5d7580e5aa339622d7a5b8e4e5ca	d0dc92e9bb07b443ca8898bc4d8200922eed83c2b817677ba3db23104846e61f	230	false
widgets/paperclips/org.eclipse.nebula.paperclips.core/src/org/eclipse/nebula/paperclips/core/text/TextStyle.java	fb70d133b237a66a85c80e9d19cb13b89fb7d1a3762a1848a26c79598f8d4f76	fb70d133b237a66a85c80e9d19cb13b89fb7d1a3762a1848a26c79598f8d4f76	b730d0c1cca17f03244893e31a42e2f88373817d41d9095310b724abf580ccc8	133	false
widgets/paperclips/org.eclipse.nebula.paperclips.core/src/org/eclipse/nebula/paperclips/core/text/internal/TextPiece.java	0196555dbaddd4cdb21b83d74ce4f172d918b66176d7f220f4fdf1b6f00a6ccb	0196555dbaddd4cdb21b83d74ce4f172d918b66176d7f220f4fdf1b6f00a6ccb	8d89e185b7f9fd1dd6bbda997879f324c7dce49302a4bbce7b8a1497c5743889	84	false
widgets/paperclips/org.eclipse.nebula.paperclips.core/src/org/eclipse/nebula/paperclips/core/text/internal/TextPrintPiece.java	d6091c88afbc51547c48830da6e5e22b62f4a695ebb3c8f5f12589eaebe80fdf	d6091c88afbc51547c48830da6e5e22b62f4a695ebb3c8f5f12589eaebe80fdf	0e07ce94fcecae6f3efa30d7bfa12d3bfbf2e2c2a1dd6f3b9bd22a02789f5d54	0	false
widgets/paperclips/org.eclipse.nebula.paperclips.snippets/src/org/eclipse/nebula/paperclips/snippets/AlignPrintExample.java	b598cbb0696b2b8af949d6a9b5beca9634c911efb594dfb9a83f813bdf8fbe09	b598cbb0696b2b8af949d6a9b5beca9634c911efb594dfb9a83f813bdf8fbe09	2e379359a3530161571c72f356442cb71029f2189991ebcb29d31180a7541b23	13	false
widgets/paperclips/org.eclipse.nebula.paperclips.snippets/src/org/eclipse/nebula/paperclips/snippets/BreakPrintExample.java	7d7f7af3072eb8a64800c7bcc62eb00d8d6d3ed5d10b3758bf3d3f4a8fc0d1ef	7d7f7af3072eb8a64800c7bcc62eb00d8d6d3ed5d10b3758bf3d3f4a8fc0d1ef	5f34bf06b0c73c23c69df79fb9612736f5f805aae8e9c64f5c3f915f2165fecf	18	false
widgets/paperclips/org.eclipse.nebula.paperclips.snippets/src/org/eclipse/nebula/paperclips/snippets/ColumnPrintExample.java	335e27fdf5085dec747531233b9efe948199ef39709a9cd38e97590d25e61d69	335e27fdf5085dec747531233b9efe948199ef39709a9cd38e97590d25e61d69	6fc7b1f93a3ce5550ebc20489555f739185a95ac020d6a7000b7576164e51a4e	25	false
widgets/paperclips/org.eclipse.nebula.paperclips.snippets/src/org/eclipse/nebula/paperclips/snippets/GridPrintCellClippingAllowClipFirstRow.java	333fd597a78f149ba87b3e1a52619014cd59b6e49ce876d8bb9c590e595fc13e	333fd597a78f149ba87b3e1a52619014cd59b6e49ce876d8bb9c590e595fc13e	046b3ffbd6364c4a352554d694945556e8c5442122469416a62fe1bf571a2c0e	69	false
widgets/paperclips/org.eclipse.nebula.paperclips.snippets/src/org/eclipse/nebula/paperclips/snippets/GridPrintCellClippingExample.java	af2b4ae3c2bb94c39eef09845f8ee8047b3250da00d047aafbea91d5e596cd5e	af2b4ae3c2bb94c39eef09845f8ee8047b3250da00d047aafbea91d5e596cd5e	b0bfb4e0cbf99afe3e68ca262171fa08974fc81e6cf4bf8dc1ec8ebf05c2692e	32	false
widgets/paperclips/org.eclipse.nebula.paperclips.snippets/src/org/eclipse/nebula/paperclips/snippets/GridPrintExample.java	0b85a76e35f144d88489af55d89a94d8fd725217eb56bceec4b946ba5915e9a9	0b85a76e35f144d88489af55d89a94d8fd725217eb56bceec4b946ba5915e9a9	3a6e69bb3cfc40b66908710e1cd940d06276d4f14383d56d71842dc41e226d44	33	false
widgets/paperclips/org.eclipse.nebula.paperclips.snippets/src/org/eclipse/nebula/paperclips/snippets/GridPrintVerticalAlignmentExample.java	ac5df9d9d301e97072c1409bd97fc048d9869aa473f78f296bdbc684faedd137	ac5df9d9d301e97072c1409bd97fc048d9869aa473f78f296bdbc684faedd137	09b5cd8bb1fb0aa0c178f73703b9c2b0342c371e4157dee8a7d17eb51e5a3c19	69	false
widgets/paperclips/org.eclipse.nebula.paperclips.snippets/src/org/eclipse/nebula/paperclips/snippets/ImageCaptureExample.java	ce73d38a1b65b2efeac80657a15d55d7e3cc11d16855d6ca30303044fa797e47	ce73d38a1b65b2efeac80657a15d55d7e3cc11d16855d6ca30303044fa797e47	836d91d5dd71324d127beca44f790ac7b015f0742976c4db1913012bacf37b8b	77	false
widgets/paperclips/org.eclipse.nebula.paperclips.snippets/src/org/eclipse/nebula/paperclips/snippets/NoBreakPrintExample.java	9747ea49696b527ee33f108cceecc2b688d2ba9bca9f01ff58147f5827715e44	9747ea49696b527ee33f108cceecc2b688d2ba9bca9f01ff58147f5827715e44	b7ff3c03b13924e368ca44e604b18f30f967667cef9405b39b1ce99fe6bca781	18	false
widgets/paperclips/org.eclipse.nebula.paperclips.snippets/src/org/eclipse/nebula/paperclips/snippets/PagePrintExample.java	7e74caa03fdb349b2b62727efe7be93b35d1530abd872dca0dccafe173f52d2a	7e74caa03fdb349b2b62727efe7be93b35d1530abd872dca0dccafe173f52d2a	785de19ff4fbaf0c606a760af7684ca1e9fe4b8a9825f811ce1f0167ec07b327	84	false
widgets/paperclips/org.eclipse.nebula.paperclips.snippets/src/org/eclipse/nebula/paperclips/snippets/PaperClipsExample.java	51403a167a10ae4078049bb8eba7c6f9392f665ffca9b7ba9999fa38c459438e	51403a167a10ae4078049bb8eba7c6f9392f665ffca9b7ba9999fa38c459438e	05ecb7e2a79b823bd238c072614170e3d607e01381ae8507b2cd8744aa726a64	12	false
widgets/paperclips/org.eclipse.nebula.paperclips.snippets/src/org/eclipse/nebula/paperclips/snippets/Snippet1.java	d530eba515ef826a021059ca2238fb805bf2e3936f383fe43de3921a49e13a24	d530eba515ef826a021059ca2238fb805bf2e3936f383fe43de3921a49e13a24	3c9b5d30d28f7fbfa640f012f16015dda2d1cb0b7ccecc6696002cc0e7298789	85	false
widgets/paperclips/org.eclipse.nebula.paperclips.snippets/src/org/eclipse/nebula/paperclips/snippets/Snippet2.java	9e709b704c53de8f9aba0d206b2fa2389c64579ce4015a5e93120199246cb9c9	9e709b704c53de8f9aba0d206b2fa2389c64579ce4015a5e93120199246cb9c9	0ad49985db5406d33bd763e1625781f5dc43508c4a4c67c746a9254629a075e9	48	false
widgets/paperclips/org.eclipse.nebula.paperclips.snippets/src/org/eclipse/nebula/paperclips/snippets/Snippet3.java	e6437f7444f054eadd59ac2df4f02347b9ee2b5e7e9f4d8d968fe0aeef2f130e	e6437f7444f054eadd59ac2df4f02347b9ee2b5e7e9f4d8d968fe0aeef2f130e	3c8814f7ca5d055a6cb66779fb167c87b89f50e2c332213483c16981b22931d5	66	false
widgets/paperclips/org.eclipse.nebula.paperclips.snippets/src/org/eclipse/nebula/paperclips/snippets/Snippet4.java	dbeea476b01d370d3e0e9d148f17698a8c37be95c78415bdd732e0b0f53fdd98	dbeea476b01d370d3e0e9d148f17698a8c37be95c78415bdd732e0b0f53fdd98	f40fe643eb12ecfe7f7fbe2f3bb46d4e2e22b849197346610695ffdbad685f5e	63	false
widgets/paperclips/org.eclipse.nebula.paperclips.snippets/src/org/eclipse/nebula/paperclips/snippets/Snippet5.java	a0aa49ea11b635bb8f1e432f4971ac6021b8d8a5e8a99b143581b2c6660b4ca5	a0aa49ea11b635bb8f1e432f4971ac6021b8d8a5e8a99b143581b2c6660b4ca5	4e6c6a150326c6c3eba2e52d1e457a57f53c6ea516de43bf3124e946efc46397	50	false
widgets/paperclips/org.eclipse.nebula.paperclips.snippets/src/org/eclipse/nebula/paperclips/snippets/Snippet6.java	4496af8041e24d9a94f087134873381176fbbbe55eb2e1ff41049b4217bbeb13	4496af8041e24d9a94f087134873381176fbbbe55eb2e1ff41049b4217bbeb13	4e74d0f00b80db08dfc61f2decc69df35a847e02737b51a6838506c5e30c6c64	60	false
widgets/paperclips/org.eclipse.nebula.paperclips.snippets/src/org/eclipse/nebula/paperclips/snippets/Snippet7.java	6cf279da366197f75f4b07c149e03e05677e3f2f66ff7c8b58957dca81e90f52	6cf279da366197f75f4b07c149e03e05677e3f2f66ff7c8b58957dca81e90f52	0f03c26bb42627df0846e7349b02e69e82b250754c944a54c8c6d6f255601227	293	false
widgets/paperclips/org.eclipse.nebula.paperclips.snippets/src/org/eclipse/nebula/paperclips/snippets/Snippet8.java	eeb40fddd3d7779f8a6a1e74cb2edd4c37bfb911b2c2e63d350df48f9913787f	eeb40fddd3d7779f8a6a1e74cb2edd4c37bfb911b2c2e63d350df48f9913787f	893c512e4ea2f394b18a49584a1d1c3e5b1c3a03feb8801a71f36303179daff1	310	false
widgets/paperclips/org.eclipse.nebula.paperclips.snippets/src/org/eclipse/nebula/paperclips/snippets/StyledTextPrintExample.java	da471e90191ea0c625ef9aaed7f27ad5f416e483be045bdf2cbbc2b7aaf056fe	da471e90191ea0c625ef9aaed7f27ad5f416e483be045bdf2cbbc2b7aaf056fe	a7aa15533f7c4f5a1ef52c46d68cb9603430c20b89a7e8c66971ab1cf1c02dc8	54	false
widgets/paperclips/org.eclipse.nebula.paperclips.snippets/src/org/eclipse/nebula/paperclips/snippets/TutorialExample1.java	a4b2849a55007590097df18052cf7af25d6ffbb4b84f716009a77e4a997eeb10	a4b2849a55007590097df18052cf7af25d6ffbb4b84f716009a77e4a997eeb10	f813a0ce78b3f4c81315f5133af5b17ccf793ec9df3fd6ee51940ec5c1cff810	13	false
widgets/paperclips/org.eclipse.nebula.paperclips.snippets/src/org/eclipse/nebula/paperclips/snippets/TutorialExample2.java	0e390cf71186721aef9fd5ea7b0fd21be7422ccd7bbe7410c669b9e6ea0470fb	0e390cf71186721aef9fd5ea7b0fd21be7422ccd7bbe7410c669b9e6ea0470fb	1e71e1ec3022397b3eb98de8d6dfecf8fb505684871d384fbffe3ea9a8ba6d61	28	false
widgets/paperclips/org.eclipse.nebula.paperclips.tests/src/org/eclipse/nebula/paperclips/core/AlignPrintTest.java	15c22b752106275284c21c51472d5cac4887387a84fe9a834bdd82654ba02993	15c22b752106275284c21c51472d5cac4887387a84fe9a834bdd82654ba02993	d9d4fa6ea8ccd012f3e5cb6d793e7337bb8e65670c4e405fd0f19f90a4a93396	17	false
widgets/paperclips/org.eclipse.nebula.paperclips.tests/src/org/eclipse/nebula/paperclips/core/BackgroundPrintTest.java	13fc089dea37fb458571137ef717a4e47c4a46d5d43278804d09dcae7ef7f73c	13fc089dea37fb458571137ef717a4e47c4a46d5d43278804d09dcae7ef7f73c	80ff632874dba21fd0ea08a62e49db15499c6a5a5b3b1ebf21913dad54d910b1	16	false
widgets/paperclips/org.eclipse.nebula.paperclips.tests/src/org/eclipse/nebula/paperclips/core/BigPrintTest.java	c85f21fe27a0ae03b2d3e2ee9b44544f92f9d561b658194e41c8193a7b876082	c85f21fe27a0ae03b2d3e2ee9b44544f92f9d561b658194e41c8193a7b876082	e8a81553b81de6544e3834083681416afe2bb7aad22b5bb026ce4de646b398c6	10	false
widgets/paperclips/org.eclipse.nebula.paperclips.tests/src/org/eclipse/nebula/paperclips/core/BorderPrintTest.java	211eabb0da09054bbc43f9b8f1a2b27713d3e18fea2c3aec1a4a29c04c9c4837	211eabb0da09054bbc43f9b8f1a2b27713d3e18fea2c3aec1a4a29c04c9c4837	289dbd755a8ae66db03d7530d89994721b543760a68d8c27283beecadb402318	17	false
widgets/paperclips/org.eclipse.nebula.paperclips.tests/src/org/eclipse/nebula/paperclips/core/BorderStub.java	9aa90c10c5b04f776dd84087c5d4e9c407bd4254e8723366b764f07872b39afa	9aa90c10c5b04f776dd84087c5d4e9c407bd4254e8723366b764f07872b39afa	1d1efed0c7aa31260a5f626729c222d7e64114c636e487fdf17e16f63d634276	4	false
widgets/paperclips/org.eclipse.nebula.paperclips.tests/src/org/eclipse/nebula/paperclips/core/BreakPrintTest.java	2c5099a3dc53a3eee3044b304b8b67f77b4af06017b8c31c01d2dd3c36842425	2c5099a3dc53a3eee3044b304b8b67f77b4af06017b8c31c01d2dd3c36842425	42a00a3fd64fa5064159b201829955e7ba902c9be8eeabddda4fdc2f55a7fa49	4	false
widgets/paperclips/org.eclipse.nebula.paperclips.tests/src/org/eclipse/nebula/paperclips/core/CellBackgroundProviderStub.java	aa8d43c18cf8b39ea1fb2e5ed6591de00274363c96a12b4694a1abd2a86cf8ee	aa8d43c18cf8b39ea1fb2e5ed6591de00274363c96a12b4694a1abd2a86cf8ee	35858b832c341068cf7a4ce23ef98e8f3d15d70d50342c7efae5a6f91f63c2ab	4	false
widgets/paperclips/org.eclipse.nebula.paperclips.tests/src/org/eclipse/nebula/paperclips/core/ColumnPrintTest.java	5dd06fa1c264913c6091a2cf026a5cfba6abf9baa69a0b9caffb4c2ffa128baf	5dd06fa1c264913c6091a2cf026a5cfba6abf9baa69a0b9caffb4c2ffa128baf	bb6700e07d239220a5d5f2188692c88d5076f7cfec216f50fedba040606be49a	23	false
widgets/paperclips/org.eclipse.nebula.paperclips.tests/src/org/eclipse/nebula/paperclips/core/DefaultCellBackgroundProviderTest.java	cbcd9c48df98c4c9da070bdb2b6330b6bb1350edeb0978cf0da01fe0416d00c5	cbcd9c48df98c4c9da070bdb2b6330b6bb1350edeb0978cf0da01fe0416d00c5	b04aed02edeec7c89b941296efad87324020131cbbf789f5f5e53e18a07716f7	12	false
widgets/paperclips/org.eclipse.nebula.paperclips.tests/src/org/eclipse/nebula/paperclips/core/DefaultGridLookTest.java	de3160569ac02c34e81c399a73352a425209a96afe4459b955cb57a2c73580bb	de3160569ac02c34e81c399a73352a425209a96afe4459b955cb57a2c73580bb	b9522f7f61e18342094aa4ea011458d37278ef61ab0f21508dc2f07390e67312	48	false
widgets/paperclips/org.eclipse.nebula.paperclips.tests/src/org/eclipse/nebula/paperclips/core/DefaultPageNumberFormatTest.java	1219fe074059bc4cad96b2af4f30a2511e81b7e91dbbf2ef1775c47d01d88b05	1219fe074059bc4cad96b2af4f30a2511e81b7e91dbbf2ef1775c47d01d88b05	07199bf6848c450f433c8456f1c05f248c16b805060e6d694ee537ef8bfce363	2	false
widgets/paperclips/org.eclipse.nebula.paperclips.tests/src/org/eclipse/nebula/paperclips/core/EmptyPrintTest.java	92833b9b714992fcd06b87331cfb66db04e1f6ece0875ab46de900db349b0d8b	92833b9b714992fcd06b87331cfb66db04e1f6ece0875ab46de900db349b0d8b	12392d43c8fecd7737125de6f74fa6f9107097f959c61fb57f2207cfd1ccee60	32	false
widgets/paperclips/org.eclipse.nebula.paperclips.tests/src/org/eclipse/nebula/paperclips/core/GapBorderTest.java	ff516c9f56321c78aec62c594d5ac8563f6b1d5f9032762eb52671395027f88e	ff516c9f56321c78aec62c594d5ac8563f6b1d5f9032762eb52671395027f88e	312e4898c2e2e4c74181580ff682139a2348a1b66c839ef480107a1289cc7372	32	false
widgets/paperclips/org.eclipse.nebula.paperclips.tests/src/org/eclipse/nebula/paperclips/core/ImagePrintTest.java	27c1ffa40a07feb8191f7e031376dc8eae9295fc6d13795a4ef0ab2d94250f65	27c1ffa40a07feb8191f7e031376dc8eae9295fc6d13795a4ef0ab2d94250f65	95ef12e2d8914506557dc01774b9c76af7482162f44829c8dca584575438f027	18	false
widgets/paperclips/org.eclipse.nebula.paperclips.tests/src/org/eclipse/nebula/paperclips/core/LayerEntryTest.java	18b06d7a287fbe491b12d4bef2dcbc1a11daa1c234066b95725f99626e3e8de7	18b06d7a287fbe491b12d4bef2dcbc1a11daa1c234066b95725f99626e3e8de7	f4cb5bc096895e76459631f8409cd67eb9e6c108ff9d1619a1c4a63529b2f02d	12	false
widgets/paperclips/org.eclipse.nebula.paperclips.tests/src/org/eclipse/nebula/paperclips/core/LayerPrintTest.java	fc1cece4ea653708c86ebc6bc80822477dfdaa5cffdd5705d8384048fbe759da	fc1cece4ea653708c86ebc6bc80822477dfdaa5cffdd5705d8384048fbe759da	155b699224b3c021cebb5199b385834665f467623b34cab264454ee309dccb47	12	false
widgets/paperclips/org.eclipse.nebula.paperclips.tests/src/org/eclipse/nebula/paperclips/core/LineBorderTest.java	e84b05933698b6bddcf95a62ea349e994cfcfbf7cf999f2204c1fd53b9fb6fe9	e84b05933698b6bddcf95a62ea349e994cfcfbf7cf999f2204c1fd53b9fb6fe9	a34d374fbbcd4da186989902a9895e096ed0e8dea151a2e0479e03ced4877d3c	16	false
widgets/paperclips/org.eclipse.nebula.paperclips.tests/src/org/eclipse/nebula/paperclips/core/LineBreakPrintTest.java	47bc4a41dd669c2af4de48b33f7824097901f95219655ede01b39882cb249869	47bc4a41dd669c2af4de48b33f7824097901f95219655ede01b39882cb249869	001ac33de3f0c319ba07bac1885b0189bb4eea312ccdac52e78ddb8ff424f583	11	false
widgets/paperclips/org.eclipse.nebula.paperclips.tests/src/org/eclipse/nebula/paperclips/core/LinePrintTest.java	1dcd0bb9d0a5c372d1e323b2f0230ce1863c868dd0efa3478cfd6d88a3252726	1dcd0bb9d0a5c372d1e323b2f0230ce1863c868dd0efa3478cfd6d88a3252726	10b73db32a7cfdc75698a39b4a04e58913d946c16fcb9466502bfde152617498	18	false
widgets/paperclips/org.eclipse.nebula.paperclips.tests/src/org/eclipse/nebula/paperclips/core/MarginsTest.java	e10896d96c5d603b8f1280a2ebbb6cf1347831d0bf947bbfa5f1d50723ff742e	e10896d96c5d603b8f1280a2ebbb6cf1347831d0bf947bbfa5f1d50723ff742e	06cba0f842c9e189f38b87b37ef3ae8d998ce5116d2183d20bab1379b607800f	20	false
widgets/paperclips/org.eclipse.nebula.paperclips.tests/src/org/eclipse/nebula/paperclips/core/NoBreakPrintTest.java	7b7abeb2f779cdba08a7753a899159def1b26295170e087b7dc7a0fe3926abb7	7b7abeb2f779cdba08a7753a899159def1b26295170e087b7dc7a0fe3926abb7	3fd6ac5fd4ff799975479bf428d68dc2fb769d79a14192ef151a478147f8bc9a	10	false
widgets/paperclips/org.eclipse.nebula.paperclips.tests/src/org/eclipse/nebula/paperclips/core/PageNumberFormatStub.java	c9e17e4aa595346a51fbc00a8512568cfeac94319f9bdcfcea8d6b3b96f0f182	c9e17e4aa595346a51fbc00a8512568cfeac94319f9bdcfcea8d6b3b96f0f182	b5589d1ba3ea5ade9b1bdc7c7b96c4dd9307113096e86a89fa17f64dbfa5feaa	4	false
widgets/paperclips/org.eclipse.nebula.paperclips.tests/src/org/eclipse/nebula/paperclips/core/PageNumberPageDecorationTest.java	6096d32d29b15dd34e1fb42e519337bd334e19e8418446d6ad9ed44c458dc82e	6096d32d29b15dd34e1fb42e519337bd334e19e8418446d6ad9ed44c458dc82e	4ca49eb2efe272b8c1c1506af423e4efe689a4e447aa6df41b859e5ff7610000	20	false
widgets/paperclips/org.eclipse.nebula.paperclips.tests/src/org/eclipse/nebula/paperclips/core/PageNumberPrintTest.java	a3623263f35ee28d4488b6e73a7ea8dd748cd4d9ee4af37bd833928bff46e4f4	a3623263f35ee28d4488b6e73a7ea8dd748cd4d9ee4af37bd833928bff46e4f4	3d148b5c5bfbfc6c2e747557d41f4ec281bd5d7d43b8e6764d2ec6853e61a67d	44	false
widgets/paperclips/org.eclipse.nebula.paperclips.tests/src/org/eclipse/nebula/paperclips/core/PagePrintTest.java	dd4e83b1a3a40dca3ce27d05392da31115a7b4a36f391e25b36c6370aa784fb0	dd4e83b1a3a40dca3ce27d05392da31115a7b4a36f391e25b36c6370aa784fb0	024f1ed45b3c87ae486d9d9d0a9679c812d56c3712b3cc2ff7c6945bc7384d93	28	false
widgets/paperclips/org.eclipse.nebula.paperclips.tests/src/org/eclipse/nebula/paperclips/core/PrintJobTest.java	a170452617398a8116cc89d0b66faa9da2c3dfd8c7c5f96288ab020ebe5021d1	a170452617398a8116cc89d0b66faa9da2c3dfd8c7c5f96288ab020ebe5021d1	5c21b29eb8ba21eceabe9a0c68d39fa399c1c9a15e15c209dbad043910f3b31c	20	false
widgets/paperclips/org.eclipse.nebula.paperclips.tests/src/org/eclipse/nebula/paperclips/core/PrintStub.java	aecd547aa65161a7894c0141cb5af32be37a86e1303df2c15662a500b6fb4488	aecd547aa65161a7894c0141cb5af32be37a86e1303df2c15662a500b6fb4488	1ce254842e45d086abcc050b6bef8f662b7cab602e4b89467c91c69372b8d92f	12	false
widgets/paperclips/org.eclipse.nebula.paperclips.tests/src/org/eclipse/nebula/paperclips/core/RotatePrintTest.java	56fa4897d99bc0762c69234f9e775ff89d498cf0074fce4cfa10be6c06f71dfc	56fa4897d99bc0762c69234f9e775ff89d498cf0074fce4cfa10be6c06f71dfc	b60904006d504744970158f9941ee206eff070083eba057cb7965d085f6f9ce9	12	false
widgets/paperclips/org.eclipse.nebula.paperclips.tests/src/org/eclipse/nebula/paperclips/core/ScalePrintTest.java	de498f87bde4db55542d4a0feea8742bd024afa3ac0665368294f4674db55551	de498f87bde4db55542d4a0feea8742bd024afa3ac0665368294f4674db55551	3eb8a6110bb2d6add6b7f8b5cd86a59df6867f144539747d0c024a29570bf6ae	12	false
widgets/paperclips/org.eclipse.nebula.paperclips.tests/src/org/eclipse/nebula/paperclips/core/SeriesPrintTest.java	34a462b0c7ab22846992bb944b5aa1fa853fdd2fdfb279d05105248af5306e55	34a462b0c7ab22846992bb944b5aa1fa853fdd2fdfb279d05105248af5306e55	446b5b51d26697928ed7963726d0d550c34e0ca8b4b09500a5c1e02481dd03f6	8	false
widgets/paperclips/org.eclipse.nebula.paperclips.tests/src/org/eclipse/nebula/paperclips/core/SidewaysPrintTest.java	bae4abb7de9365083ae45ec2e1b3705ddbb39e5078aec37ab34392bd5cae3355	bae4abb7de9365083ae45ec2e1b3705ddbb39e5078aec37ab34392bd5cae3355	7cc0d6080debb50428f696e5cb0e341084e53cce3aa498506cef387506865ae8	12	false
widgets/paperclips/org.eclipse.nebula.paperclips.tests/src/org/eclipse/nebula/paperclips/core/SimplePageDecorationTest.java	e9106e2fe0c9291e0fefefba39d7d89466fb223d4673079b8efae002f00258b4	e9106e2fe0c9291e0fefefba39d7d89466fb223d4673079b8efae002f00258b4	c40dbbfb9bb25188aba2368e2e81b23d44b3fdd3003944281a3ea4923fcd8e16	4	false
widgets/paperclips/org.eclipse.nebula.paperclips.tests/src/org/eclipse/nebula/paperclips/core/StyledTextPrintTest.java	eaf47a864181270c975398db17ca4b7d4b45ca70871928c6d5372cc23314c76f	eaf47a864181270c975398db17ca4b7d4b45ca70871928c6d5372cc23314c76f	d75186cf5037d1df062be63f6f6a66684d1a284d0f2446d7d8a6051dd75a65ee	12	false
widgets/paperclips/org.eclipse.nebula.paperclips.tests/src/org/eclipse/nebula/paperclips/core/TextPrintTest.java	407a7110f3209cbe2b9b502dafefe5af9a3534a88d25404c564c4593cdc5310b	407a7110f3209cbe2b9b502dafefe5af9a3534a88d25404c564c4593cdc5310b	da866827b8011a92f5ec8a013982e38384801693743c2ad0ad7610f8bb6644bf	12	false
widgets/paperclips/org.eclipse.nebula.paperclips.tests/src/org/eclipse/nebula/paperclips/core/TextStyleTest.java	66815bec2b0d83863f5f60bd97c0f83ae62ba58b2bde0081569e7b3a49fcc0ef	66815bec2b0d83863f5f60bd97c0f83ae62ba58b2bde0081569e7b3a49fcc0ef	28d3088388b761117cdc6d29b6e57c35c9a34dd4c810019e7abfd55f7019c01e	28	false
widgets/paperclips/org.eclipse.nebula.paperclips.tests/src/org/eclipse/nebula/paperclips/core/grid/GridCellTest.java	0264d85dc8889642556fa658645d33dd978c79ed1aac562712cd7b5dace0413c	0264d85dc8889642556fa658645d33dd978c79ed1aac562712cd7b5dace0413c	1fecd058293dad552364f850191b22b0a618ada02727269532feb6a3daa23f20	7	false
widgets/paperclips/org.eclipse.nebula.paperclips.tests/src/org/eclipse/nebula/paperclips/core/grid/GridColumnTest.java	7ea25d70c185a9ac4f29d583dd8fcdeb69325aba55e14f6a511fb8c3ed5a3002	7ea25d70c185a9ac4f29d583dd8fcdeb69325aba55e14f6a511fb8c3ed5a3002	a6de7ce57bbf23e3a4c51404d4fb4165e6d9ec7db78a071fee7815c6e89b7f9a	20	false
widgets/paperclips/org.eclipse.nebula.paperclips.tests/src/org/eclipse/nebula/paperclips/core/grid/GridPrintTest.java	6c2a87e1c93a073b13132b67ecd95c97ce25d691156dd0a6a7b7acddd249c1da	6c2a87e1c93a073b13132b67ecd95c97ce25d691156dd0a6a7b7acddd249c1da	4627ce4ed4adab41a6da8508996bb5bf7feb1995f5ecaf34fb35c40ffac52083	57	false
widgets/paperclips/org.eclipse.nebula.paperclips.tests/src/org/eclipse/nebula/paperclips/core/internal/SWTUtilTest.java	17dfbf419210c72a339156a7c411edd2370361e1724add4fe47ba2f427031b4e	17dfbf419210c72a339156a7c411edd2370361e1724add4fe47ba2f427031b4e	634af795b89b06ab481b67f8a84be2a9da4ad1f047da1bf7d20f17cf93537839	30	false
widgets/paperclips/org.eclipse.nebula.paperclips.tests/src/org/eclipse/nebula/paperclips/core/internal/UtilTest.java	47ca7315acd84a9e7f211e2a30649475a2f3a51ed24f58c7b5472a11c1eed25e	47ca7315acd84a9e7f211e2a30649475a2f3a51ed24f58c7b5472a11c1eed25e	4ffc071f90b16e1d3b3ac1c8388e20c0ae7e58b5b247537962c46960f8f51eca	51	false
widgets/paperclips/org.eclipse.nebula.paperclips.tests/src/org/eclipse/nebula/paperclips/tests/benchmark/Benchmark.java	900c607a5939b0bf9c9795654692d0182d98b1318d4ab19abc9d0c3322c7ae9e	900c607a5939b0bf9c9795654692d0182d98b1318d4ab19abc9d0c3322c7ae9e	82f3cfc38825134c1708b473cfdfd2a53165bf34677b71732e5798c78dda14f1	40	false
widgets/paperclips/org.eclipse.nebula.paperclips.tests/src/org/eclipse/nebula/paperclips/tests/benchmark/BenchmarkTest.java	f9cc6c7a334a6eb94c49cb1aa04af67001033fb1bde0b69682dd373f1d05fc3d	f9cc6c7a334a6eb94c49cb1aa04af67001033fb1bde0b69682dd373f1d05fc3d	fad75eba4fe22d6263015a32d6cc55e942d16d7e2bac2b8abf1178891c3b58ee	30	false
widgets/paperclips/org.eclipse.nebula.paperclips.tests/src/org/eclipse/nebula/paperclips/tests/benchmark/Clock.java	e0734fdbecf4d1163736ced1e762c39804be27f8643d586ef0f2c9156457b51b	e0734fdbecf4d1163736ced1e762c39804be27f8643d586ef0f2c9156457b51b	ac4a814943680a91d0fe12f6fc77b080b8cbb396bb30a8f1a0f97fac01d107f6	0	false
widgets/paperclips/org.eclipse.nebula.paperclips.tests/src/org/eclipse/nebula/paperclips/tests/benchmark/StopClock.java	4982ea6f02dcc12422381d9d73db37a126fb82a72f1bc4fbec518688cbaacbd1	4982ea6f02dcc12422381d9d73db37a126fb82a72f1bc4fbec518688cbaacbd1	2d41dca38cd72991b13f2f5f6fdaa588f9c47774220d182a38050e57bc87fe56	6	false
widgets/paperclips/org.eclipse.nebula.paperclips.tests/src/org/eclipse/nebula/paperclips/tests/benchmark/StopClockTest.java	17b62a9ea121604bc7c2e7c1f94180ec94632b623047fdcf40be0f19368bc950	17b62a9ea121604bc7c2e7c1f94180ec94632b623047fdcf40be0f19368bc950	62e1537e3f9bcd50642f5c1ab0a9e7256b8ce6a4763b4379d9df22e7a7bb946c	10	false
widgets/paperclips/org.eclipse.nebula.paperclips.tests/src/org/eclipse/nebula/paperclips/tests/benchmark/SystemClock.java	25fa2523752ff2a8b4f458e0c582075a93ed58be8eb8f3c46f1fd5324f014643	25fa2523752ff2a8b4f458e0c582075a93ed58be8eb8f3c46f1fd5324f014643	d67e9cd9425f3b9278180539e864337a15d8d5c880971c83a1b75d4567366fe3	2	false
widgets/paperclips/org.eclipse.nebula.paperclips.tests/src/org/eclipse/nebula/paperclips/tests/benchmark/SystemClockTest.java	106e46fa678a70f1c44cabd8a86648ef0a44104d6286678e9aa674331270fa32	106e46fa678a70f1c44cabd8a86648ef0a44104d6286678e9aa674331270fa32	f92d4d8481f04276782507ab26922d10bc37358359a7da18888afe5d793f1358	6	false
widgets/paperclips/org.eclipse.nebula.paperclips.tests/src/org/eclipse/nebula/paperclips/tests/main/SnippetBenchmarks.java	5e0954dbedfe95d42516afc2f71d0d2907f30d9180ae937362b1e66b927194cc	5e0954dbedfe95d42516afc2f71d0d2907f30d9180ae937362b1e66b927194cc	78c3018b6b708951180f394285d8bf644f458c958bd108ad5053f09f92139542	42	false
widgets/paperclips/org.eclipse.nebula.paperclips.tests/src/org/eclipse/nebula/paperclips/tests/main/TestWhetherBorderPrintHoldsSomeContentForLastPage.java	f54c8bf1f6fa58da98c566419f1b61d79e9694d6d9b31891b8b006c6f5c43e7d	f54c8bf1f6fa58da98c566419f1b61d79e9694d6d9b31891b8b006c6f5c43e7d	ae2397de7a7a1e5bb197886b1a57b16d14724158bd180d3571e9977bad203a1a	15	false
widgets/paperclips/org.eclipse.nebula.paperclips.widgets/src/org/eclipse/nebula/paperclips/widgets/PrintPieceCanvas.java	bfc46f8bc68a1c8daabfd37590e23bf091e2521b399f80b9270c42e616f51dc3	bfc46f8bc68a1c8daabfd37590e23bf091e2521b399f80b9270c42e616f51dc3	da50081810c7d74ec4a0dddc8596ee60a6a16e7ddb6b63b0c3b1efee42146de7	24	false
widgets/paperclips/org.eclipse.nebula.paperclips.widgets/src/org/eclipse/nebula/paperclips/widgets/PrintPreview.java	6ae2734f00a489739cba175507f27503ec69fd9f88ae0a8b0da65d51d4afd223	6ae2734f00a489739cba175507f27503ec69fd9f88ae0a8b0da65d51d4afd223	de78b0eb73621dba2c018a29d4393d8441c16a91674d5a9a1d906348a4604b16	423	false
widgets/paperclips/org.eclipse.nebula.paperclips.widgets/src/org/eclipse/nebula/paperclips/widgets/PrintViewer.java	0d9391e7f2b91164eb8828b89427ca09e8f1d815d8f7f4b410c5944d7c9881d8	0d9391e7f2b91164eb8828b89427ca09e8f1d815d8f7f4b410c5944d7c9881d8	e3b5c8b738add20694a5801ed9e03b54a2b665f7f102e03ae0eae9a723aa0114	109	false
widgets/paperclips/org.eclipse.nebula.paperclips.widgets/src/org/eclipse/nebula/paperclips/widgets/RotateClockwisePrintPiece.java	8fdd45efa3213d6c26ef1a5e211b6a814228bfd580ff111b342a8857a02eaaaa	8fdd45efa3213d6c26ef1a5e211b6a814228bfd580ff111b342a8857a02eaaaa	a9ba0699a588533bf1f562248382153e873e9acf097af2ee6144acf40225494e	34	false
widgets/paperclips/org.eclipse.nebula.widgets.paperclips.example/src/org/eclipse/nebula/widgets/paperclips/example/PaperclipsExampleTab.java	d0aa1a23f0d3efd66976784f236c82bb9b0c62e248e868f03eb2224b461230d8	d0aa1a23f0d3efd66976784f236c82bb9b0c62e248e868f03eb2224b461230d8	3a4523637177dbb8821ad34623df0301f90f25d5c349b0cc6f15e9c738afbf7b	64	false
widgets/passwordrevealer/org.eclipse.nebula.widgets.passwordrevealer.snippets/src/org/eclipse/nebula/widgets/passwordrevealer/snippets/PasswordRevealerSnippet.java	52443e1a11b28183da2ca4d70946d942eefa8dd9a411de9baa3abd1bf80ebf38	52443e1a11b28183da2ca4d70946d942eefa8dd9a411de9baa3abd1bf80ebf38	245e3bc28753b803df58f965174928b12fd7db6a4ed5f8ced0a6c96bb02ccd74	52	false
widgets/passwordrevealer/org.eclipse.nebula.widgets.passwordrevealer/src/org/eclipse/nebula/widgets/passwordrevealer/EyeButton.java	3df886bc17aa75eacb78bc563fc0aebf59ec0e7a2bf2a4c2ba57effd67f74038	3df886bc17aa75eacb78bc563fc0aebf59ec0e7a2bf2a4c2ba57effd67f74038	32457bdbff570f85db77108fd5850905d4c73abf2cfdc44f409b5907e9195dcf	115	false
widgets/passwordrevealer/org.eclipse.nebula.widgets.passwordrevealer/src/org/eclipse/nebula/widgets/passwordrevealer/PasswordRevealer.java	e140d287b03d0f13d8f56c058e71fb7c94249f02ed32867f8da58d817d8de1d2	e140d287b03d0f13d8f56c058e71fb7c94249f02ed32867f8da58d817d8de1d2	a00666af1d56299cf71f9522f53f5054aebd76edcead20e3284a6bb1309e46b6	277	false
widgets/pgroup/org.eclipse.nebula.widgets.pgroup.example/src/org/eclipse/nebula/widgets/pgroup/example/PGroupExampleTab.java	c3a1157c488453a87ced6c5d7840ba62e31de9a17a6bdbcb155d6650763bc3b9	c3a1157c488453a87ced6c5d7840ba62e31de9a17a6bdbcb155d6650763bc3b9	179a7b4c4024c8b5449f94b47eca2b7547e0238ff3831f95fb4110ab395b0eac	116	false
widgets/pgroup/org.eclipse.nebula.widgets.pgroup/src/org/eclipse/nebula/widgets/pgroup/AbstractGroupStrategy.java	ef18ff2219b8cfa04b39e32b68fef7e90962726918975dcd30816f1d2516fd74	ef18ff2219b8cfa04b39e32b68fef7e90962726918975dcd30816f1d2516fd74	5ef1b3ba0a85a3b43f8ba8b67da0d4e4a9f4d9d4f94e9e1517ea490eeed8ac07	16	false
widgets/pgroup/org.eclipse.nebula.widgets.pgroup/src/org/eclipse/nebula/widgets/pgroup/AbstractRenderer.java	ce1ced703483040889d1377b6bc9a42a86f7c0348ea134fe22a96a544d5311da	ce1ced703483040889d1377b6bc9a42a86f7c0348ea134fe22a96a544d5311da	ec4315ce5775b6bcbe3867df1f4a545ce5a6ee32cf0d97ea88bee3c37de9853e	36	false
widgets/pgroup/org.eclipse.nebula.widgets.pgroup/src/org/eclipse/nebula/widgets/pgroup/AbstractToolItemRenderer.java	02bf4490de37e07f782db44345a5aa9d3e6f9e7504d3581055f0e3cfe66e2995	02bf4490de37e07f782db44345a5aa9d3e6f9e7504d3581055f0e3cfe66e2995	9e75dfb22ee14e54786ae486354f7841625817cbd1cc9d03465c9b7a82df1c16	4	false
widgets/pgroup/org.eclipse.nebula.widgets.pgroup/src/org/eclipse/nebula/widgets/pgroup/ChevronsToggleRenderer.java	a5b20140f2c0a28defac56340ad366f9ec6a09d9e797d6112273da3f51052042	a5b20140f2c0a28defac56340ad366f9ec6a09d9e797d6112273da3f51052042	c02e348ee1ba3c83c6ddc4a39c9cf8f97e8f9f2853832500478402bb8b62f5cf	31	false
widgets/pgroup/org.eclipse.nebula.widgets.pgroup/src/org/eclipse/nebula/widgets/pgroup/FormGroupStrategy.java	45d8ff09186252e436d5b6d6db0cba37f3f9ac98af32a1b2e3491a38cbbd7c46	45d8ff09186252e436d5b6d6db0cba37f3f9ac98af32a1b2e3491a38cbbd7c46	a92ba56b1da8e131dc315e22c0160588f7ff78672fcb6b3df1c58f416f9ff49f	224	false
widgets/pgroup/org.eclipse.nebula.widgets.pgroup/src/org/eclipse/nebula/widgets/pgroup/MinMaxToggleRenderer.java	edcfa444f3c26954cf5c6518127cda137a437ee63fed6d1dd2511d163e44901d	edcfa444f3c26954cf5c6518127cda137a437ee63fed6d1dd2511d163e44901d	cff69ce8e42990de49850aa37e86d095b05c087bb582f244206956a7a9257590	27	false
widgets/pgroup/org.eclipse.nebula.widgets.pgroup/src/org/eclipse/nebula/widgets/pgroup/PGroup.java	1d359c845eacde42c175fcccc88c9e42c9734a682d405d04cc51d18725598467	1d359c845eacde42c175fcccc88c9e42c9734a682d405d04cc51d18725598467	c7f5d5dd16a32d088da6107c656ed45a7c63d9fb64df7796db6aaf40ae8a2826	321	false
widgets/pgroup/org.eclipse.nebula.widgets.pgroup/src/org/eclipse/nebula/widgets/pgroup/PGroupToolItem.java	c7c2db5590f1873c13a27b3947e265f403943e3088d106745805e49724d72b0e	c7c2db5590f1873c13a27b3947e265f403943e3088d106745805e49724d72b0e	05e11c188b6488848f3bc6821e67746007a1e784f36b4e931eaec5a4970e8cf1	50	false
widgets/pgroup/org.eclipse.nebula.widgets.pgroup/src/org/eclipse/nebula/widgets/pgroup/RectangleGroupStrategy.java	3e17c318a02f35fdd9eaa5ce84473688b89eae3541941148de72ab96a67cbbb2	3e17c318a02f35fdd9eaa5ce84473688b89eae3541941148de72ab96a67cbbb2	cb4750378468f4f3cf891ea23acf31c4090d5699e8d0fc37a202d32900f40172	434	false
widgets/pgroup/org.eclipse.nebula.widgets.pgroup/src/org/eclipse/nebula/widgets/pgroup/SimpleGroupStrategy.java	436cd240c8b383262efdcd4c79c9244439ac0628b1ea076e05ae1f41e9eddb78	436cd240c8b383262efdcd4c79c9244439ac0628b1ea076e05ae1f41e9eddb78	7b0d8caca4525686b3a1effc766495be9f6ec21ab13ec796954380ef90b330ca	146	false
widgets/pgroup/org.eclipse.nebula.widgets.pgroup/src/org/eclipse/nebula/widgets/pgroup/SimpleToolItemRenderer.java	d6c22bace23d74e177a2465aecfdba857e6bec54c3942cc738fe09ff9ba39f72	d6c22bace23d74e177a2465aecfdba857e6bec54c3942cc738fe09ff9ba39f72	2a88bc798c35260f43a47c09b0ccea398088482eb9f11be2aa181590d2137c45	64	false
widgets/pgroup/org.eclipse.nebula.widgets.pgroup/src/org/eclipse/nebula/widgets/pgroup/TreeNodeToggleRenderer.java	36ed200f909fbf3312a9e91cbddf63deb42482bc48d1c425f50d4fc8adb5eeab	36ed200f909fbf3312a9e91cbddf63deb42482bc48d1c425f50d4fc8adb5eeab	1f5084defa09a12bdec6b58bdf3b0eeb8081505226b48570076d05e111d7111d	27	false
widgets/pgroup/org.eclipse.nebula.widgets.pgroup/src/org/eclipse/nebula/widgets/pgroup/TwisteToggleRenderer.java	b9d57fffc0930cebc91b8ef92dc33ae1b75554013ae4bbda232905496488665c	b9d57fffc0930cebc91b8ef92dc33ae1b75554013ae4bbda232905496488665c	6bf0334ae3678c4d5bb8c04770370b9c6c407cbe0632aa6b09ed068198ade702	31	false
widgets/pgroup/org.eclipse.nebula.widgets.pgroup/src/org/eclipse/nebula/widgets/pgroup/internal/GraphicUtils.java	5b1651f29f3afdf075e21cb9d1dc6e77395580b8f336aea4559f8af1147c2b7f	5b1651f29f3afdf075e21cb9d1dc6e77395580b8f336aea4559f8af1147c2b7f	43e6b1390c5b989a24e85f1d9191ef2f06a57dfcc0cd49f17b4dec65ddac01a1	163	false
widgets/pgroup/org.eclipse.nebula.widgets.pgroup/src/org/eclipse/nebula/widgets/pgroup/internal/TextUtils.java	7540e51254503ff1023ae023a8bf5b55dedb31763c16de138185334ee9a88159	7540e51254503ff1023ae023a8bf5b55dedb31763c16de138185334ee9a88159	685871ad0be50a306e597f71f0a616b0ebe7983bfe42ff174cd77c981e1df6fb	65	false
widgets/picture/org.eclipse.nebula.widgets.picture.example/src/org/eclipse/nebula/widgets/picture/example/PictureExampleTab.java	9f9f6eeb1a102eab92ef85e9037793a6d82c45ff0aeea4687d28d6db2ee3f43e	9f9f6eeb1a102eab92ef85e9037793a6d82c45ff0aeea4687d28d6db2ee3f43e	d9f26c99d2e880aa15456db8a8a2cb3b853d8c085756de9e78e4116bee0b99dc	32	false
widgets/picture/org.eclipse.nebula.widgets.picture.snippets/src/org/eclipse/nebula/widgets/picture/snippets/PictureControlWithDefaultImage.java	f8376b5f6aba88f8f0efe7411e7547c5f47aeb0a994c4f2316e69208bda4841b	f8376b5f6aba88f8f0efe7411e7547c5f47aeb0a994c4f2316e69208bda4841b	36a9c65c5b24389ab41ad0e15166f67197f34bdc5350cc89c5644f53daed9eab	23	false
widgets/picture/org.eclipse.nebula.widgets.picture.snippets/src/org/eclipse/nebula/widgets/picture/snippets/SimplePictureControl.java	6db7c083d4817b1b2af6e21e18d4f73d6728fef2bb33c7a11003d929315e22df	6db7c083d4817b1b2af6e21e18d4f73d6728fef2bb33c7a11003d929315e22df	07b640b2bdc15cda2187a1f93a15497c97a492e20874478f449784dce4736a37	20	false
widgets/picture/org.eclipse.nebula.widgets.picture/src/org/eclipse/nebula/widgets/picture/AbstractPictureControl.java	4e1529dc03a1bb27e484633798e2e2dd7edd3ad411fc37ea6ad23889c2efb9fd	4e1529dc03a1bb27e484633798e2e2dd7edd3ad411fc37ea6ad23889c2efb9fd	0f08cef578a2c35d6c026576b7d3d6a93a1c601f3b782aa31e62f880bada5e06	200	false
widgets/picture/org.eclipse.nebula.widgets.picture/src/org/eclipse/nebula/widgets/picture/ImageFilterExtension.java	3d5f1ecb6bbd138aa0f149db3b74fff2aead5bad60c310dc5a6e451e04322abb	3d5f1ecb6bbd138aa0f149db3b74fff2aead5bad60c310dc5a6e451e04322abb	6d56033ee38156a503acfa1c8304a2938e6358a75a7eaa9eb4bb4f8f9a424db4	18	false
widgets/picture/org.eclipse.nebula.widgets.picture/src/org/eclipse/nebula/widgets/picture/PictureControl.java	0d30dcdfe9326b76c808be26808960146c44308bf6cae6267948b5086614c626	0d30dcdfe9326b76c808be26808960146c44308bf6cae6267948b5086614c626	0a7d774ebbad2c5211a793ae105bf5e4d141996f324a113d71d9e70609666fd5	24	false
widgets/picture/org.eclipse.nebula.widgets.picture/src/org/eclipse/nebula/widgets/picture/forms/FormPictureControl.java	3798c6cdc4a3a15d766aa90459768fa20e08561382935f2d843aa2ab583c7d9f	3798c6cdc4a3a15d766aa90459768fa20e08561382935f2d843aa2ab583c7d9f	9ecc8a83e0a03c8f8700c5d193c82d671ce62a61e1af8e073da5586c37427d07	23	false
widgets/picture/org.eclipse.nebula.widgets.picture/src/org/eclipse/nebula/widgets/picture/internal/IOUtils.java	952099ef378930797258f9ec6532d6c8d39c393ce2528996373482dc9ff595b5	952099ef378930797258f9ec6532d6c8d39c393ce2528996373482dc9ff595b5	f9408574aa761e142a47b4a5d9e219217424c94233771f110e71f7ab1be05d32	367	false
widgets/picture/org.eclipse.nebula.widgets.picture/src/org/eclipse/nebula/widgets/picture/internal/LineIterator.java	5b132998a0dff8f2b3ac306d67e761a58d734b6f67e174603a3570afdec7e2e0	5b132998a0dff8f2b3ac306d67e761a58d734b6f67e174603a3570afdec7e2e0	2b9bc6ae3b49458e8c842a00e44e894ede4a322a802565c266e00dadff676d31	54	false
widgets/picture/org.eclipse.nebula.widgets.picture/src/org/eclipse/nebula/widgets/picture/internal/input/ClosedInputStream.java	529d525d0bdc9a7fba3f5ccbb71e09f47524858b7bc8acffdd3d32e06e49f9a6	529d525d0bdc9a7fba3f5ccbb71e09f47524858b7bc8acffdd3d32e06e49f9a6	bdc7166ea8cba3469e3b0f7a047895f995dd4a7bc639a53b8ca142c5738c5744	2	false
widgets/picture/org.eclipse.nebula.widgets.picture/src/org/eclipse/nebula/widgets/picture/internal/output/ByteArrayOutputStream.java	752a8174d2b57435ca1024397b0ce794547e4d1166b1e9339c788cfdfd9e5318	752a8174d2b57435ca1024397b0ce794547e4d1166b1e9339c788cfdfd9e5318	8f129885cd66b63fa63660da55e132a7ddcdf699acd7fee563f5e1ed57e782e9	130	false
widgets/picture/org.eclipse.nebula.widgets.picture/src/org/eclipse/nebula/widgets/picture/internal/output/StringBuilderWriter.java	605d69533b93ff359ad1007424268f852d455320d2b06a765bb9d0e762b15746	605d69533b93ff359ad1007424268f852d455320d2b06a765bb9d0e762b15746	6c79793322873ed7ac6831a41852dbb3805846bbd4f91c9d6998a70e26f29a2f	29	false
widgets/progresscircle/org.eclipse.nebula.widgets.progresscircle.snippets/src/org/eclipse/nebula/widgets/progresscircle/snippets/AbsolutePanel.java	84034f8544b23d7f795d3539726bad77dd948be8dce0eeebeecfc255eeda9428	84034f8544b23d7f795d3539726bad77dd948be8dce0eeebeecfc255eeda9428	b0819b3d6ee8662f0f0aaa6be2f4dca391cab087dd2a17757c7651b546906fb8	106	false
widgets/progresscircle/org.eclipse.nebula.widgets.progresscircle.snippets/src/org/eclipse/nebula/widgets/progresscircle/snippets/BasePanel.java	1af6e7a9d9da95f75857e4ba1bf4bf16f009cc65faba616c22359d72867ade12	1af6e7a9d9da95f75857e4ba1bf4bf16f009cc65faba616c22359d72867ade12	fc08a73e3809b67e1fe4608e449486c4e5bbaae7e740847b10dd0551243434e2	41	false
widgets/progresscircle/org.eclipse.nebula.widgets.progresscircle.snippets/src/org/eclipse/nebula/widgets/progresscircle/snippets/PercentagePanel.java	9d3ccf86010fc91a353bd97c136bf8592b1a6217eaa86dfca8aa95c0e26db1c7	9d3ccf86010fc91a353bd97c136bf8592b1a6217eaa86dfca8aa95c0e26db1c7	39fe22aa3b463c7bf5923a8a435840870a7aefa05350f3bb772d5a9bb6e1c05e	75	false
widgets/progresscircle/org.eclipse.nebula.widgets.progresscircle.snippets/src/org/eclipse/nebula/widgets/progresscircle/snippets/ProgressCircleSnippet.java	23e2fdcb754d34988e8daf151a1962d6e53907b175893d721f3c05681cb4cd68	23e2fdcb754d34988e8daf151a1962d6e53907b175893d721f3c05681cb4cd68	1c246f7933a2aea99070cc0f6e7e58087ef08615ffc163ccb933fc1749f9af20	18	false
widgets/progresscircle/org.eclipse.nebula.widgets.progresscircle.snippets/src/org/eclipse/nebula/widgets/progresscircle/snippets/RunningPercentage.java	ab76ac8b6ccab9cd3c8bd194621dd06b0fdfbf71a842499db11794a8fffb5347	ab76ac8b6ccab9cd3c8bd194621dd06b0fdfbf71a842499db11794a8fffb5347	c1472125de26d62ab380fed4f6eaeb12a5280c082d4ec27a8570d58835710831	35	false
widgets/progresscircle/org.eclipse.nebula.widgets.progresscircle.snippets/src/org/eclipse/nebula/widgets/progresscircle/snippets/TimePanel.java	d8a47068845d1e7d10ad126ae4ec1d9c09707702aae8ace93566f44772450bc0	d8a47068845d1e7d10ad126ae4ec1d9c09707702aae8ace93566f44772450bc0	2d3c472da51f42cef604ad8091f8f6c37956fa1de4d98a6a012516dd4df693e6	95	false
widgets/progresscircle/org.eclipse.nebula.widgets.progresscircle/src/org/eclipse/nebula/widgets/progresscircle/ProgressCircle.java	715f823be4521ed7e4bec867e3b58e05c25aed5d6a353b90970c3e8f5cf3421f	715f823be4521ed7e4bec867e3b58e05c25aed5d6a353b90970c3e8f5cf3421f	522bfabfd0e63f9be6ff93de48c41ce696375e6a421ca516fe109e4d2a0787e8	234	false
widgets/pshelf/org.eclipse.nebula.widgets.pshelf.css/src/org/eclipse/nebula/widgets/pshelf/css/CSSShelfRenderer.java	8c3570199f81d6184cecf84587b40ca18521e08e4842c7cf4c7908b73c266dcb	8c3570199f81d6184cecf84587b40ca18521e08e4842c7cf4c7908b73c266dcb	6733738db3b48a934e36170580fa7b32cb8d306f8092a662bb4d6efc1929c49f	308	false
widgets/pshelf/org.eclipse.nebula.widgets.pshelf.css/src/org/eclipse/nebula/widgets/pshelf/css/internal/CSSEngineHelper.java	944212a0a43f6e6715b5758e49c9f227fc93d58f9102f3a7fa995b314d116078	944212a0a43f6e6715b5758e49c9f227fc93d58f9102f3a7fa995b314d116078	6762772c19b108c339d90370328c58b461bd9ac78426db7dc7fc62b12efc7765	120	false
widgets/pshelf/org.eclipse.nebula.widgets.pshelf.css/src/org/eclipse/nebula/widgets/pshelf/css/internal/PShelfElement.java	d5e67dd1364c0d89c5b1ebc23b7d5a4b174efb1e094fd2edb10295aa1dbb6f1d	d5e67dd1364c0d89c5b1ebc23b7d5a4b174efb1e094fd2edb10295aa1dbb6f1d	3ad8d15fd27b98bddad4d25fa0702601823ebf096df0ab6e0493a62000a6ffa6	2	false
widgets/pshelf/org.eclipse.nebula.widgets.pshelf.css/src/org/eclipse/nebula/widgets/pshelf/css/internal/PShelfElementProvider.java	429156155f8e1c8d63909886a3ad3473f5e94e543736f61fe375af59df4b0ef3	429156155f8e1c8d63909886a3ad3473f5e94e543736f61fe375af59df4b0ef3	5d695d4c8d5c1cf3face0210a313faefa38c856e85f5803b2b4ec8e49b7daea5	2	false
widgets/pshelf/org.eclipse.nebula.widgets.pshelf.css/src/org/eclipse/nebula/widgets/pshelf/css/internal/PShelfPropertyHandler.java	98fde5494aa8018c2a7173daae2c50a3b58125f6c4e8b54f043edf46da7a6670	98fde5494aa8018c2a7173daae2c50a3b58125f6c4e8b54f043edf46da7a6670	d196a1889c4d61df09e043e16f1daa76b66b7a3c770bd5b4657f766276ba18d6	17	false
widgets/pshelf/org.eclipse.nebula.widgets.pshelf.example/src/org/eclipse/nebula/widgets/pshelf/example/PShelfExampleTab.java	fa9829ae83e25fc75bae1aebab6db9bb5f61d5c8b11224feff8c8c791eeae372	fa9829ae83e25fc75bae1aebab6db9bb5f61d5c8b11224feff8c8c791eeae372	6c43d62b750400ef4f60ff083110c71372d8adb3b00b17fdfa9295b44132a122	81	false
widgets/pshelf/org.eclipse.nebula.widgets.pshelf/src/org/eclipse/nebula/jface/pshelfviewer/IShelfViewerFactory.java	fff16a6b2e3f3f063dab0e41a55589d77e5983cfb541a6ff38f12c0817af2ec1	fff16a6b2e3f3f063dab0e41a55589d77e5983cfb541a6ff38f12c0817af2ec1	f36e5bb5cb08ed5903a5f506651f66aa228ff711cf6cf2fb843d9d1ec22f4723	0	false
widgets/pshelf/org.eclipse.nebula.widgets.pshelf/src/org/eclipse/nebula/jface/pshelfviewer/PShelfViewer.java	bbc3201037edc0e1f222e0ef3548299e2875b6e67be4a3839fb2899a96cde473	bbc3201037edc0e1f222e0ef3548299e2875b6e67be4a3839fb2899a96cde473	7fa062800e2ad9ea6470bccad3d551e39261923c9920efe50e25561964243039	144	false
widgets/pshelf/org.eclipse.nebula.widgets.pshelf/src/org/eclipse/nebula/widgets/pshelf/AbstractRenderer.java	bc5ab36ced262d6348165faf1b7cd673dfd69471ca609aeb5e759fa54c1f717a	bc5ab36ced262d6348165faf1b7cd673dfd69471ca609aeb5e759fa54c1f717a	3950028f978228d69dc8d7d1c69a27d9e116008e7879d6d820898195ce610a94	42	false
widgets/pshelf/org.eclipse.nebula.widgets.pshelf/src/org/eclipse/nebula/widgets/pshelf/PShelf.java	30fe2da061bd999651bac026e4174585d14a909fa1545c2963c6e000bb90ea3f	30fe2da061bd999651bac026e4174585d14a909fa1545c2963c6e000bb90ea3f	81ee9c58d10f52d6a97e5a81bfb504d1afb703c0834d4d102c4414e12f24287a	297	false
widgets/pshelf/org.eclipse.nebula.widgets.pshelf/src/org/eclipse/nebula/widgets/pshelf/PShelfItem.java	af65c470fa44590045c30d6f587fe28d391e68d2ab766b5a812d27b9cc9348d5	af65c470fa44590045c30d6f587fe28d391e68d2ab766b5a812d27b9cc9348d5	f1bc2ec30eb4f9805298c6c82b7a132db35fa9eec8a249f9539128b7d2642cfd	32	false
widgets/pshelf/org.eclipse.nebula.widgets.pshelf/src/org/eclipse/nebula/widgets/pshelf/PaletteShelfRenderer.java	c7d2be75952fb69a579c20fae1ce42f3578ad01e46102e9e8fb33cdca2129c42	c7d2be75952fb69a579c20fae1ce42f3578ad01e46102e9e8fb33cdca2129c42	270e6593fe934584362d64476d73a9bfc72964a4d05900fe42579b395a11c43d	84	false
widgets/pshelf/org.eclipse.nebula.widgets.pshelf/src/org/eclipse/nebula/widgets/pshelf/RedmondShelfRenderer.java	734763a716a91299c20b9582df3bc4f2e39bb3e430d4d481939eafe70f18b290	734763a716a91299c20b9582df3bc4f2e39bb3e430d4d481939eafe70f18b290	49851d497f26de22d00643c9c32f890d7b892ea0d385532f8cccb825abf5521c	262	false
widgets/radiogroup/org.eclipse.nebula.widgets.radiogroup.example/src/org/eclipse/nebula/widgets/radiogroup/example/Activator.java	65d613e5f07cf7fb0972f4b0fbe502f767e66c2fdaf2136df9b02a99cfaa0648	65d613e5f07cf7fb0972f4b0fbe502f767e66c2fdaf2136df9b02a99cfaa0648	261f81417dca77669f2e84af860af8fc68c15b4b0e708a8eae1432d449390d40	9	false
widgets/radiogroup/org.eclipse.nebula.widgets.radiogroup.example/src/org/eclipse/nebula/widgets/radiogroup/example/RadioGroupExampleTab.java	21d54c006f419eb8393e7b9641a231dcc7fe83f473c5c6b86a004e16cd2fb4ec	21d54c006f419eb8393e7b9641a231dcc7fe83f473c5c6b86a004e16cd2fb4ec	348f9083c23484b2526113ef0004fc3b73d8a0ce6b639f7e9d0dbc21c9d2cdeb	91	false
widgets/radiogroup/org.eclipse.nebula.widgets.radiogroup.tests/src/org/eclipse/nebula/widgets/radiogroup/RadioGroupTest.java	49aae8a9a919f35fa670c9d65f2fabcacc09a02c02e400286b369b6a26f3b5c0	49aae8a9a919f35fa670c9d65f2fabcacc09a02c02e400286b369b6a26f3b5c0	954c334045d4f147accaed54ab0d4982ccd45b0ac736bccf9a43e6942d140e86	177	false
widgets/radiogroup/org.eclipse.nebula.widgets.radiogroup/src/org/eclipse/nebula/jface/viewer/radiogroup/RadioGroupViewer.java	1341bc693ecb42162029d30ecee186ae8b0b2aaee9b060d717a7a87b89cea5c4	1341bc693ecb42162029d30ecee186ae8b0b2aaee9b060d717a7a87b89cea5c4	b0a6e44d55b1270cd559758e063b9d4faa34adbc4a1b21bd97a4290d83ff94ce	71	false
widgets/radiogroup/org.eclipse.nebula.widgets.radiogroup/src/org/eclipse/nebula/widgets/radiogroup/RadioGroup.java	ddcb013ca1de3a3985dbef6a6c1bcfcf9ec519d6d40aaf052f704cf9b228ee37	ddcb013ca1de3a3985dbef6a6c1bcfcf9ec519d6d40aaf052f704cf9b228ee37	467ab59810808aa08bc1f44e8f1f750c334293b5e76f96ef72264715c464e5d2	213	false
widgets/radiogroup/org.eclipse.nebula.widgets.radiogroup/src/org/eclipse/nebula/widgets/radiogroup/RadioItem.java	fe5ad3547e4240ccf14a80e75bfea7b014567cc924f9770fd2cbf1df82935866	fe5ad3547e4240ccf14a80e75bfea7b014567cc924f9770fd2cbf1df82935866	8ef8b38be8408cbb3010bf6878a6ece167f2770c43a20337229eb777ebef5459	110	false
widgets/radiogroup/org.eclipse.nebula.widgets.radiogroup/src/org/eclipse/nebula/widgets/radiogroup/forms/RadioGroupFormToolkit.java	1743cd89e56340a42aac86df2994af5b2baad5c841443e7ddd10642620fd40a6	1743cd89e56340a42aac86df2994af5b2baad5c841443e7ddd10642620fd40a6	abf12bb4f039eb10b6bb2a03dfbde1cc1eda75e48aa530293906eb857b3b71d4	4	false
widgets/richtext/org.eclipse.nebula.widgets.richtext.example.e4/src/org/eclipse/nebula/widgets/richtext/example/e4/part/JFaceViewerIntegrationExamplePart.java	3df10e415981fa5ced3f629c487b4c42f0600672024152d8af3fb2ea602fafb8	3df10e415981fa5ced3f629c487b4c42f0600672024152d8af3fb2ea602fafb8	db572f29f0a57c5236b6b51dbc907abb31cf08df70bb3948cf8dae9937b8ac79	3	false
widgets/richtext/org.eclipse.nebula.widgets.richtext.example.e4/src/org/eclipse/nebula/widgets/richtext/example/e4/part/RichTextEditorExamplePart.java	ac73d975c3c495c25775dcd5f2ac3ee6c120f35bc857d03f5c83ee3f2b920892	ac73d975c3c495c25775dcd5f2ac3ee6c120f35bc857d03f5c83ee3f2b920892	434063b62f298bcbf0295e99d1e67f0c3ef7ca16a7b357b874a0c644e7511a8c	3	false
widgets/richtext/org.eclipse.nebula.widgets.richtext.example.e4/src/org/eclipse/nebula/widgets/richtext/example/e4/part/RichTextViewerExamplePart.java	2d509734f6882432e96f5f014dbb6fc3a371a2af98428d8d2f235c00888d5adf	2d509734f6882432e96f5f014dbb6fc3a371a2af98428d8d2f235c00888d5adf	3d860a10a1d572b7649324f592982d5ee61702e327e21f7b6e834af037a658ca	3	false
widgets/richtext/org.eclipse.nebula.widgets.richtext.example/src/org/eclipse/nebula/widgets/richtext/example/JFaceViewerIntegrationExample.java	bc21a83d0d8587e0777df743edbd736da73defa29db647061dd31f1e8f500a01	bc21a83d0d8587e0777df743edbd736da73defa29db647061dd31f1e8f500a01	f5449dba045d9b315a8961ef823a31ffc03b0969d7788e885b9a907adbf6edf2	179	false
widgets/richtext/org.eclipse.nebula.widgets.richtext.example/src/org/eclipse/nebula/widgets/richtext/example/Person.java	0ea8aaa114686029fa27676ad72a6589356cfadf439d33f20f3c4ec6bab99aa7	0ea8aaa114686029fa27676ad72a6589356cfadf439d33f20f3c4ec6bab99aa7	2481f00f9b864f3bea248e53944435351bb8274ba14e4383640fd00b5d85dc76	26	false
widgets/richtext/org.eclipse.nebula.widgets.richtext.example/src/org/eclipse/nebula/widgets/richtext/example/PersonService.java	61eebdb443fbf7c1cfbe88aa1955ad7fe11b8655e11fc262c7fa368252a57273	61eebdb443fbf7c1cfbe88aa1955ad7fe11b8655e11fc262c7fa368252a57273	155bbf753df3f33607fe8a53eb3585ccea59517c46ebbbbb1fa81fc876ed9efc	24	false
widgets/richtext/org.eclipse.nebula.widgets.richtext.example/src/org/eclipse/nebula/widgets/richtext/example/RichTextEditorExample.java	1c0bb25f12fd6eff11ddd3ffc60b4b92cd46a1886fbf4b34b712efe41e36f299	1c0bb25f12fd6eff11ddd3ffc60b4b92cd46a1886fbf4b34b712efe41e36f299	18a84101b2fb3964462be9a550a03772338e4ea01e72c871fd9538e756cf961d	102	false
widgets/richtext/org.eclipse.nebula.widgets.richtext.example/src/org/eclipse/nebula/widgets/richtext/example/RichTextViewerExample.java	9663620f687147a42622b7b6c666c8887dbcfd65db8ca136e85dd3cabf97fec8	9663620f687147a42622b7b6c666c8887dbcfd65db8ca136e85dd3cabf97fec8	dd4fe0b8dc9c6c4b6bb071f310e7985d8e8c070e82a282a252f34c9373b31449	34	false
widgets/richtext/org.eclipse.nebula.widgets.richtext/src/org/eclipse/nebula/widgets/richtext/RichTextCellEditor.java	7fce54d3dfd67c4085015fb1ed581139e8479e2d37bbd714e0c08c6a87050816	7fce54d3dfd67c4085015fb1ed581139e8479e2d37bbd714e0c08c6a87050816	69e52254a0b7927f66ce7729de54aaffd37b02a8deddf54761c22f3caa045111	91	false
widgets/richtext/org.eclipse.nebula.widgets.richtext/src/org/eclipse/nebula/widgets/richtext/RichTextCellLabelProvider.java	640374dc0b4e810e46a833b9ca98717b57562b6d02d48f8d9fc8578547c1c1cf	640374dc0b4e810e46a833b9ca98717b57562b6d02d48f8d9fc8578547c1c1cf	ae8f25baeb4495023486dd61ded7de390796d40ec1185f03a1e7de685fc2b948	63	false
widgets/richtext/org.eclipse.nebula.widgets.richtext/src/org/eclipse/nebula/widgets/richtext/RichTextEditor.java	766cc672e55b5d72694c649d93d2cdfb240f49c23a279f0e41a85e1f428af918	766cc672e55b5d72694c649d93d2cdfb240f49c23a279f0e41a85e1f428af918	fa2e8cd2dc5ca899a50f84cc590171d49ca845efb9faecb557a6306f590bdfbd	706	false
widgets/richtext/org.eclipse.nebula.widgets.richtext/src/org/eclipse/nebula/widgets/richtext/RichTextEditorConfiguration.java	24018256f0b0b29f7a9ec27c6a9b388a20ffd0d503928d3de79712bd70927fcd	24018256f0b0b29f7a9ec27c6a9b388a20ffd0d503928d3de79712bd70927fcd	d8bb5a9132e4cf263a6757563d56ebcfbaa4d1f26cee0a187879729abe68f5ed	200	false
widgets/richtext/org.eclipse.nebula.widgets.richtext/src/org/eclipse/nebula/widgets/richtext/RichTextPainter.java	7e6b0bbb3eb8ab70dbddbe3da93e71677a8ffbca4622ab48206cef07d7130838	7e6b0bbb3eb8ab70dbddbe3da93e71677a8ffbca4622ab48206cef07d7130838	ac424fd789b35d0fc362d9ec61b881f6984e129e2f657e64cb15f3da06c90abf	349	false
widgets/richtext/org.eclipse.nebula.widgets.richtext/src/org/eclipse/nebula/widgets/richtext/RichTextViewer.java	bb70203d8f08379b6679501495c1419d9d5afb2a95c31e283f2fc976e5eb9cc6	bb70203d8f08379b6679501495c1419d9d5afb2a95c31e283f2fc976e5eb9cc6	9efab2fbc88870addb1c49b5f08fba6ce3f292bc8cbbae924d8fc44bdaa9171e	17	false
widgets/richtext/org.eclipse.nebula.widgets.richtext/src/org/eclipse/nebula/widgets/richtext/ScalingHelper.java	dd29ed5fdcf13cd8d3f6cc81fb2adef2a1662508931f44678a4b07e03d1be71a	dd29ed5fdcf13cd8d3f6cc81fb2adef2a1662508931f44678a4b07e03d1be71a	be6faf977e617e92651c5785dc5e5996bda5fcaf5fa6ab1e30786f26a5a29321	21	false
widgets/richtext/org.eclipse.nebula.widgets.richtext/src/org/eclipse/nebula/widgets/richtext/painter/AlignmentStyle.java	ee77240b5f159c161a964d18b562dcc0ff94b2f407471413df8ecc3333d0a850	ee77240b5f159c161a964d18b562dcc0ff94b2f407471413df8ecc3333d0a850	384ace1963d5f997b8351ccdfb82918361aa68ef4f66ac6c69aae425681ab12a	0	false
widgets/richtext/org.eclipse.nebula.widgets.richtext/src/org/eclipse/nebula/widgets/richtext/painter/DefaultEntityReplacer.java	9f234a80fd155d69392159cceb3c5614015d9a25386b667503aeee68ada75107	9f234a80fd155d69392159cceb3c5614015d9a25386b667503aeee68ada75107	a4c051080f291705feb7cfba43338cd09b0c21f23087141c31a62bd91ee9b90e	744	false
widgets/richtext/org.eclipse.nebula.widgets.richtext/src/org/eclipse/nebula/widgets/richtext/painter/EntityReplacer.java	3027cdee697b63d36b712457456c5b7f82df84e787d82480b25f842fec8d2831	3027cdee697b63d36b712457456c5b7f82df84e787d82480b25f842fec8d2831	b27a6aeadc19c5aee9b4c27857f25a03aead7c6c4bb0f5ad3e13be934e80f686	0	false
widgets/richtext/org.eclipse.nebula.widgets.richtext/src/org/eclipse/nebula/widgets/richtext/painter/LinePainter.java	25c36283a8612d3fb43dd22b5c10e77cbc88a3a7ad5444ff440bf9aa9d279a9a	25c36283a8612d3fb43dd22b5c10e77cbc88a3a7ad5444ff440bf9aa9d279a9a	46375db67718fe5d790bfe017dc5d52944f47763185231ef5fd20a0ba4d6bf5d	42	false
widgets/richtext/org.eclipse.nebula.widgets.richtext/src/org/eclipse/nebula/widgets/richtext/painter/ResourceHelper.java	fef722f78dca4e06670889b29c04599c26b72c42cce8a267d482ab6c452d1914	fef722f78dca4e06670889b29c04599c26b72c42cce8a267d482ab6c452d1914	286641e52717ecb8b6545510123353a4f28411915e691b89a0dd6e8796942158	167	false
widgets/richtext/org.eclipse.nebula.widgets.richtext/src/org/eclipse/nebula/widgets/richtext/painter/SpanElement.java	d5ace8cb526808faf5694ecf0c12cfd3a5a6a4f7e8d800057cfc3f2ecaaa8c25	d5ace8cb526808faf5694ecf0c12cfd3a5a6a4f7e8d800057cfc3f2ecaaa8c25	05148432d4ed6c59e3f450b16d7c4b856ce3a1c2835c61385f4f1afaea401715	0	false
widgets/richtext/org.eclipse.nebula.widgets.richtext/src/org/eclipse/nebula/widgets/richtext/painter/TagProcessingState.java	9d8fa435cc88729ede3acb87d974ceb91e984f9fb22b4a4f778478a5977b8f37	9d8fa435cc88729ede3acb87d974ceb91e984f9fb22b4a4f778478a5977b8f37	c6543f9c3b72dc3e1bd0f1083058e575e3beb3ccae0f1a00284ba8da2b41ef12	103	false
widgets/richtext/org.eclipse.nebula.widgets.richtext/src/org/eclipse/nebula/widgets/richtext/painter/instructions/BoldPaintInstruction.java	1a4fe31d4bae005ec8176069327803e5add7ef49a1a1471cf0d53cd4a0673b18	1a4fe31d4bae005ec8176069327803e5add7ef49a1a1471cf0d53cd4a0673b18	668a70c0ea200ae4c2e4912cda1e7e7f935e9a0b6e6cd3da627751dc764eee8d	9	false
widgets/richtext/org.eclipse.nebula.widgets.richtext/src/org/eclipse/nebula/widgets/richtext/painter/instructions/FontMetricsProvider.java	6d2cfa60d1e55530f30fa5c4201d76ae878fd75f06bdbb50b4138c42aac5d1d8	6d2cfa60d1e55530f30fa5c4201d76ae878fd75f06bdbb50b4138c42aac5d1d8	84f6fa1e16279a0f40f6163974eb7c85560579f962e7e7bcca17a2af289023fd	0	false
widgets/richtext/org.eclipse.nebula.widgets.richtext/src/org/eclipse/nebula/widgets/richtext/painter/instructions/ItalicPaintInstruction.java	bf082ed9d3ab94a2453601ceb1bcb0e04557eea1ea26fdf50d2f4f5f91248a7e	bf082ed9d3ab94a2453601ceb1bcb0e04557eea1ea26fdf50d2f4f5f91248a7e	760365a0cb0e7bffa4cc34ec7a7400dd4f3a88a12ca0da0862aa5ee0669bd86b	9	false
widgets/richtext/org.eclipse.nebula.widgets.richtext/src/org/eclipse/nebula/widgets/richtext/painter/instructions/ListInstruction.java	5ed23fb4a2fc01a18de85ecadedfe9b12e22206a38ebf80340ee796cf339d8b4	5ed23fb4a2fc01a18de85ecadedfe9b12e22206a38ebf80340ee796cf339d8b4	43000be37d2f430107e352c51c6304d5fe8bff5b0883faf692a2c679ca9b49c0	14	false
widgets/richtext/org.eclipse.nebula.widgets.richtext/src/org/eclipse/nebula/widgets/richtext/painter/instructions/NewLineInstruction.java	e7c71fa1c6820d2fcc29d751c6d8254280e94fafc156c95b72c60861adf599ef	e7c71fa1c6820d2fcc29d751c6d8254280e94fafc156c95b72c60861adf599ef	d133a7a1e9eff5144ce20650eed26bb66ac156f3dcc3bb9e91448bd415f1942e	6	false
widgets/richtext/org.eclipse.nebula.widgets.richtext/src/org/eclipse/nebula/widgets/richtext/painter/instructions/PaintInstruction.java	4ca4bdf2c625c0d121659ae02b7f0314831b74c5599caf67f63f56bfee511ed7	4ca4bdf2c625c0d121659ae02b7f0314831b74c5599caf67f63f56bfee511ed7	f7cd040904a3490eadeee63c25f048a59435d390f5c6f25691532f2d0496a3a3	0	false
widgets/richtext/org.eclipse.nebula.widgets.richtext/src/org/eclipse/nebula/widgets/richtext/painter/instructions/ParagraphInstruction.java	4d2c2304778d516f41c2944d24b54921fdbfb069b7fce15a6fea0da88b2695be	4d2c2304778d516f41c2944d24b54921fdbfb069b7fce15a6fea0da88b2695be	15fddecd7181bc9e94f0cd37a2a91a92046efe4309ce5ec3a34b815e75669eff	13	false
widgets/richtext/org.eclipse.nebula.widgets.richtext/src/org/eclipse/nebula/widgets/richtext/painter/instructions/ResetFontPaintInstruction.java	63e3b11d2a8a91cf0e2adeb1d937cf00ad10ac970bac51cee8b91efd43b13cc2	63e3b11d2a8a91cf0e2adeb1d937cf00ad10ac970bac51cee8b91efd43b13cc2	56d6a72b47d5fcbbdcfce73ed28b4ce6ac944a87fb6c685bbfe41593cfa69402	7	false
widgets/richtext/org.eclipse.nebula.widgets.richtext/src/org/eclipse/nebula/widgets/richtext/painter/instructions/ResetParagraphInstruction.java	66426bd574d21c79ddc8effff3d69880d3c86952456bb605a46902365f14f616	66426bd574d21c79ddc8effff3d69880d3c86952456bb605a46902365f14f616	2772477236e10e673178e5408d587b4ad177995d38346acecfc063d36a150ca9	9	false
widgets/richtext/org.eclipse.nebula.widgets.richtext/src/org/eclipse/nebula/widgets/richtext/painter/instructions/ResetSpanStylePaintInstruction.java	ce2beb89fdde0d067dda07e5e10e165061c463f87250cec456bb3e1f79822179	ce2beb89fdde0d067dda07e5e10e165061c463f87250cec456bb3e1f79822179	a41670bb3f56078a36190b4208415d46e649852973090a9508ce12b5028ee57d	22	false
widgets/richtext/org.eclipse.nebula.widgets.richtext/src/org/eclipse/nebula/widgets/richtext/painter/instructions/SpanStylePaintInstruction.java	58c62e8aca1ab9489b588cab2f77cf42469a35309a3742d10ce7c97a7db1cee5	58c62e8aca1ab9489b588cab2f77cf42469a35309a3742d10ce7c97a7db1cee5	b9afb379e171f5d8bd503f6df480dff817d0724751a496b36d084e6ee42af86f	31	false
widgets/richtext/org.eclipse.nebula.widgets.richtext/src/org/eclipse/nebula/widgets/richtext/painter/instructions/TextPaintInstruction.java	f77e19354fdf59d29ab508702f890ad0ad6454f9b9e2ed1f1e2b26b4722c8fba	f77e19354fdf59d29ab508702f890ad0ad6454f9b9e2ed1f1e2b26b4722c8fba	994e88f60f7ded325e5136ba59bf2e7404db9771c87a1d3ab75ee742fa40374a	65	false
widgets/richtext/org.eclipse.nebula.widgets.richtext/src/org/eclipse/nebula/widgets/richtext/toolbar/JavaCallbackListener.java	1d92c132ca22b4d6ba7a4f7ee285d9be743f98a1429a109da2f18bf92ad67119	1d92c132ca22b4d6ba7a4f7ee285d9be743f98a1429a109da2f18bf92ad67119	f754889fb7e78b99f07728232d055dd5472d1b45c864911b378120594e66bc73	0	false
widgets/richtext/org.eclipse.nebula.widgets.richtext/src/org/eclipse/nebula/widgets/richtext/toolbar/ToolbarButton.java	a9017ace5c274478d25b894d32b603d3c4696f6d0e4cabd1673ee91d9f3c7e07	a9017ace5c274478d25b894d32b603d3c4696f6d0e4cabd1673ee91d9f3c7e07	aa5e6faaca26fb798bbd36b8792fb275f2cb69fd038b9a813a2c09c7a16910b9	28	false
widgets/richtext/org.eclipse.nebula.widgets.richtext/src/org/eclipse/nebula/widgets/richtext/toolbar/ToolbarConfiguration.java	c19e720c98ff7873a533fcd99937cc9184874bc3d0b3271a63b3fbed116d4e2f	c19e720c98ff7873a533fcd99937cc9184874bc3d0b3271a63b3fbed116d4e2f	56d46596d9a061dd3f4c1abbc06cba43563d8d499f4b899e0fc5dd3a4a710d11	95	false
widgets/roundedcheckbox/org.eclipse.nebula.widgets.roundedcheckbox.snippets/src/org/eclipse/nebula/widgets/roundedcheckbox/snippets/RoundedCheckBoxSnippet.java	a9fa25f33d7c093e710e22a3c9b97ba51f0530bf591ed53150fff5f23918e415	a9fa25f33d7c093e710e22a3c9b97ba51f0530bf591ed53150fff5f23918e415	3f5f2379028eea388fb03685fe591ff5608ffce8ce5072bce7f5d943d535fd00	63	false
widgets/roundedcheckbox/org.eclipse.nebula.widgets.roundedcheckbox/src/org/eclipse/nebula/widgets/roundedcheckbox/RoundedCheckbox.java	8ade2f3db519ded453822fb09d1dedcb1ae07cae6dcf4113620d0186f5a273d4	8ade2f3db519ded453822fb09d1dedcb1ae07cae6dcf4113620d0186f5a273d4	8d96aca4338d19ec660b16ababd70be715051265c32c8d76728e822dcdfa621a	177	false
widgets/roundedswitch/org.eclipse.nebula.widgets.roundedswitch.css/src/org/eclipse/nebula/widgets/roundedswitch/css/RoundedSwitchElement.java	49da766a578029429fb11ae813be2b46f2c32c90cdd7a0c8cbc286ab3eddde85	49da766a578029429fb11ae813be2b46f2c32c90cdd7a0c8cbc286ab3eddde85	c57a15294ec29f2503d054892229eb09f77f7a59658f06bac31eb3afaff8d318	6	false
widgets/roundedswitch/org.eclipse.nebula.widgets.roundedswitch.css/src/org/eclipse/nebula/widgets/roundedswitch/css/RoundedSwitchElementProvider.java	a2776216453b55083c4318c1af3305da9fe0e1abd2948d9954bb7137bc711004	a2776216453b55083c4318c1af3305da9fe0e1abd2948d9954bb7137bc711004	f7c6317144d606a5f5b9748e191e16ff4fb2b8a54adcbf09f5bbda3315c3c347	2	false
widgets/roundedswitch/org.eclipse.nebula.widgets.roundedswitch.css/src/org/eclipse/nebula/widgets/roundedswitch/css/RoundedSwitchPropertyHandler.java	0fc7f30752819820ed3a2ed036dbed399a75cf5b3829dff187baf63af0b1fe3c	0fc7f30752819820ed3a2ed036dbed399a75cf5b3829dff187baf63af0b1fe3c	95db1971aab12afc6f26244ce6f4af08e25ab5a5b70fd8348fa037329da2eb50	64	false
widgets/roundedswitch/org.eclipse.nebula.widgets.roundedswitch.example.e4/src/org/eclipse/nebula/widgets/roundedswitch/example/e4/Activator.java	d6b47dc51985df40ebe92facbc36b8f95c975211791c07da1af861d1e96d5372	d6b47dc51985df40ebe92facbc36b8f95c975211791c07da1af861d1e96d5372	26e256a72fe5544c15c13a31baeba37acc047ca967aba5e27a61298742b8b398	6	false
widgets/roundedswitch/org.eclipse.nebula.widgets.roundedswitch.example.e4/src/org/eclipse/nebula/widgets/roundedswitch/example/e4/handlers/AboutHandler.java	fa25b8f9c7ae54f151aeabdd31209e56c19442469ddd3d94696d39083d53647c	fa25b8f9c7ae54f151aeabdd31209e56c19442469ddd3d94696d39083d53647c	2a7e64a98411fb91308c2151f5f5cbe3bbeccb82ea75f8a21083201f7652e9b8	2	false
widgets/roundedswitch/org.eclipse.nebula.widgets.roundedswitch.example.e4/src/org/eclipse/nebula/widgets/roundedswitch/example/e4/handlers/QuitHandler.java	50c9902aa6d9882e924c50012c4aaaf265f1101c627039fb0d7e8d5813e2d1e5	50c9902aa6d9882e924c50012c4aaaf265f1101c627039fb0d7e8d5813e2d1e5	39aca2aebcd00b877a42ef620cf34cb1641399a7a9a650c9bc748740cd5776a9	4	false
widgets/roundedswitch/org.eclipse.nebula.widgets.roundedswitch.example.e4/src/org/eclipse/nebula/widgets/roundedswitch/example/e4/parts/SamplePart.java	8d412ba6ea8378f9e2cc36b67d544bbee8edd421fb1e90ffc8636ed0c51528d7	8d412ba6ea8378f9e2cc36b67d544bbee8edd421fb1e90ffc8636ed0c51528d7	78b84b8f5255b65fa34c2a0f3fb167f7c9d1859c0bc2522948432894e1491045	79	false
widgets/roundedswitch/org.eclipse.nebula.widgets.roundedswitch.snippets/src/org/eclipse/nebula/widgets/roundedswitch/RoundedSwitchSnippet.java	574b42399e397cc2f1e1a8ed583ba683df31e9dae0dc79340ade291a3051011b	574b42399e397cc2f1e1a8ed583ba683df31e9dae0dc79340ade291a3051011b	b9718476658fe6403f12ecdfb6903878c2ffede3de51f3c5b989ca8618019940	44	false
widgets/roundedswitch/org.eclipse.nebula.widgets.roundedswitch/src/org/eclipse/nebula/widgets/roundedswitch/RoundedSwitch.java	a54bcc441c8697ac88031c9e0ce120057ae4b17213e0ea284d96202924350d32	a54bcc441c8697ac88031c9e0ce120057ae4b17213e0ea284d96202924350d32	e4e4b78d62a7be69df01e88eda8a31f6093766221bae997c36e0b2319dc7283f	278	false
widgets/roundedswitch/org.eclipse.nebula.widgets.roundedswitch/src/org/eclipse/nebula/widgets/roundedswitch/RoundedSwitchConfiguration.java	adc9cd785766a3fd0f8f72bc2a5097fe136986595b9d64062d29d41b89b9c0fc	adc9cd785766a3fd0f8f72bc2a5097fe136986595b9d64062d29d41b89b9c0fc	9cdc6f518743acb99eaa5fc71b8f6398c0b0219c472128d1f7f0c1f15b6110db	26	false
widgets/segmentedbar/org.eclipse.nebula.widgets.segmentedbar.snippets/src/org/eclipse/nebula/widgets/segmentedbar/SegmentedBarSnippet.java	66a230235d3b48563b71c703ccb4f67a1664c13bd125990f07cda3941c7a3f0f	66a230235d3b48563b71c703ccb4f67a1664c13bd125990f07cda3941c7a3f0f	d5952016d044a8bd7b3bd0c89426dc137bf767019604f0b6e0cda1ad442844a2	76	false
widgets/segmentedbar/org.eclipse.nebula.widgets.segmentedbar/src/org/eclipse/nebula/widgets/segmentedbar/Segment.java	f05f709d50df3169e82ecb38aa37f1cb763402293b5c5b30c120779606c22af5	f05f709d50df3169e82ecb38aa37f1cb763402293b5c5b30c120779606c22af5	961e8d7bb9a2e241188c3a21881fd20a21200602b629ebe85a931dcbce4da84a	97	false
widgets/segmentedbar/org.eclipse.nebula.widgets.segmentedbar/src/org/eclipse/nebula/widgets/segmentedbar/SegmentedBar.java	5f8dc428cc7986623af734542e3c0bb9f83f36593975345459536cad3a040377	5f8dc428cc7986623af734542e3c0bb9f83f36593975345459536cad3a040377	213fe376a86b5c660d2eabdd019f36583a5b04144d71ad9f5bd27459474528ce	106	false
widgets/splitbutton/org.eclipse.nebula.widgets.splitbutton.snippets/src/org/eclipse/nebula/widgets/splitbutton/SplitButtonSnippet.java	8894db23be42c293d5f44215917ef2cf6139767bcdc95053bcd9e8f6521bd1a4	8894db23be42c293d5f44215917ef2cf6139767bcdc95053bcd9e8f6521bd1a4	89c239530915a898116695de42e6398e229f25672fb22c6969023d73bc8cbe77	34	false
widgets/splitbutton/org.eclipse.nebula.widgets.splitbutton/src/org/eclipse/nebula/widgets/splitbutton/SplitButton.java	9648b339d3353fc494e3b3603462f2b698aa5578d9587cac36cd538bd60aa480	9648b339d3353fc494e3b3603462f2b698aa5578d9587cac36cd538bd60aa480	202299513e7112f8493195c576ba88214900187a0a2bdcd2eed84b2c827de0c7	120	false
widgets/stepbar/org.eclipse.nebula.widgets.stepbar.snippets/src/org/eclipse/nebula/widgets/stepbar/StepBarSnippet.java	439129699fa9665ab856c6c90bfe0ecbc2fa5e04c32b85d57464b3bbb3b833cf	439129699fa9665ab856c6c90bfe0ecbc2fa5e04c32b85d57464b3bbb3b833cf	d03059c969cf5af502b9d8ccf967211b43a9c7e825c353d235a28cbe0418a037	88	false
widgets/stepbar/org.eclipse.nebula.widgets.stepbar/src/org/eclipse/nebula/widgets/stepbar/Stepbar.java	2eb50e641e67fec966fe202e13a6fefaa633896bd2c5f3194cf7dca6c4705318	2eb50e641e67fec966fe202e13a6fefaa633896bd2c5f3194cf7dca6c4705318	35c735b2da524074830180472e3032f31133393d0efeffc286b37794bd3e20d6	183	false
widgets/tablecombo/org.eclipse.nebula.widgets.tablecombo.css/src/org/eclipse/nebula/widgets/tablecombo/css/CSSEngineHelper.java	f38cfd8330690b1ca30870d5d4eb85df287ab0bd80c3ba52cf3302d58e6c1586	f38cfd8330690b1ca30870d5d4eb85df287ab0bd80c3ba52cf3302d58e6c1586	bced454235adf425e71f1b53f417b63ced199a6b037035427618dc81c3c7d284	10	false
widgets/tablecombo/org.eclipse.nebula.widgets.tablecombo.css/src/org/eclipse/nebula/widgets/tablecombo/css/TableComboElement.java	5c5cefcf4f31066cc46b5c4240a1c7b93bdbc4db001981bbef725a941d21c23a	5c5cefcf4f31066cc46b5c4240a1c7b93bdbc4db001981bbef725a941d21c23a	44334986d1e823c62776f5e8d7d73b948ab605cd6677b6745144ddfcd3f597ea	2	false
widgets/tablecombo/org.eclipse.nebula.widgets.tablecombo.css/src/org/eclipse/nebula/widgets/tablecombo/css/TableComboElementProvider.java	0385ad233c534b56735a01c12093c82f40fa32c52573cfdf13a1fa9f7ec720f6	0385ad233c534b56735a01c12093c82f40fa32c52573cfdf13a1fa9f7ec720f6	612ac79515729264b48fce4cdace05667d456d4668a21ad2602e5dd175689a7c	2	false
widgets/tablecombo/org.eclipse.nebula.widgets.tablecombo.css/src/org/eclipse/nebula/widgets/tablecombo/css/TableComboPropertyHandler.java	4b961a1aaf44f4df2ca2b5fc2883f1d7b5a3bfb443cd9510f9e1902da9ceebe5	4b961a1aaf44f4df2ca2b5fc2883f1d7b5a3bfb443cd9510f9e1902da9ceebe5	0a9a71c094e2b6eb12a85d8cdac6d08412d335a69e84f582c604649400d02fe6	214	false
widgets/tablecombo/org.eclipse.nebula.widgets.tablecombo.example.e4/src/org/eclipse/nebula/widgets/tablecombo/example/e4/Activator.java	540d75387915517ce87f6b14355b526c9239492c7b987d29fa6553d250158e9a	540d75387915517ce87f6b14355b526c9239492c7b987d29fa6553d250158e9a	01efe1a7690e373f2c6a0b7e674ad4c1572bc997c8272b5d977cbc11fa3b60a1	6	false
widgets/tablecombo/org.eclipse.nebula.widgets.tablecombo.example.e4/src/org/eclipse/nebula/widgets/tablecombo/example/e4/handlers/AboutHandler.java	4a1f7725ca48bc6ed0635c66f5470f21df68c36ff65d3c1603cc1686e10e04ef	4a1f7725ca48bc6ed0635c66f5470f21df68c36ff65d3c1603cc1686e10e04ef	1e6ee9b4528b2d725dcc100cb7de35c39ff99f33d9fdd5ec99ff74c315483587	2	false
widgets/tablecombo/org.eclipse.nebula.widgets.tablecombo.example.e4/src/org/eclipse/nebula/widgets/tablecombo/example/e4/handlers/QuitHandler.java	6ae6de0c51012072e45722547e1b22891b02e537811733c007d70edeeaeaedb8	6ae6de0c51012072e45722547e1b22891b02e537811733c007d70edeeaeaedb8	4af6ded9b182ecedc5ae18c5633678b3b15999c780c451d1afa78bcc00a7ec56	4	false
widgets/tablecombo/org.eclipse.nebula.widgets.tablecombo.example.e4/src/org/eclipse/nebula/widgets/tablecombo/example/e4/parts/Model.java	e392f6f52717edc77186a60461e0939561abafd8d4513c213bbf759eca83dd39	e392f6f52717edc77186a60461e0939561abafd8d4513c213bbf759eca83dd39	597b8a46f4e05e804d1029b9a65e4d29582688769a6b2401e330da0036801642	42	false
widgets/tablecombo/org.eclipse.nebula.widgets.tablecombo.example.e4/src/org/eclipse/nebula/widgets/tablecombo/example/e4/parts/SamplePart.java	42edb3f1668dde4f2a47b627096aad5f37c311a826766502c818f2f89b36c5ee	42edb3f1668dde4f2a47b627096aad5f37c311a826766502c818f2f89b36c5ee	92281c631e41b7a05274c8cb543c1d13c2b3ccf885dbd6f7e8269ada2d70f0bc	104	false
widgets/tablecombo/org.eclipse.nebula.widgets.tablecombo.example/src/org/eclipse/nebula/widgets/tablecombo/example/TableComboExampleTab.java	701aa8d37d8cf940f6ac4cc44c58ae6038ecf9dd913de83280fc05bf49c92136	701aa8d37d8cf940f6ac4cc44c58ae6038ecf9dd913de83280fc05bf49c92136	d845ecab1ff1a31874f1502ecdf3fd160d7a5602a49b9b67c4e9cefc27b209f4	253	false
widgets/tablecombo/org.eclipse.nebula.widgets.tablecombo.example/src/org/eclipse/nebula/widgets/tablecombo/example/TableComboSnippet.java	0ce02405fb5d9562ea2616856f90b2f0a331de674143c3eb930fde6b1f9d98fc	0ce02405fb5d9562ea2616856f90b2f0a331de674143c3eb930fde6b1f9d98fc	81568d0b3b1f9134a77e3d6e2f35f79b0cb6f9f0d733175a3ed6859f67da6ac9	14	false
widgets/tablecombo/org.eclipse.nebula.widgets.tablecombo.snippets/src/org/eclipse/nebula/widgets/tablecombo/CheckTableComboSnippet.java	f781061a2976ef7f027fe171304c2c41a296deb6c2445bf40cfb81ef6ff7b7d9	f781061a2976ef7f027fe171304c2c41a296deb6c2445bf40cfb81ef6ff7b7d9	6341b1273b75c9506835fc112cb114e2edcb1d15fd2da341ff1412f6c7871ab5	73	false
widgets/tablecombo/org.eclipse.nebula.widgets.tablecombo.snippets/src/org/eclipse/nebula/widgets/tablecombo/Model.java	6ca46dcd006541c4fd36f6b4ef8bb8b5f5cd54ac04985b51c450686047363d19	6ca46dcd006541c4fd36f6b4ef8bb8b5f5cd54ac04985b51c450686047363d19	eb40008b5aec90f461bfeffba5ee482f2d97bc56d537cae90ca2ca803a7fbdd3	38	false
widgets/tablecombo/org.eclipse.nebula.widgets.tablecombo.snippets/src/org/eclipse/nebula/widgets/tablecombo/TableComboSnippet.java	6b79d090aaee9366da2c57f49ccc09e14c084ef10956311099465ef0b23b3a00	6b79d090aaee9366da2c57f49ccc09e14c084ef10956311099465ef0b23b3a00	7c5e002c64fe4625b3aff68081cb4890741e6db189fe5ea5e0def9ca111f3909	273	false
widgets/tablecombo/org.eclipse.nebula.widgets.tablecombo.snippets/src/org/eclipse/nebula/widgets/tablecombo/TableComboViewerSnippet1.java	4247914b0fba7f5cf8256b4c628f7896c56873e78a338c2ead1e4357f828a4e5	4247914b0fba7f5cf8256b4c628f7896c56873e78a338c2ead1e4357f828a4e5	b60f0b37991230b1b6bd7a739b2ed9aaaf5f8740d6a0d20df891ccefc8c1f061	305	false
widgets/tablecombo/org.eclipse.nebula.widgets.tablecombo.test/src/org/eclipse/nebula/widgets/tablecombo/TableComboTests.java	cb39e73b0a76ae976b86958a3e8d5be34f961f5fd765f12b23afe396b513b2eb	cb39e73b0a76ae976b86958a3e8d5be34f961f5fd765f12b23afe396b513b2eb	2474ee2a9061aa7fdbf4abea08d7f6c2d11dd9b9697eab284a1dd46cdc8c3921	43	false
widgets/tablecombo/org.eclipse.nebula.widgets.tablecombo.test/src/org/eclipse/nebula/widgets/tablecombo/TableComboViewerTests.java	64c41b2da3731ef41db59e5959dc6d0b0b530e53c9a1f3c5db19d65450f39a1a	64c41b2da3731ef41db59e5959dc6d0b0b530e53c9a1f3c5db19d65450f39a1a	74260d3007c2709d3449de674014c7c1ee73f4c89cd1c326c02cbecde3417459	58	false
widgets/tablecombo/org.eclipse.nebula.widgets.tablecombo/src/org/eclipse/nebula/jface/checktablecomboviewer/CheckTableComboViewer.java	86f44b77683d13b4f4575f9a065736c75a04e64214c98d07d10858188338c3e3	86f44b77683d13b4f4575f9a065736c75a04e64214c98d07d10858188338c3e3	e529a66703e70c12da5404b4b56356323ff2ad7cf67758f97dbff14b9b868ae7	88	false
widgets/tablecombo/org.eclipse.nebula.widgets.tablecombo/src/org/eclipse/nebula/jface/checktablecomboviewer/CheckTableComboViewerRow.java	c31897f661215895d5a79976bca80ac75adb343f91ee0a13e7d35a0e32e6a6c2	c31897f661215895d5a79976bca80ac75adb343f91ee0a13e7d35a0e32e6a6c2	d22b7b062443868918cb8af38c5055b1502995411d8e19d1a475bfc0044dc845	96	false
widgets/tablecombo/org.eclipse.nebula.widgets.tablecombo/src/org/eclipse/nebula/jface/tablecomboviewer/TableComboViewer.java	1afb34909086803afb5256f1e5c5d62ecdb0fe3137b4956df1a40c4c735ae03f	1afb34909086803afb5256f1e5c5d62ecdb0fe3137b4956df1a40c4c735ae03f	b6647d2dbc9cbc6b49b2b5a1ccd3319b3a7646bfecec4b72b4256a6188c3cd38	150	false
widgets/tablecombo/org.eclipse.nebula.widgets.tablecombo/src/org/eclipse/nebula/jface/tablecomboviewer/TableComboViewerRow.java	75d8fa2c4d93f551dfc17457f3bf23aec1925b4a504fa1deea62028e6dbbdc95	75d8fa2c4d93f551dfc17457f3bf23aec1925b4a504fa1deea62028e6dbbdc95	033f71e6c02f1facfa25a7a70b2d787d0f483f93049588a1b6881c8764c83726	96	false
widgets/tablecombo/org.eclipse.nebula.widgets.tablecombo/src/org/eclipse/nebula/widgets/checktablecombo/CheckTableCombo.java	452e4fa3303fd220ab9d03aaf9429fe09be0e7059e01a718b5c8d09fc64dba88	452e4fa3303fd220ab9d03aaf9429fe09be0e7059e01a718b5c8d09fc64dba88	d0b4d87a64471c4f14b555cf0370e07d5d65bf9d9678a9bdb7b819e21af38f22	1356	false
widgets/tablecombo/org.eclipse.nebula.widgets.tablecombo/src/org/eclipse/nebula/widgets/tablecombo/DefaultTableComboRenderer.java	f61509cba4dd1eb6d5d190fd4b020a8f3fe6f92bd14402377671dd0f8ac0e93b	f61509cba4dd1eb6d5d190fd4b020a8f3fe6f92bd14402377671dd0f8ac0e93b	6545b7f65f7d3ce922cc079d50e036d115801578e0c8f7089ec54a64602fab43	18	false
widgets/tablecombo/org.eclipse.nebula.widgets.tablecombo/src/org/eclipse/nebula/widgets/tablecombo/TableCombo.java	3d1cba19a0b5b47155ceb5d44293428d7ffaad853d5b6cb337749ca5f79967bc	3d1cba19a0b5b47155ceb5d44293428d7ffaad853d5b6cb337749ca5f79967bc	31853f4910287d4342cf2660a0fea18bb8a210a8aa58f7509d15cf1325731ce5	1347	false
widgets/tablecombo/org.eclipse.nebula.widgets.tablecombo/src/org/eclipse/nebula/widgets/tablecombo/TableComboRenderer.java	d3d5fa767bfd22588a6858a183d1c6bd7f6fed970119485195ab77c9ba68ac49	d3d5fa767bfd22588a6858a183d1c6bd7f6fed970119485195ab77c9ba68ac49	0bdc42fb4dff440f9ded49958616decfe85eed8d6d23ee1d5406e622478f5db6	0	false
widgets/tablecombo/org.eclipse.nebula.widgets.tablecombo/src/org/eclipse/nebula/widgets/tablecombo/TableComboRendererAdapter.java	83446ec3646942b2e7605e8ea2dd523216d28ffd0d686f178bb49ae9bf33b027	83446ec3646942b2e7605e8ea2dd523216d28ffd0d686f178bb49ae9bf33b027	b531e4f47a8031ba268d6fc8fbe47edbf121e3d96c635beafdf348c6f31851bc	10	false
widgets/tiles/org.eclipse.nebula.widgets.tiles.snippets/src/org/eclipse/nebula/widgets/tiles/Example1.java	2d671adaf56361bc181995e2fad838cc9ff1d04bb36586fd2ec3999acee3cbe8	2d671adaf56361bc181995e2fad838cc9ff1d04bb36586fd2ec3999acee3cbe8	b445e160468285e9ffc75003c88b630437519467d3a2ea06be6678491879c169	134	false
widgets/tiles/org.eclipse.nebula.widgets.tiles.snippets/src/org/eclipse/nebula/widgets/tiles/Example2.java	cc8977f14d17d6c751b930c8f230bf2f520726df046d0a7e8d87895e4b34e193	cc8977f14d17d6c751b930c8f230bf2f520726df046d0a7e8d87895e4b34e193	39cc87a968e4c0f7fada5bc80069e10e82c88158653519ecbd2ec6e674241c0c	42	false
widgets/tiles/org.eclipse.nebula.widgets.tiles.snippets/src/org/eclipse/nebula/widgets/tiles/Example3.java	f1da3c9868df35afdb34a503f628242577177e0a92a97cacfa4dd2db86126bc5	f1da3c9868df35afdb34a503f628242577177e0a92a97cacfa4dd2db86126bc5	c8e9c36b277c1e6ebbc1b07d5e3266ef9ceb791ad3b72680ba1795c0110e7f5a	43	false
widgets/tiles/org.eclipse.nebula.widgets.tiles.snippets/src/org/eclipse/nebula/widgets/tiles/Example4.java	1fdc3e9c250342012a57641446b5eff48d7477201d7f8212357d273e240488c5	1fdc3e9c250342012a57641446b5eff48d7477201d7f8212357d273e240488c5	7e263582f50e7fed30530bbaf6dc6e914f08fd92c38d2914297b8c49b484cf1e	122	false
widgets/tiles/org.eclipse.nebula.widgets.tiles/src/org/eclipse/nebula/widgets/tiles/Decorator.java	c7d9ca8df099be4b4578654a565d976cd1c292c2debf3f696a0e417d12386ea1	c7d9ca8df099be4b4578654a565d976cd1c292c2debf3f696a0e417d12386ea1	46c2d46f42879b8862befa47731d0a2da2e2b705ba86decc8ffeea1c1cbcce9a	20	false
widgets/tiles/org.eclipse.nebula.widgets.tiles/src/org/eclipse/nebula/widgets/tiles/DecoratorColor.java	534b7ac440d1cc1c276fb194b9f5404d82d94aa386100c08fa5aedaa117a2504	534b7ac440d1cc1c276fb194b9f5404d82d94aa386100c08fa5aedaa117a2504	98c5729163d7f7dd73293b7efa814e606456a6ae74882305453f8a05f4cac521	0	false
widgets/tiles/org.eclipse.nebula.widgets.tiles/src/org/eclipse/nebula/widgets/tiles/DecoratorColorConstant.java	8024dc444ef2c7f2f44a5c82d94f05770c4ae6b172587b54fd7f4e72fb8099ca	8024dc444ef2c7f2f44a5c82d94f05770c4ae6b172587b54fd7f4e72fb8099ca	c49716e4ad6b3c222b73c95dc652e7038f98f4364f414ca29a9431c9822f3871	4	false
widgets/tiles/org.eclipse.nebula.widgets.tiles/src/org/eclipse/nebula/widgets/tiles/DecoratorColorGradient.java	99d3e970aff6ca35ee9fcac35c43d9ea62f9a76248fa547c65ce564485a62c2f	99d3e970aff6ca35ee9fcac35c43d9ea62f9a76248fa547c65ce564485a62c2f	17fc29522c9e4bb62859e1a65e0961164496586efeb7628332db01859d8304ba	5	false
widgets/tiles/org.eclipse.nebula.widgets.tiles/src/org/eclipse/nebula/widgets/tiles/DecoratorInteger.java	943eaf4f6b704d13346af85d0699ba3b9cde1620f3f7d7ff646fb80d93a95311	943eaf4f6b704d13346af85d0699ba3b9cde1620f3f7d7ff646fb80d93a95311	f0a591d937a1e0e8cfa371b325b301ea6cd689be2c726f8112d9e2dba7bc1a61	0	false
widgets/tiles/org.eclipse.nebula.widgets.tiles/src/org/eclipse/nebula/widgets/tiles/DecoratorIntegerConstant.java	79f3ddfb0fad28b34cc833ecfedea77e3f1549421826db7bdf3d4909d525f090	79f3ddfb0fad28b34cc833ecfedea77e3f1549421826db7bdf3d4909d525f090	33e0903a47e77ccdc8613a5356cda7ba80cf2618563a658d46b0325a71a01f22	4	false
widgets/tiles/org.eclipse.nebula.widgets.tiles/src/org/eclipse/nebula/widgets/tiles/DecoratorListener.java	503355379f26d91eda153dd3b0bf2c88b9e369917933484a9d1e17f821906e8a	503355379f26d91eda153dd3b0bf2c88b9e369917933484a9d1e17f821906e8a	61968eefd32d31f3fcf41e5a280d8644fe17fb72e6a69e7f8a0972fed76fa061	0	false
widgets/tiles/org.eclipse.nebula.widgets.tiles/src/org/eclipse/nebula/widgets/tiles/DecoratorString.java	f71882dbc13a012686747a48debab11097dd304a0ce771527fd5c9237cfaf403	f71882dbc13a012686747a48debab11097dd304a0ce771527fd5c9237cfaf403	8603cdb25e3fea7389e15aa71f6f1fcd918a63f43d178adc3c2f22fa3d4a3e5e	0	false
widgets/tiles/org.eclipse.nebula.widgets.tiles/src/org/eclipse/nebula/widgets/tiles/DecoratorStringToString.java	6938cb4e9131613637c9c575bd923debe6834df576bbdab76f575dcef6a14c72	6938cb4e9131613637c9c575bd923debe6834df576bbdab76f575dcef6a14c72	6b56ce515435b33a2b0d9bc695fc0991eb8f640e6029a61706b7bbc2b4c5b800	2	false
widgets/tiles/org.eclipse.nebula.widgets.tiles/src/org/eclipse/nebula/widgets/tiles/Filter.java	36a9d373a584bfa538c3a14dd2e9e485208043aac20a5102731af774e63c2580	36a9d373a584bfa538c3a14dd2e9e485208043aac20a5102731af774e63c2580	f51ba9d0236605a87d95fb4363d97356be53fe80c36c1f7e27626f55e46cdc18	0	false
widgets/tiles/org.eclipse.nebula.widgets.tiles/src/org/eclipse/nebula/widgets/tiles/Frame.java	48bf47569d72f191a40c3c426338589efe91bfb5c064222ca29a774a63e2ad1e	48bf47569d72f191a40c3c426338589efe91bfb5c064222ca29a774a63e2ad1e	35adb4d507c55b80422c4dbbd006bf8ce2a21a436f25b91a7e2744bbd4f4e2c6	2	false
widgets/tiles/org.eclipse.nebula.widgets.tiles/src/org/eclipse/nebula/widgets/tiles/FrameDynamic.java	2b29a22e179664a6f06d2f931c29bcd7b129f3b89f7102d660897915939cb10f	2b29a22e179664a6f06d2f931c29bcd7b129f3b89f7102d660897915939cb10f	cc8ae4a82304c93ab0e5263edcafa8e4b844a61c0f1f7ff416afc63746c04acb	154	false
widgets/tiles/org.eclipse.nebula.widgets.tiles/src/org/eclipse/nebula/widgets/tiles/FrameStatic.java	4abf7b95ad846c1a2e117826692dcadc1624cbb669a20073105e3245cb114a6c	4abf7b95ad846c1a2e117826692dcadc1624cbb669a20073105e3245cb114a6c	e8026c5a8f1b619d7e08f8739d800dd64cbe05433145fbf7106f08a28f0d28ce	227	false
widgets/tiles/org.eclipse.nebula.widgets.tiles/src/org/eclipse/nebula/widgets/tiles/FrameTransitionFunction.java	a9f1f6ec062aabcdfa7f64c4b89520d364f816653756607401007ab953369a6a	a9f1f6ec062aabcdfa7f64c4b89520d364f816653756607401007ab953369a6a	3ecc349ca580f08505c033f89a4dd69a1ecc2b8dad462657e488016d027a084a	54	false
widgets/tiles/org.eclipse.nebula.widgets.tiles/src/org/eclipse/nebula/widgets/tiles/Gradient.java	68a83db86bf4ac75bb904453d9660bf20a66b3f875ab44b86713524524fabb98	68a83db86bf4ac75bb904453d9660bf20a66b3f875ab44b86713524524fabb98	f91821b412a9446f1b769831b27fe7a4ae193714ced9e36f678e9a8ffa1bb0d1	46	false
widgets/tiles/org.eclipse.nebula.widgets.tiles/src/org/eclipse/nebula/widgets/tiles/GradientGrayscale.java	41e2acae1dcdc95969e6c3219cfecb5a5e42e36c1e1d8a45081b4740a42606c0	41e2acae1dcdc95969e6c3219cfecb5a5e42e36c1e1d8a45081b4740a42606c0	6927a5e8fa63ef2ddeaa5604603df06c81c013e3f17e5bebba4c1239bb3be42e	13	false
widgets/tiles/org.eclipse.nebula.widgets.tiles/src/org/eclipse/nebula/widgets/tiles/GradientHeatscale.java	f1930c2559a84b8ed91bb138b5e03299884a0ee32bdbab637afa8f95471e349d	f1930c2559a84b8ed91bb138b5e03299884a0ee32bdbab637afa8f95471e349d	223919d145bc9dda14fc868a4229280bda411ec04a07134568d12cc9ffde1f96	13	false
widgets/tiles/org.eclipse.nebula.widgets.tiles/src/org/eclipse/nebula/widgets/tiles/ResizeListener.java	27de63cbe4be941d044829497216b7c723ddbc4c2816119a46e1da00cefcd4bb	27de63cbe4be941d044829497216b7c723ddbc4c2816119a46e1da00cefcd4bb	e527a4ab5d58a530a2f287343d9ee76f348198d149b9f9e4d4727a9458e78571	12	false
widgets/tiles/org.eclipse.nebula.widgets.tiles/src/org/eclipse/nebula/widgets/tiles/Tile.java	ef28da43a412f1af451b685f66db38132550dce85c392107f75cb605c30e259e	ef28da43a412f1af451b685f66db38132550dce85c392107f75cb605c30e259e	b766311e9829a1427a06210a55092ffccfd4c60c0e5c7be1e4c17531be687a61	14	false
widgets/tiles/org.eclipse.nebula.widgets.tiles/src/org/eclipse/nebula/widgets/tiles/TileAnimationSettings.java	63acd0f3d10ad80b47eb31cab7ffd8f021e35d5551913e902a02cfeadcbe24ce	63acd0f3d10ad80b47eb31cab7ffd8f021e35d5551913e902a02cfeadcbe24ce	2fd26b6e169bdec3c568f388ea3e84c0d198caf407efeaae86eb87693505c469	10	false
widgets/tiles/org.eclipse.nebula.widgets.tiles/src/org/eclipse/nebula/widgets/tiles/TileLayout.java	610029cd47bce84b76eedf6e1024d0c9b42dfa9f3c6fd834285713e125ffd2f2	610029cd47bce84b76eedf6e1024d0c9b42dfa9f3c6fd834285713e125ffd2f2	fd583266afd2f70815c9bddf2c0f2856c1806a59a443736f2c35164e0c2cd1a7	7	false
widgets/tiles/org.eclipse.nebula.widgets.tiles/src/org/eclipse/nebula/widgets/tiles/TileLayoutDynamic.java	8309de08e8964f629b1466113df1ea38c6ec8fdb1a01f9dc2cb87e2fe0c6c9a2	8309de08e8964f629b1466113df1ea38c6ec8fdb1a01f9dc2cb87e2fe0c6c9a2	642382e8baf5af6f25250662dee5713377405af8e55c70239a13f0809e65c26d	8	false
widgets/tiles/org.eclipse.nebula.widgets.tiles/src/org/eclipse/nebula/widgets/tiles/TileLayoutStatic.java	1c0309c15cb8fae92c05b2b946b34269064e3d1da9326fb8c19405b0903a3178	1c0309c15cb8fae92c05b2b946b34269064e3d1da9326fb8c19405b0903a3178	b5ecc2c81d771c392f9d9afcd994c66baa69113455d9b91e54eda537728094d1	8	false
widgets/tiles/org.eclipse.nebula.widgets.tiles/src/org/eclipse/nebula/widgets/tiles/Tiles.java	2c1d193b46a54ae59a53436cdf766f88dedd84478316cd267c2211cf097cefbd	2c1d193b46a54ae59a53436cdf766f88dedd84478316cd267c2211cf097cefbd	4aa3adde124bd7342e5460ba21d40e43d63ce6fb581d68e71af2306b41724a05	342	false
widgets/timeline/org.eclipse.nebula.widgets.timeline.example/src/org/eclipse/nebula/widgets/timeline/example/TimelineExampleTab.java	700b17467db567987a6ed6890288a5c514b64663b9968aab61d5d53c1de07913	700b17467db567987a6ed6890288a5c514b64663b9968aab61d5d53c1de07913	ccf4cb6f0a030ed80545bfc47f3cfe220ac8df4d83e43d0665737f8b0f4b6270	33	false
widgets/timeline/org.eclipse.nebula.widgets.timeline.snippets/src/org/eclipse/nebula/widgets/timeline/snippets/TimelineProgrammatic.java	d44c91445e2bf81d8db62310c682901a6188de2a6f4491d5ae0717af77e44e2c	d44c91445e2bf81d8db62310c682901a6188de2a6f4491d5ae0717af77e44e2c	0faf72badd9f03d1e791e05db70e5711bda3ced590c721bd67cc2a4a5dd1d84a	33	false
widgets/timeline/org.eclipse.nebula.widgets.timeline.snippets/src/org/eclipse/nebula/widgets/timeline/snippets/TimelineUsingContentProvider.java	c872ef0824dd7f1a0af86ed156e9a5c94f7f97160527bf33ad41474adb06cf8f	c872ef0824dd7f1a0af86ed156e9a5c94f7f97160527bf33ad41474adb06cf8f	4ec33d96889fd1465b59dd7e46d07540fee8d34ced1c37adcb8f8de866aa1ee7	59	false
widgets/timeline/org.eclipse.nebula.widgets.timeline.snippets/src/org/eclipse/nebula/widgets/timeline/snippets/TimelineUsingEMFModel.java	5ec2e7449939c8b68951cba87adf701bd376b9ff8be79335c348bd10f3c5730d	5ec2e7449939c8b68951cba87adf701bd376b9ff8be79335c348bd10f3c5730d	2303e455bbff8b4291cd7598d523837bb8aea92b9fec9193fc2821ace1609727	49	false
widgets/timeline/org.eclipse.nebula.widgets.timeline.tests/src-gen/org/eclipse/nebula/widgets/timeline/tests/ColoredTest.java	d0737fea0401bc6dc22cee259945daeb03ad8fdd93a1363dcaa85109d6f42f99	d0737fea0401bc6dc22cee259945daeb03ad8fdd93a1363dcaa85109d6f42f99	48ffe757274fdcd21b2d9e6797f055445270a05989354166bab2aadab8e15938	15	false
widgets/timeline/org.eclipse.nebula.widgets.timeline.tests/src-gen/org/eclipse/nebula/widgets/timeline/tests/CursorTest.java	8d1c3a395027555438243fb5ce5fb6a74541213ac7a62102b9d6bc1595d41e6b	8d1c3a395027555438243fb5ce5fb6a74541213ac7a62102b9d6bc1595d41e6b	0a9ad8364da38f351ea37214f1a54a5b2362de011a349c3830eb0c6a79e5093d	17	false
widgets/timeline/org.eclipse.nebula.widgets.timeline.tests/src-gen/org/eclipse/nebula/widgets/timeline/tests/LaneTest.java	bb3307fc33dbe4a9d21e946b87b5a9d05adc3e1a06befcf14ff22b8d9a395ac5	bb3307fc33dbe4a9d21e946b87b5a9d05adc3e1a06befcf14ff22b8d9a395ac5	fc0df36e921ea56d24947e6c9107f0856d963a9ecdce87e550f9d7e8138bd53b	26	false
widgets/timeline/org.eclipse.nebula.widgets.timeline.tests/src-gen/org/eclipse/nebula/widgets/timeline/tests/TimedTest.java	cc9f6c1e30f69605477e6069e5c71d61c27901a759cc1ad77058e76c7f52a534	cc9f6c1e30f69605477e6069e5c71d61c27901a759cc1ad77058e76c7f52a534	0f7f0b0fc1fbb7cba3c34886a096615fa51b73ad22901fbc24acbe5a51bdc224	8	false
widgets/timeline/org.eclipse.nebula.widgets.timeline.tests/src-gen/org/eclipse/nebula/widgets/timeline/tests/TimelineAllTests.java	6dbf3e5c9b552134b0ce8aa204801db9cc5eb642418887cfb32ffe0fbbaea495	6dbf3e5c9b552134b0ce8aa204801db9cc5eb642418887cfb32ffe0fbbaea495	ff08e760167a75ae559f973beae7b4e6643cdc2d444bac937c4bf6ab9ad7ee88	8	false
widgets/timeline/org.eclipse.nebula.widgets.timeline.tests/src-gen/org/eclipse/nebula/widgets/timeline/tests/TimelineEventTest.java	c13c7539118d39fa0cabe2730f9995e5aebd51d74f363d33287e99dea9643499	c13c7539118d39fa0cabe2730f9995e5aebd51d74f363d33287e99dea9643499	6266ef10d75b0978f17c86ef6be5a771ae1ddede5fca6efce1fcddf5da3f2296	32	false
widgets/timeline/org.eclipse.nebula.widgets.timeline.tests/src-gen/org/eclipse/nebula/widgets/timeline/tests/TimelineTest.java	9218b6e44b8d084ea52cefe6e1c87f0be2834aaf4882b127d94f872177271bde	9218b6e44b8d084ea52cefe6e1c87f0be2834aaf4882b127d94f872177271bde	c8b30a9d0fb9ef619531b398c7d1336231fe285607b65f088dffe196a9f730c7	27	false
widgets/timeline/org.eclipse.nebula.widgets.timeline.tests/src-gen/org/eclipse/nebula/widgets/timeline/tests/TimelineTests.java	ceec368626a21a73b34e2fd0a8425e541815d33293ff9c8f891daaee43995bb8	ceec368626a21a73b34e2fd0a8425e541815d33293ff9c8f891daaee43995bb8	612f18bb6e185629fea6ddf24b314996ef3797dad8656005eef2cb42d006b6f5	12	false
widgets/timeline/org.eclipse.nebula.widgets.timeline.tests/src-gen/org/eclipse/nebula/widgets/timeline/tests/TrackTest.java	906fd7f4c0453f6a738f0b1d078d9fb01edf0b740217f093e672733b5bb99765	906fd7f4c0453f6a738f0b1d078d9fb01edf0b740217f093e672733b5bb99765	25b9a1e5d2a97c1a613ee8b7881aadf4bd0fc4f2936f583fca00db8f1cd7dcb8	16	false
widgets/timeline/org.eclipse.nebula.widgets.timeline.tests/src/org/eclipse/nebula/widgets/timeline/TimingTest.java	bc368250cea65e4cf2b07bd76451757adc8a3cfed6057e0258bfa6f48d015b7c	bc368250cea65e4cf2b07bd76451757adc8a3cfed6057e0258bfa6f48d015b7c	dfa261b3fd16b683ec3d14ff3373a026220f82843f12e2732fa6146e9d20a4be	37	false
widgets/timeline/org.eclipse.nebula.widgets.timeline/src-gen/org/eclipse/nebula/widgets/timeline/IColored.java	58e1d0317b5148175a06cfa6471ac5b450ece4e8f9e176923e128c8acf66da82	58e1d0317b5148175a06cfa6471ac5b450ece4e8f9e176923e128c8acf66da82	e2666a57851f9df5ac47e28d46c63e4459f90dc319f37322ee172db4ed81efcf	0	false
widgets/timeline/org.eclipse.nebula.widgets.timeline/src-gen/org/eclipse/nebula/widgets/timeline/ICursor.java	3445abc9a93cd4815c4efacee37e2a65a138da687ec16f26f105e7e7fe25c324	3445abc9a93cd4815c4efacee37e2a65a138da687ec16f26f105e7e7fe25c324	6e1d8986e4d542f200e742bb6517387a6e30a911bd8eaf7de0f1ea7060688f85	0	false
widgets/timeline/org.eclipse.nebula.widgets.timeline/src-gen/org/eclipse/nebula/widgets/timeline/ILane.java	27b79e6ad61ce4dc6f0f571f042186ded69049fe4778f75a9a35c4b5e132c469	27b79e6ad61ce4dc6f0f571f042186ded69049fe4778f75a9a35c4b5e132c469	aa7d135d183a043c23bb97450052794ef430b2ad11c45f30c02ea6fa38e22fe7	0	false
widgets/timeline/org.eclipse.nebula.widgets.timeline/src-gen/org/eclipse/nebula/widgets/timeline/ITimed.java	23716e50dce3c1c4583f4a36fe3f0bb96b0a33dc16516e65b9fdf6d57132a6ef	23716e50dce3c1c4583f4a36fe3f0bb96b0a33dc16516e65b9fdf6d57132a6ef	343545094ebc606c857011189be4f73656e097bb4fbacf6076a292bb434c9c40	0	false
widgets/timeline/org.eclipse.nebula.widgets.timeline/src-gen/org/eclipse/nebula/widgets/timeline/ITimeline.java	5656c4b5a7d3aaab3693666fc175596b839a664e95c685339a02a580058b9a57	5656c4b5a7d3aaab3693666fc175596b839a664e95c685339a02a580058b9a57	c5445d44b72f4dca850994790380bbb7da7b104d043f91d4210f702b038d0522	0	false
widgets/timeline/org.eclipse.nebula.widgets.timeline/src-gen/org/eclipse/nebula/widgets/timeline/ITimelineEvent.java	99b5e95135e42aabd6a31cdea06a152ae4f3c37665f891c0b134f8eaaa921d86	99b5e95135e42aabd6a31cdea06a152ae4f3c37665f891c0b134f8eaaa921d86	cf90ed00c80b905e2fc956b801fd8b72f484c24a58f9e21f2deb9904a89b3213	0	false
widgets/timeline/org.eclipse.nebula.widgets.timeline/src-gen/org/eclipse/nebula/widgets/timeline/ITimelineFactory.java	45988f3d8672e26f6fbf076b6faf51a6fe3b3ad4e9b57f3264f58426b392cc83	45988f3d8672e26f6fbf076b6faf51a6fe3b3ad4e9b57f3264f58426b392cc83	23ffa639ce5dfd1d389d6b2751ed8378434d212dc70b80eab7aed004e4887b20	0	false
widgets/timeline/org.eclipse.nebula.widgets.timeline/src-gen/org/eclipse/nebula/widgets/timeline/ITimelinePackage.java	7386f4aaa1eea50e3f629d3973a28f9879e38d5402edcd9851b4884e9c70237e	7386f4aaa1eea50e3f629d3973a28f9879e38d5402edcd9851b4884e9c70237e	3cb02aca2bdcd7374a61b1a27086842e13d84c4480ae399f74ee842ee26a1895	0	false
widgets/timeline/org.eclipse.nebula.widgets.timeline/src-gen/org/eclipse/nebula/widgets/timeline/ITrack.java	4e4e5fe0064e2c539fb3138572bcce0e1e303c7688f4152c2f6c719ccfcf7ba1	4e4e5fe0064e2c539fb3138572bcce0e1e303c7688f4152c2f6c719ccfcf7ba1	e13e03d309e29ad45908f3e3ca17f777441cf7c6a2b08b070c6cb110a3c9b1f5	0	false
widgets/timeline/org.eclipse.nebula.widgets.timeline/src-gen/org/eclipse/nebula/widgets/timeline/impl/Colored.java	81b10f3c4630e7483dca22fe26b265a7ae8a1f4f2348a250e1db2bc7e57b7f77	81b10f3c4630e7483dca22fe26b265a7ae8a1f4f2348a250e1db2bc7e57b7f77	435f9d17026286fd32564411c18452426f2e762f24143d8130a5155bfdb308a9	71	false
widgets/timeline/org.eclipse.nebula.widgets.timeline/src-gen/org/eclipse/nebula/widgets/timeline/impl/Cursor.java	5fb70cfc885b3fb8e9f0120c22cafc53ecbbea6e50127728cc44facc92b865b0	5fb70cfc885b3fb8e9f0120c22cafc53ecbbea6e50127728cc44facc92b865b0	2150ec81cc3bd8ba982dbe491d5abef1f7b3bfc17c69e3c7bf1de810b6c9600f	114	false
widgets/timeline/org.eclipse.nebula.widgets.timeline/src-gen/org/eclipse/nebula/widgets/timeline/impl/Lane.java	ff3415725d2aa6cba3acacd48d95662cd42fb062005167dbab7bd600650e308a	ff3415725d2aa6cba3acacd48d95662cd42fb062005167dbab7bd600650e308a	d98ec94c37d2c6c9c2ec116394eb4280d5651d8a96381a36c5120acb5bd6abdf	117	false
widgets/timeline/org.eclipse.nebula.widgets.timeline/src-gen/org/eclipse/nebula/widgets/timeline/impl/Timeline.java	f616da176d10858988e49a2261db9d3c79a63f70a2ef6a5bfd7778055c31fe29	f616da176d10858988e49a2261db9d3c79a63f70a2ef6a5bfd7778055c31fe29	2e2449d63e7ec28ba47a363465c5398bf607847a0e3c57f446aeab5173ceab08	122	false
widgets/timeline/org.eclipse.nebula.widgets.timeline/src-gen/org/eclipse/nebula/widgets/timeline/impl/TimelineEvent.java	e05f518ec79123dc341356ef794e60fd8f17d60b3bb20e83cee5c749ff194cad	e05f518ec79123dc341356ef794e60fd8f17d60b3bb20e83cee5c749ff194cad	e8025bad17c20f22d4c31c7afab4d6afc0f5399145631a204d2f3d85fa3f90e3	195	false
widgets/timeline/org.eclipse.nebula.widgets.timeline/src-gen/org/eclipse/nebula/widgets/timeline/impl/TimelineFactory.java	8d8f81f4f5fc900a5c7467e5772c7c0ab35868cfee6d091267fd6e20e818ce10	8d8f81f4f5fc900a5c7467e5772c7c0ab35868cfee6d091267fd6e20e818ce10	72041417dc0420686bada173cc59347c114dd6ae94598f304f02747fc680ade2	72	false
widgets/timeline/org.eclipse.nebula.widgets.timeline/src-gen/org/eclipse/nebula/widgets/timeline/impl/TimelinePackage.java	e629ddd8a8f10efa96c5f70753f7db7a6772bb4ebd81016cc2acea5db334bbeb	e629ddd8a8f10efa96c5f70753f7db7a6772bb4ebd81016cc2acea5db334bbeb	023c497f0499b8ff440922b3c51ecfb5bc33cf469de3f3b68a066f69c8d3021e	210	false
widgets/timeline/org.eclipse.nebula.widgets.timeline/src-gen/org/eclipse/nebula/widgets/timeline/impl/Track.java	e3bb4d9816c04500b96d3eb66491c2b3c4c847f09eda58b25f1a33ede0a4693a	e3bb4d9816c04500b96d3eb66491c2b3c4c847f09eda58b25f1a33ede0a4693a	4045cf28ce965c9a12acbbc7e91badbde7cf939b3da9e809a5a04ea32e15b504	129	false
widgets/timeline/org.eclipse.nebula.widgets.timeline/src-gen/org/eclipse/nebula/widgets/timeline/util/TimelineAdapterFactory.java	ebfcd092af825b5b8fecfcf4d81b7d4bab792faab97ed4d946c8b4175f6d0007	ebfcd092af825b5b8fecfcf4d81b7d4bab792faab97ed4d946c8b4175f6d0007	52c8d597ddd477bcb4b365d75cf72934fdc74b45dea841b6f03fbcc9d407e49c	46	false
widgets/timeline/org.eclipse.nebula.widgets.timeline/src-gen/org/eclipse/nebula/widgets/timeline/util/TimelineSwitch.java	d8f830b4e1f293de061c7e1e5f572c4a4c1afedef4557bc19b1d956afb503212	d8f830b4e1f293de061c7e1e5f572c4a4c1afedef4557bc19b1d956afb503212	d86540c46393494d36bcda75d0a32f569c372f577a4f6f2648e86d5a95374a10	95	false
widgets/timeline/org.eclipse.nebula.widgets.timeline/src/org/eclipse/nebula/widgets/timeline/TimeBaseConverter.java	254f0e1f97cf62c123742e68868ae19f510624799d4fa834cbcdfc7c367150d6	254f0e1f97cf62c123742e68868ae19f510624799d4fa834cbcdfc7c367150d6	12ca2d4bfedc1902cf518669e5038bdb5579e9beef3d71f9cb220beebd1d72fb	105	false
widgets/timeline/org.eclipse.nebula.widgets.timeline/src/org/eclipse/nebula/widgets/timeline/TimelineComposite.java	907eb3808602a340f89cdf17d2c002ff1cbd725eaf21f8d452048616e78fbe90	907eb3808602a340f89cdf17d2c002ff1cbd725eaf21f8d452048616e78fbe90	a38aea726676c6b2418b167abccb59067aa68a176c9e26ffb19cd4dd312b0eda	21	false
widgets/timeline/org.eclipse.nebula.widgets.timeline/src/org/eclipse/nebula/widgets/timeline/TimelineDataBinding.java	7fd1da7af936cc90c92d3bece663c9f285781440a7ff149fba69826a0c233577	7fd1da7af936cc90c92d3bece663c9f285781440a7ff149fba69826a0c233577	8e9b7ea925104ec6d92551c6d61cdce4f6867ea1051366f8ed7883bec1376526	146	false
widgets/timeline/org.eclipse.nebula.widgets.timeline/src/org/eclipse/nebula/widgets/timeline/Timing.java	f33efea091ef1f8950affc28f2b3a0114daf3596c877276cf1b2ebeb7aa2111e	f33efea091ef1f8950affc28f2b3a0114daf3596c877276cf1b2ebeb7aa2111e	0584215d304703732ccb793000eaf2d2979201184f5467915786d13f67c26cf2	29	false
widgets/timeline/org.eclipse.nebula.widgets.timeline/src/org/eclipse/nebula/widgets/timeline/borders/EmptyBorder.java	6562f6d9f5e60ac0486a6b25cf6272ea2b1c360c7cb44f926dff0af897cddbd1	6562f6d9f5e60ac0486a6b25cf6272ea2b1c360c7cb44f926dff0af897cddbd1	86717aad5caca887ba54b772a8762014d38628ce7405ab9cb060319a9af17542	7	false
widgets/timeline/org.eclipse.nebula.widgets.timeline/src/org/eclipse/nebula/widgets/timeline/borders/LeftRightBorder.java	45d20dd9168103bfe150644802ee7804909fd88d7b069908a3380ee2604ee6b6	45d20dd9168103bfe150644802ee7804909fd88d7b069908a3380ee2604ee6b6	de1f08c604f7ecd749968d2fac6edd0273ad6634479009ec81c50e0d870c8256	24	false
widgets/timeline/org.eclipse.nebula.widgets.timeline/src/org/eclipse/nebula/widgets/timeline/borders/RoundedRectangleBorder.java	8cd575f2de5e585ecae8aa0f3dec912d658de91c5c3e1d5701060392bc8a313d	8cd575f2de5e585ecae8aa0f3dec912d658de91c5c3e1d5701060392bc8a313d	83cbd5cc72806780d5a55b0a3fa613488e994c0a3d3ef4f80733f9400ef0e290	18	false
widgets/timeline/org.eclipse.nebula.widgets.timeline/src/org/eclipse/nebula/widgets/timeline/borders/TrackBorder.java	702fccf6c63514233d1a93bb02862e994b98ef8405f53a8594234b1a1a1e9fd7	702fccf6c63514233d1a93bb02862e994b98ef8405f53a8594234b1a1a1e9fd7	c1dc016545ad4ddff3f068431aa290177f9e9e705366ca3d1e1759b3ffb412db	31	false
widgets/timeline/org.eclipse.nebula.widgets.timeline/src/org/eclipse/nebula/widgets/timeline/figures/IStyledFigure.java	304b66ad4cf7b25a3feef3cc0100154207c43df6ab674403cf3da496bfd063fa	304b66ad4cf7b25a3feef3cc0100154207c43df6ab674403cf3da496bfd063fa	41dd5a1047f5b7a7323bfe07abaf94369198b1d8bf39db7869674db91c57902b	0	false
widgets/timeline/org.eclipse.nebula.widgets.timeline/src/org/eclipse/nebula/widgets/timeline/figures/RootFigure.java	c92c51ab94927c50d42e8180f42c353b037d9a4860b569134c519c73c61f5d51	c92c51ab94927c50d42e8180f42c353b037d9a4860b569134c519c73c61f5d51	0a50921a5301d8484952da06e12596c2770cec5605825d66a06ff11b6c3b030f	215	false
widgets/timeline/org.eclipse.nebula.widgets.timeline/src/org/eclipse/nebula/widgets/timeline/figures/detail/DetailFigure.java	69cd06c48ee21ddc4bc0647b25a7b1e34724dc05b02d13e9af569f102cca7592	69cd06c48ee21ddc4bc0647b25a7b1e34724dc05b02d13e9af569f102cca7592	1996ec8b16b55d25f2d116aceffd5dce07b99108cd83973e3c71d7c5524dc9fb	39	false
widgets/timeline/org.eclipse.nebula.widgets.timeline/src/org/eclipse/nebula/widgets/timeline/figures/detail/TimeAxisFigure.java	0fa723d13184bee765dbcaee1b9f43e6685868d57a674d6b8cd84d31c9e1dabf	0fa723d13184bee765dbcaee1b9f43e6685868d57a674d6b8cd84d31c9e1dabf	8c17c0b27807ac74598302a3ea4d8c345fccef8e5303469890b6954d7380a81c	25	false
widgets/timeline/org.eclipse.nebula.widgets.timeline/src/org/eclipse/nebula/widgets/timeline/figures/detail/cursor/CursorFigure.java	d0ff2ecd3d6ae6005348103c199361f4ed8be19c5c5526dfbae69c8ac8527e32	d0ff2ecd3d6ae6005348103c199361f4ed8be19c5c5526dfbae69c8ac8527e32	ef0dde0bc652a6c97bdb99593533955c75f5141495b76fb3f2ffce4490f2f767	34	false
widgets/timeline/org.eclipse.nebula.widgets.timeline/src/org/eclipse/nebula/widgets/timeline/figures/detail/cursor/CursorLayer.java	037fe302463eec7ed8282ce902735e4d10b7e0ab2e05e90a9ee0ee5e514fcad0	037fe302463eec7ed8282ce902735e4d10b7e0ab2e05e90a9ee0ee5e514fcad0	17b27ce35aa76beecdcb22feeed1ee724cf679cb835a78dd25cc79b452272369	14	false
widgets/timeline/org.eclipse.nebula.widgets.timeline/src/org/eclipse/nebula/widgets/timeline/figures/detail/cursor/CursorTimingsLayer.java	32df47e6eb52b692e757796162042b518a38912949c7b243633f0763cc444430	32df47e6eb52b692e757796162042b518a38912949c7b243633f0763cc444430	8df90c75e6b07fce5efcee4393454ddb495fc9f48f1ee891fb9904d6490570c2	124	false
widgets/timeline/org.eclipse.nebula.widgets.timeline/src/org/eclipse/nebula/widgets/timeline/figures/detail/track/GridLayer.java	5a4308fa36f4b33e0ee2a6eba08cf3cac27d735b24e262e9774512631b1cbc47	5a4308fa36f4b33e0ee2a6eba08cf3cac27d735b24e262e9774512631b1cbc47	fc3df32ae7f4ca5602ad8f333181b09e21636d5de51b6e68afd1b82e689a86f6	18	false
widgets/timeline/org.eclipse.nebula.widgets.timeline/src/org/eclipse/nebula/widgets/timeline/figures/detail/track/TrackFigure.java	814df55ec8fb29105ff8b063e77edc4578cc10c33a72364e8f952eeca2a5f1d7	814df55ec8fb29105ff8b063e77edc4578cc10c33a72364e8f952eeca2a5f1d7	b53db10f6d0f7718da4feb5d2b27a47c24bcd59e90ec77238ae3b7df0bdceeb0	11	false
widgets/timeline/org.eclipse.nebula.widgets.timeline/src/org/eclipse/nebula/widgets/timeline/figures/detail/track/TracksFigure.java	48ac9c6226240b605f2f4a67edeaea45fa2ce1aeaef4505c1a7126a047a25420	48ac9c6226240b605f2f4a67edeaea45fa2ce1aeaef4505c1a7126a047a25420	bcc109bc8fff53f6175d6b36701055d9af79601772ebdb77730a59b0daa88861	8	false
widgets/timeline/org.eclipse.nebula.widgets.timeline/src/org/eclipse/nebula/widgets/timeline/figures/detail/track/TracksLayer.java	0311eeb9f209a17714b1858ebf3d864d1a391cd670d8241b0370986cfeddfb5d	0311eeb9f209a17714b1858ebf3d864d1a391cd670d8241b0370986cfeddfb5d	2215bf96883f9e7f9c6ebde1325bda5b4489fefe70562e4bd030933f82b084b6	9	false
widgets/timeline/org.eclipse.nebula.widgets.timeline/src/org/eclipse/nebula/widgets/timeline/figures/detail/track/lane/EventFigure.java	d5326df130d94eeaf5a1873f3ec755c91d6a9f7aac8d1ec6feb5bb85e8a37f42	d5326df130d94eeaf5a1873f3ec755c91d6a9f7aac8d1ec6feb5bb85e8a37f42	4117295227e7573f78033abe26711ccd80a3823c9049e96fb05ad932a53282a6	50	false
widgets/timeline/org.eclipse.nebula.widgets.timeline/src/org/eclipse/nebula/widgets/timeline/figures/detail/track/lane/EventTooltip.java	20f92c7a223daf534add6d2f735889205c7bd22e2043478444f9bf2872976b80	20f92c7a223daf534add6d2f735889205c7bd22e2043478444f9bf2872976b80	bb3c7fe8cd49bc5d6f1ea182f5000cfcbbdf13a3deb8077cbc353399c8e28691	12	false
widgets/timeline/org.eclipse.nebula.widgets.timeline/src/org/eclipse/nebula/widgets/timeline/figures/detail/track/lane/LaneFigure.java	019db72dabf62b219706ad52d5aee47aeefe903ababfc91486374a90bad537bb	019db72dabf62b219706ad52d5aee47aeefe903ababfc91486374a90bad537bb	665f341082a031f6bac6cf52afbea316cf0f9d4e8d457bfe9e67d24868147287	53	false
widgets/timeline/org.eclipse.nebula.widgets.timeline/src/org/eclipse/nebula/widgets/timeline/figures/overview/OverviewCursorFigure.java	2a867b74bc2dd1d307fbcd9bb0723c3ba73b2b9116b3227a92cc18b0a3be6111	2a867b74bc2dd1d307fbcd9bb0723c3ba73b2b9116b3227a92cc18b0a3be6111	6a3be08ce798e9d070eb0a7def62edfd555389cc0c35e74dc8874e7cee8d3519	9	false
widgets/timeline/org.eclipse.nebula.widgets.timeline/src/org/eclipse/nebula/widgets/timeline/figures/overview/OverviewCursorLayer.java	0de56566189e3a524f22261486a1f3d4a36c7aff0235be1d09d2dc7cad7efe19	0de56566189e3a524f22261486a1f3d4a36c7aff0235be1d09d2dc7cad7efe19	3ad91f2be6977fe536e010d9b74f7fe7e8351bd131de14ad507c2c9a34233eaf	11	false
widgets/timeline/org.eclipse.nebula.widgets.timeline/src/org/eclipse/nebula/widgets/timeline/figures/overview/OverviewEventFigure.java	7b3271ad547ba0a0ab62924cc784f2d333313cf7d35e514778def176438255bf	7b3271ad547ba0a0ab62924cc784f2d333313cf7d35e514778def176438255bf	3b38eec239285646595179b16e11a8edf53eee2ad1d7db671d01e20869e00b28	5	false
widgets/timeline/org.eclipse.nebula.widgets.timeline/src/org/eclipse/nebula/widgets/timeline/figures/overview/OverviewEventLayer.java	f5598bed836cb5fd39f8f1c70ae2b4d6ae09a55396c56e7ec2556862de0c8ceb	f5598bed836cb5fd39f8f1c70ae2b4d6ae09a55396c56e7ec2556862de0c8ceb	a3539c4fc0b3a51004a8fb841f217142f020f008286c9c2e17cab2423cebfad2	24	false
widgets/timeline/org.eclipse.nebula.widgets.timeline/src/org/eclipse/nebula/widgets/timeline/figures/overview/OverviewFigure.java	facb51fddb439597442b4f18eb23c8f1c69f8bce486e6419a02f3bf30026dbc5	facb51fddb439597442b4f18eb23c8f1c69f8bce486e6419a02f3bf30026dbc5	35cde2766b257af2b267fadaaf1240d4403aad971239c68f4c1fd25c40e7d4cc	22	false
widgets/timeline/org.eclipse.nebula.widgets.timeline/src/org/eclipse/nebula/widgets/timeline/figures/overview/OverviewSelectionFigure.java	841aa5a0fd28d23f3e9d1f855d533efabc272f399933f5e5864a86cc6b81ad25	841aa5a0fd28d23f3e9d1f855d533efabc272f399933f5e5864a86cc6b81ad25	1c6e5884d7e326d2015884712f4d5ad8615da1da84ec66bbd6742dbc0227171b	7	false
widgets/timeline/org.eclipse.nebula.widgets.timeline/src/org/eclipse/nebula/widgets/timeline/figures/overview/OverviewSelectionLayer.java	e08900f184c5ec3a41f5318c12d20276df49a256b2a72067c3f92efe7c205bf0	e08900f184c5ec3a41f5318c12d20276df49a256b2a72067c3f92efe7c205bf0	9c3552650438a9180ad45a88bfdb1c628d87eff2f71dde1db5fd0798e8188d55	16	false
widgets/timeline/org.eclipse.nebula.widgets.timeline/src/org/eclipse/nebula/widgets/timeline/jface/DefaultTimelineContentProvider.java	697c8d456103d4be9d5d7157bb36b9748ea00b3ed75ce50ee001c1d3248cadef	697c8d456103d4be9d5d7157bb36b9748ea00b3ed75ce50ee001c1d3248cadef	42f39047842e3b8d36adc7273c80289eefe9b8783dd1f499eb4ec6c881724c3a	16	false
widgets/timeline/org.eclipse.nebula.widgets.timeline/src/org/eclipse/nebula/widgets/timeline/jface/DefaultTimelineLabelProvider.java	319a1e3421746e6a0aed27a32370a77301273a770ca5a3c375a05e8b700d5ab5	319a1e3421746e6a0aed27a32370a77301273a770ca5a3c375a05e8b700d5ab5	bc9c6580754208c3a5149add8396a9a4da1abe6cb8a471b31676f624b5c09650	25	false
widgets/timeline/org.eclipse.nebula.widgets.timeline/src/org/eclipse/nebula/widgets/timeline/jface/DefaultTimelineStyleProvider.java	ba1359f96c7c0ddff30684ee7ec5ce6d51a05c41196e09ea078342143801be55	ba1359f96c7c0ddff30684ee7ec5ce6d51a05c41196e09ea078342143801be55	5c3703392cdc94cd08e7ffad0c9327ca914063e758f56dcdc72a4d48dbccdc55	109	false
widgets/timeline/org.eclipse.nebula.widgets.timeline/src/org/eclipse/nebula/widgets/timeline/jface/ITimelineContentProvider.java	6eb9acaddef2648487e5f2e44cfb12964a8c507ca12686fc450fac1affc08181	6eb9acaddef2648487e5f2e44cfb12964a8c507ca12686fc450fac1affc08181	8b0dd089e780c59dba46674719175d0fad82f38136eaeb022953e050f90b85fa	0	false
widgets/timeline/org.eclipse.nebula.widgets.timeline/src/org/eclipse/nebula/widgets/timeline/jface/ITimelineLabelProvider.java	b5b3ec2da2b9761315bb30b2b22878d311bdc1a15b673bcbf689b04e4b09a94c	b5b3ec2da2b9761315bb30b2b22878d311bdc1a15b673bcbf689b04e4b09a94c	ab9cbff8d9673fa00521da08b0603dfee66fdcf467be9a1a073dce6152bb89cc	0	false
widgets/timeline/org.eclipse.nebula.widgets.timeline/src/org/eclipse/nebula/widgets/timeline/jface/ITimelineStyleProvider.java	5156c116164e5dc83a01904a0fadf89f90ac29afe916dba7cf4e23d57cba093a	5156c116164e5dc83a01904a0fadf89f90ac29afe916dba7cf4e23d57cba093a	3ddf0be9f94520f02a1fafe0d148b2f4e5806736b7882d5095eb2691f0774212	1	false
widgets/timeline/org.eclipse.nebula.widgets.timeline/src/org/eclipse/nebula/widgets/timeline/jface/TimelineViewer.java	715498f13b04b001870682b8df8cf823ca8052d0d1cc9debeb95f40a90c5f4c8	715498f13b04b001870682b8df8cf823ca8052d0d1cc9debeb95f40a90c5f4c8	2f5da227a959bc5f0d3f0d5554ecc7d447907cd6c92668c8a50fda714bfc8ce5	249	false
widgets/timeline/org.eclipse.nebula.widgets.timeline/src/org/eclipse/nebula/widgets/timeline/layouts/CenterLayout.java	113a375bb2646b715cc6cf31e1dd9300a0c872e9df92328ed62cf985594d2cfd	113a375bb2646b715cc6cf31e1dd9300a0c872e9df92328ed62cf985594d2cfd	9611bada9a5d127f69c51fbbc64ffddeb6172cbe734a04f871c262a853ce5c33	13	false
widgets/timeline/org.eclipse.nebula.widgets.timeline/src/org/eclipse/nebula/widgets/timeline/listeners/CursorMover.java	ed65d40c1d4431d0f7ab9efaa5e37659512bb54ca0622328de734ef1530411b7	ed65d40c1d4431d0f7ab9efaa5e37659512bb54ca0622328de734ef1530411b7	6a0202dc1d813d2ebe62fcdd2843edf4009f646673e7bb9d276418b83862e937	87	false
widgets/timeline/org.eclipse.nebula.widgets.timeline/src/org/eclipse/nebula/widgets/timeline/listeners/DetailAreaListener.java	9f65db83f44d7d90e14e0f7be17a934ddc17e03e92d4c122e17706f1325038c4	9f65db83f44d7d90e14e0f7be17a934ddc17e03e92d4c122e17706f1325038c4	7115e0798fb179a4cfbfc65b0d523227501895dd732294883b30fe7f884e530a	36	false
widgets/timeline/org.eclipse.nebula.widgets.timeline/src/org/eclipse/nebula/widgets/timeline/listeners/ICursorListener.java	41405c30d61b5d3d07278295fd1e508a83147f80711e0101f775aa205b9ae022	41405c30d61b5d3d07278295fd1e508a83147f80711e0101f775aa205b9ae022	12c1ddd7c58bc5c7c80f77eca7dd789ed36e267505d9f381fb3819c1b456f49b	0	false
widgets/timeline/org.eclipse.nebula.widgets.timeline/src/org/eclipse/nebula/widgets/timeline/listeners/OverviewSelectionMover.java	6ab83fab5bead8357dcd957f6fc2fb03e4960361008170ab437c00d7ec6b74f8	6ab83fab5bead8357dcd957f6fc2fb03e4960361008170ab437c00d7ec6b74f8	fa33a4a3cf9474491cd398a5b7a3e3c6b4c58ee15080ad99763860797a80d857	26	false
widgets/timeline/org.eclipse.nebula.widgets.timeline/src/org/eclipse/nebula/widgets/timeline/listeners/OverviewSelector.java	accecd2e86e7862c2013b03171937a820e75e857debafed635f22bf0644e3726	accecd2e86e7862c2013b03171937a820e75e857debafed635f22bf0644e3726	3fb529bf67a91925eef6ba603ccb5937238e7a802106aa0ccc5ff0635da653e0	10	false
widgets/timeline/org.eclipse.nebula.widgets.timeline/src/org/eclipse/nebula/widgets/timeline/listeners/TimelineScaler.java	584d508b931c76692177faeeab4edffcf8b027a0e8e4cc3239717ce0b06bb99d	584d508b931c76692177faeeab4edffcf8b027a0e8e4cc3239717ce0b06bb99d	7bf7a8e957410d3a761c16ee1a886e44d952f15f068b47b14c8cd349d32e4f2d	8	false
widgets/treemapper/org.eclipse.nebula.widgets.treemapper.examples/src/org/eclipse/nebula/widgets/treemapper/examples/DOMLabelProvider.java	563b44c4cfe13d5f48e2ee55291db16c984daf7b37e73db7561038369024bb98	563b44c4cfe13d5f48e2ee55291db16c984daf7b37e73db7561038369024bb98	44c15421c92544c42bbb2a92cce42e519777b09f437f6e4e2710052717b75f5d	5	false
widgets/treemapper/org.eclipse.nebula.widgets.treemapper.examples/src/org/eclipse/nebula/widgets/treemapper/examples/DOMSemanticTreeMapperSupport.java	48261eb3c369286ad6e38779daf9d598522037b1dd0fa89f2047d2483dc255b5	48261eb3c369286ad6e38779daf9d598522037b1dd0fa89f2047d2483dc255b5	7636422fd306f11256027f548747fedca44598f645143a4e6bbac0ce7cded5cf	11	false
widgets/treemapper/org.eclipse.nebula.widgets.treemapper.examples/src/org/eclipse/nebula/widgets/treemapper/examples/DOMTreeContentProvider.java	76bedfbdae47731c232eb0f9edcb1f3d2dab150e8285bb7e1c14596bacca6f63	76bedfbdae47731c232eb0f9edcb1f3d2dab150e8285bb7e1c14596bacca6f63	ed69f3756a98bab525d81e87568b6c9dbbe103101840f4360849452e6432cd4d	34	false
widgets/treemapper/org.eclipse.nebula.widgets.treemapper.examples/src/org/eclipse/nebula/widgets/treemapper/examples/TreeMapperExampleTab.java	fd4ca758565e256a5b702084cf392000e1e492a7bcf94fd5fabdc3a1c1104a88	fd4ca758565e256a5b702084cf392000e1e492a7bcf94fd5fabdc3a1c1104a88	b269edb8a5d01edd555c84082ab6fa02bda126bc894912a98acd8f23a8057843	30	false
widgets/treemapper/org.eclipse.nebula.widgets.treemapper.examples/src/org/eclipse/nebula/widgets/treemapper/examples/XMLNodesComparator.java	a1acc05267cd590c5d09571007168943b6ada369bb85244405f6f39a8174321b	a1acc05267cd590c5d09571007168943b6ada369bb85244405f6f39a8174321b	86e7cb9172e78393cc64e747970d7a1b502df57504e6a8658735168db8681238	22	false
widgets/treemapper/org.eclipse.nebula.widgets.treemapper.tests/src/org/eclipse/nebula/widgets/treemapper/tests/Activator.java	1dfc08fa90dadbb1e3a7551083db2b961ca4c105421e755cc9913d6db6788d1a	1dfc08fa90dadbb1e3a7551083db2b961ca4c105421e755cc9913d6db6788d1a	97e351e694ae6264cf2d896b4f5e09ff06b531fc3db275b77a6acdef43bfab62	10	false
widgets/treemapper/org.eclipse.nebula.widgets.treemapper.tests/src/org/eclipse/nebula/widgets/treemapper/tests/ArrayTreeContentProvider.java	f75875c341876b859d21de8fdc97b30bf8c64a458c2dc31a78efc5df093e9b71	f75875c341876b859d21de8fdc97b30bf8c64a458c2dc31a78efc5df093e9b71	0cefe3053da76467f82e4cb797d8e4cc7474ae46883321ee5fe7bd8af803f57a	10	false
widgets/treemapper/org.eclipse.nebula.widgets.treemapper.tests/src/org/eclipse/nebula/widgets/treemapper/tests/ObjectSemanticSupport.java	15f51761ecd4c7c85f9a291538f4f8aa31d903347f73455ef53603d6497af73d	15f51761ecd4c7c85f9a291538f4f8aa31d903347f73455ef53603d6497af73d	285cd0ecf37a4932c16cd79f80f19c84dbb02d310086ab332db8610e0b51bc24	8	false
widgets/treemapper/org.eclipse.nebula.widgets.treemapper.tests/src/org/eclipse/nebula/widgets/treemapper/tests/ProgrammaticTest.java	e8238d871118590d074756ec2290381fa9bb89f93df34c794c0fa40fd7a5f6ed	e8238d871118590d074756ec2290381fa9bb89f93df34c794c0fa40fd7a5f6ed	a0a3b4e764548db37c6abe531628952ffbc330ec6436c082f7097eb4d553b00b	23	false
widgets/treemapper/org.eclipse.nebula.widgets.treemapper/src/org/eclipse/nebula/widgets/treemapper/INewMappingListener.java	05c8b81f5bc2a9c97142ad492bc7152dc4241fed2e4abb522548f15f22d9db79	05c8b81f5bc2a9c97142ad492bc7152dc4241fed2e4abb522548f15f22d9db79	be55ca9f7adbac7d677969869170acb02f619266200171e4f0462858de782368	0	false
widgets/treemapper/org.eclipse.nebula.widgets.treemapper/src/org/eclipse/nebula/widgets/treemapper/ISemanticTreeMapperSupport.java	d515f07341efad267e0dba626925f8f5baf3d267905238ae65d937a9a4c83a8a	d515f07341efad267e0dba626925f8f5baf3d267905238ae65d937a9a4c83a8a	443c38222d88ccfcf573656f7a77f6faf8820792b75eb227b005c35d79083282	0	false
widgets/treemapper/org.eclipse.nebula.widgets.treemapper/src/org/eclipse/nebula/widgets/treemapper/TreeMapper.java	dc01bfaa9828a686ea49ded31176fab113d2e73030fe0495225c8239a120df44	dc01bfaa9828a686ea49ded31176fab113d2e73030fe0495225c8239a120df44	7690d1fa4a6e27359a6cbefba7cad1f5f2750d92400d01957bb6af82e5f4fc9d	305	false
widgets/treemapper/org.eclipse.nebula.widgets.treemapper/src/org/eclipse/nebula/widgets/treemapper/TreeMapperUIConfigProvider.java	5ac79f2ac4c6fbce334f4e1f5fb5ddf65c6376fa0c2b34b00cd7a78b2a3cf026	5ac79f2ac4c6fbce334f4e1f5fb5ddf65c6376fa0c2b34b00cd7a78b2a3cf026	8e642bb8ce73da63b487cf7a4236015a8671e39b49da76e5eb680e821fb384ee	22	false
widgets/treemapper/org.eclipse.nebula.widgets.treemapper/src/org/eclipse/nebula/widgets/treemapper/internal/LinkFigure.java	161de16388c3056ebbbc635cd3f1f431bc34bda336d9c2462633569d8d0c0e6e	161de16388c3056ebbbc635cd3f1f431bc34bda336d9c2462633569d8d0c0e6e	33c5eaa4f8df05b9c36061c30c767782f10a64f7d648be756dee6189c5e349a8	55	false
widgets/treemapper/org.eclipse.nebula.widgets.treemapper/src/org/eclipse/nebula/widgets/treemapper/internal/Messages.java	c66717f820eaa0f7e3da4e5505171160664ff66bed7a08c26939e22ecb8ccf8e	c66717f820eaa0f7e3da4e5505171160664ff66bed7a08c26939e22ecb8ccf8e	e126a39a5791bf3faf386efe80f3e3a993634ee44408b1814173ae3b6ad9e012	2	false
widgets/visualization/org.eclipse.nebula.visualization.example/src/org/eclipse/nebula/visualization/example/ExampleTab.java	a4ea8918fd6b899e433b615d63e651068c69c88f7f287ecd90c3af46c831d161	a4ea8918fd6b899e433b615d63e651068c69c88f7f287ecd90c3af46c831d161	c092bd0bbffa39837c830acf273e3032e7721b06c1825d11626980240f2a3508	24	false
widgets/visualization/org.eclipse.nebula.visualization.widgets.tests/src/org/eclipse/nebula/visualization/widgets/figures/AbstractMarkedWidgetTest.java	3e9a46e712add73e2c21ee58c1026bedd17161808157412896a7ce78d5251a7d	3e9a46e712add73e2c21ee58c1026bedd17161808157412896a7ce78d5251a7d	a157d79e6831f5d3113627fcbda3b975c11186ca9fcd149d59148b71d7b807b9	4	false
widgets/visualization/org.eclipse.nebula.visualization.widgets.tests/src/org/eclipse/nebula/visualization/widgets/figures/AbstractRoundRampedWidgetTest.java	779d3fd9317976d22239b5753b51b8e1cf12bc49dca1467992c930fca9722b95	779d3fd9317976d22239b5753b51b8e1cf12bc49dca1467992c930fca9722b95	448d2c781723978860d2e4552f7819adc8bc33096d9f84a93255788d8d6e8201	4	false
widgets/visualization/org.eclipse.nebula.visualization.widgets.tests/src/org/eclipse/nebula/visualization/widgets/figures/AbstractScaledWidgetTest.java	61701983fac6c7929eb4b19343377c8cc05588c49641282d11436d0eb75c62c8	61701983fac6c7929eb4b19343377c8cc05588c49641282d11436d0eb75c62c8	9890dc38ed216e835b0dd5d4d8241e28d3de65740041846109ae40ec751bb123	20	false
widgets/visualization/org.eclipse.nebula.visualization.widgets.tests/src/org/eclipse/nebula/visualization/widgets/figures/AbstractWidgetTest.java	422c0047cc6ed5a11b5dae5ac92b5e285164a1ea1032936d8862afa65212db84	422c0047cc6ed5a11b5dae5ac92b5e285164a1ea1032936d8862afa65212db84	0d265b2874d2fec32df7a321b108f5eb1f3b52cac1434570163e9e703b1a8b5d	176	false
widgets/visualization/org.eclipse.nebula.visualization.widgets.tests/src/org/eclipse/nebula/visualization/widgets/figures/CircularBufferTest.java	77dc00833fc193f877a19c9a2b987c1991bd2ddcc8afcc6b7df862f709a3c53e	77dc00833fc193f877a19c9a2b987c1991bd2ddcc8afcc6b7df862f709a3c53e	b3fb3f09f16b559b6acedf42a3c2068833d3694dfd72ed0249c136171f05b279	32	false
widgets/visualization/org.eclipse.nebula.visualization.widgets.tests/src/org/eclipse/nebula/visualization/widgets/figures/GaugeTest.java	6796387e3674690ce5be3a5ced91790eba2c0b929eab35754ebc9022bad715c1	6796387e3674690ce5be3a5ced91790eba2c0b929eab35754ebc9022bad715c1	11f5f0927d05b4a728d1bdab577644bee270357f9f3cee63dc1987344c6c4ab8	8	false
widgets/visualization/org.eclipse.nebula.visualization.widgets.tests/src/org/eclipse/nebula/visualization/widgets/figures/IntensityGraphManualTest.java	35a346b02d165f2f1db677364075db501b9598602777c3a98101c4983ca83048	35a346b02d165f2f1db677364075db501b9598602777c3a98101c4983ca83048	1237ed030368cf284c0060640d9e9f0e9a8a2c7a47db5773729db65203e9bdc6	75	false
widgets/visualization/org.eclipse.nebula.visualization.widgets.tests/src/org/eclipse/nebula/visualization/widgets/figures/IntensityGraphTest.java	cdca042a27e72f1e8632b92b64b08997216b8dce97ed92b60b2cfe4305f55e7f	cdca042a27e72f1e8632b92b64b08997216b8dce97ed92b60b2cfe4305f55e7f	518f2698c2f7311072a2fbb4da92de6450a2db7382788663d16705dd260507d3	73	false
widgets/visualization/org.eclipse.nebula.visualization.widgets.tests/src/org/eclipse/nebula/visualization/widgets/figures/KnobTest.java	7c74c462b271798bef4130134ed0f7aa9a597bffaaa8b24262d02985a152ec24	7c74c462b271798bef4130134ed0f7aa9a597bffaaa8b24262d02985a152ec24	5c047c63fff02cef7b6470e363246221566c988750c74444004a847a617c4a67	12	false
widgets/visualization/org.eclipse.nebula.visualization.widgets.tests/src/org/eclipse/nebula/visualization/widgets/figures/MeterTest.java	a7c7f7c78647d4802be4613a7a1324c0ab44cb96ead13a625588de9853931d63	a7c7f7c78647d4802be4613a7a1324c0ab44cb96ead13a625588de9853931d63	429f5886c58ab05421660c82c23a625dd58cf83dafd1cb4d78e64ffc2fd2e807	14	false
widgets/visualization/org.eclipse.nebula.visualization.widgets.tests/src/org/eclipse/nebula/visualization/widgets/figures/ProgressBarTest.java	fcc44314169332d6646a11fa431513cd2381c0225393a0ebde5fcc58fafe0b86	fcc44314169332d6646a11fa431513cd2381c0225393a0ebde5fcc58fafe0b86	2af2ec6db88856d532a79e26236702d57668c87ff9f0655e7d768e80426a480a	8	false
widgets/visualization/org.eclipse.nebula.visualization.widgets.tests/src/org/eclipse/nebula/visualization/widgets/figures/ScaledSliderTest.java	835837b3080fa1b45d46141e27517cc507729b9c5b5c9b74d5aacf9dbf03e743	835837b3080fa1b45d46141e27517cc507729b9c5b5c9b74d5aacf9dbf03e743	063adb51ea11f86e30ed628eaf759ca68657a93a095af717c8717586dafb54c1	12	false
widgets/visualization/org.eclipse.nebula.visualization.widgets.tests/src/org/eclipse/nebula/visualization/widgets/figures/TankTest.java	41a6433e2e2ee818b7b48a90289ec8f9b76d3abf93bfe8a48eda19c9f433e0fb	41a6433e2e2ee818b7b48a90289ec8f9b76d3abf93bfe8a48eda19c9f433e0fb	dbb9835f232554d64cad76fd1e5e4851f66f8c62ea8436f42d9c0e639f9f79a0	8	false
widgets/visualization/org.eclipse.nebula.visualization.widgets.tests/src/org/eclipse/nebula/visualization/widgets/figures/ThermometerTest.java	a45b05c3c5b7e93e4d7e9df4d28f38925ba9c0b0244bd115b0bd07a6b272bb23	a45b05c3c5b7e93e4d7e9df4d28f38925ba9c0b0244bd115b0bd07a6b272bb23	c0dbe15d6fa9fed30c077610e8b4c8586b6c9f7a35ffe741ccd49323bfc718d6	8	false
widgets/visualization/org.eclipse.nebula.visualization.widgets/examples/org/eclipse/nebula/visualization/widgets/examples/ColorMapRampExample.java	044489c6c54ef9cdaeddd0ed36e31ef30a32664c34b69313337f41b63c81666c	044489c6c54ef9cdaeddd0ed36e31ef30a32664c34b69313337f41b63c81666c	9f6634d0e3f6f52b5d66dfa059df3bd81b42163e7e5991588c7445f0f0c89a4d	97	false
widgets/visualization/org.eclipse.nebula.visualization.widgets/examples/org/eclipse/nebula/visualization/widgets/examples/GaugeExample.java	081a16882943e43d0ddedbeb13419dd3dbf1ca6add355c9fabbc0eb0313d5966	081a16882943e43d0ddedbeb13419dd3dbf1ca6add355c9fabbc0eb0313d5966	c6418a81b3338798c12e3c4bb73a2d9c93e90acae1b82feb0a09245d40163957	30	false
widgets/visualization/org.eclipse.nebula.visualization.widgets/examples/org/eclipse/nebula/visualization/widgets/examples/IntensityGraphExample.java	41c5a293200239649e85280afbf59bb99af8ed8c8b68a79631604ddaba868bbd	41c5a293200239649e85280afbf59bb99af8ed8c8b68a79631604ddaba868bbd	db68c1732ab1b6accf7f708f533aa1bf75e4e601bc58c90853ae85ac716a1f1d	46	false
widgets/visualization/org.eclipse.nebula.visualization.widgets/examples/org/eclipse/nebula/visualization/widgets/examples/KnobExample.java	3c3dd7c25210e7ebf102c48b670657ba311a04a0744f6ddebdf486e0f5212ef6	3c3dd7c25210e7ebf102c48b670657ba311a04a0744f6ddebdf486e0f5212ef6	89cf0314bdddcbb9576318fe2418029f9de54bd97e72775d124c214714ead531	23	false
widgets/visualization/org.eclipse.nebula.visualization.widgets/examples/org/eclipse/nebula/visualization/widgets/examples/MeterExample.java	d8417f452913b54a57ed4cf4a0911e465628d9360fcbab3b2126a521d33cca2a	d8417f452913b54a57ed4cf4a0911e465628d9360fcbab3b2126a521d33cca2a	4010725c912e0a411afcda84c891ada9235c72b4ce450e81542fdde080bb00b6	29	false
widgets/visualization/org.eclipse.nebula.visualization.widgets/examples/org/eclipse/nebula/visualization/widgets/examples/MultipleWidgetsExample.java	5f6e39b6ae5cd6a5ad1c03c8bcf7f3d08c850d7785717aea3a3ef9c9e1025be4	5f6e39b6ae5cd6a5ad1c03c8bcf7f3d08c850d7785717aea3a3ef9c9e1025be4	035715124d90fbcb9cf9f6342b55a9053a6ea65ea0a3737744714ba74bb173cf	42	false
widgets/visualization/org.eclipse.nebula.visualization.widgets/examples/org/eclipse/nebula/visualization/widgets/examples/ProgressBarExample.java	6b07eef06e82c146cdf786469448d8b6fb3e057e250c0e22bc1e47fa05d89f88	6b07eef06e82c146cdf786469448d8b6fb3e057e250c0e22bc1e47fa05d89f88	a3d27cf1e2f479d13f55144570d2c9c8bea30845a9fb60d3b3a9b73a0e02f11c	30	false
widgets/visualization/org.eclipse.nebula.visualization.widgets/examples/org/eclipse/nebula/visualization/widgets/examples/ScaledSliderExample.java	0d69a7df89d45e2c2372f7a91d17d1dfa2cfa08243f377e0eec5bfeab8d046f5	0d69a7df89d45e2c2372f7a91d17d1dfa2cfa08243f377e0eec5bfeab8d046f5	49d8fde945c73a64e5824bc3aa66df72b37eceb23d0ce0ce2bc92ec9fb337965	23	false
widgets/visualization/org.eclipse.nebula.visualization.widgets/examples/org/eclipse/nebula/visualization/widgets/examples/TankExample.java	7ccc36b4841590e5bda5ae18414a766afdb7bc9867ddd1f68c87feade9f352c7	7ccc36b4841590e5bda5ae18414a766afdb7bc9867ddd1f68c87feade9f352c7	9bcb9f1e6ca1936c55796bddc6aff1b71a6d13e26922fc0f56cc8c1683dbb80a	29	false
widgets/visualization/org.eclipse.nebula.visualization.widgets/examples/org/eclipse/nebula/visualization/widgets/examples/ThermometerExample.java	7068f42c01087f8d94dd7b085746426e838c550a14e5c2df35589cef714e7285	7068f42c01087f8d94dd7b085746426e838c550a14e5c2df35589cef714e7285	1cd7356238bc074e7d13348a9e6a2bfd3a6c4704fc092f7473c3956808c2bcc6	30	false
widgets/visualization/org.eclipse.nebula.visualization.widgets/src/org/eclipse/nebula/visualization/internal/widgets/introspection/DefaultWidgetIntrospector.java	9e0b6bd105a4fa877589cd837054ad96226a757665ef90e0db652d08c1186175	9e0b6bd105a4fa877589cd837054ad96226a757665ef90e0db652d08c1186175	1abc43326409e9bdea9dbbead9d738b1fe4a8fb2d2519595d52da5f0602795e7	24	false
widgets/visualization/org.eclipse.nebula.visualization.widgets/src/org/eclipse/nebula/visualization/internal/widgets/introspection/GenericBeanInfo.java	b3d0aeac6d31681d818db243d07211c3b3b9d6f7b3b83473c99d2354424c566c	b3d0aeac6d31681d818db243d07211c3b3b9d6f7b3b83473c99d2354424c566c	b03a81c5021474d0c8708fee2965793f204e2ac6a7d967dd92e7a5c82a9eb662	25	false
widgets/visualization/org.eclipse.nebula.visualization.widgets/src/org/eclipse/nebula/visualization/internal/widgets/introspection/Introspectable.java	fa32121db40d9a9ecaec52db2b3788f06a7a2d4facb1677479d5b28d83e64267	fa32121db40d9a9ecaec52db2b3788f06a7a2d4facb1677479d5b28d83e64267	d834a83b1ceedf285c9a6bd240a0cdde72c69c1ece97bb1c6326d45e954e04da	0	false
widgets/visualization/org.eclipse.nebula.visualization.widgets/src/org/eclipse/nebula/visualization/internal/widgets/introspection/MeterIntrospector.java	fd38e12428ecbb5dc087f34cd664ffb312597a1b66b99bb8c4312c3c312f177f	fd38e12428ecbb5dc087f34cd664ffb312597a1b66b99bb8c4312c3c312f177f	fddcffa183a0b794f28d6f216ea3da57a8f644213a4f208e6f6fbda6bbc4ec1f	2	false
widgets/visualization/org.eclipse.nebula.visualization.widgets/src/org/eclipse/nebula/visualization/internal/widgets/introspection/ScaleWidgetIntrospector.java	063ffe28448d97c860e42248475246df3bea3162e8b567c3892452d30540b79c	063ffe28448d97c860e42248475246df3bea3162e8b567c3892452d30540b79c	3af38579c36700ca91e72b8bb50b1a283141027827069cb33bf08e634caa7188	2	false
widgets/visualization/org.eclipse.nebula.visualization.widgets/src/org/eclipse/nebula/visualization/widgets/datadefinition/ByteArrayWrapper.java	d625abaad4ccdae5d4885485a5862a5ae230149d1a196632d6c08722dc75311b	d625abaad4ccdae5d4885485a5862a5ae230149d1a196632d6c08722dc75311b	2635b74dcdeaf662538debbf1c4c31409e7959a254935bb9add499b124a0364b	8	false
widgets/visualization/org.eclipse.nebula.visualization.widgets/src/org/eclipse/nebula/visualization/widgets/datadefinition/ColorMap.java	739c6a1b29e39e79212d7ca8935bd479f147d873a67a03a4b3fbe8ddd9e48a2b	739c6a1b29e39e79212d7ca8935bd479f147d873a67a03a4b3fbe8ddd9e48a2b	8cb7183664a8c71e8226be1c3a25326b54e66bb5f72eb496b003f1eb9a1a30b7	182	false
widgets/visualization/org.eclipse.nebula.visualization.widgets/src/org/eclipse/nebula/visualization/widgets/datadefinition/ColorTuple.java	7e19e061c471894dc73decd98d05b32a714abceca54fcf76027d3f7550a1c844	7e19e061c471894dc73decd98d05b32a714abceca54fcf76027d3f7550a1c844	15cbfe2035af76ed3e0590632075587e07bf1f98b51b0e8cd9693008e06c6d24	43	false
widgets/visualization/org.eclipse.nebula.visualization.widgets/src/org/eclipse/nebula/visualization/widgets/datadefinition/DoubleArrayWrapper.java	ee8f3d8bdc44b88852905b0a6529a764a8543d6d3b8a766430b3276573662115	ee8f3d8bdc44b88852905b0a6529a764a8543d6d3b8a766430b3276573662115	495bb12d9612753d9fc0b222ee31b8e32dd276e85b3f7ae1ee63cbde6c602e48	8	false
widgets/visualization/org.eclipse.nebula.visualization.widgets/src/org/eclipse/nebula/visualization/widgets/datadefinition/FloatArrayWrapper.java	9e50b7121e258fab874a94b3c9d0dd8ef10679cbb4a13933ffcafdab1eeed38c	9e50b7121e258fab874a94b3c9d0dd8ef10679cbb4a13933ffcafdab1eeed38c	9fe5178a5f9032b13df933337bafa2088e1c6fb2c5139d6a30aca0695ba5fca2	8	false
widgets/visualization/org.eclipse.nebula.visualization.widgets/src/org/eclipse/nebula/visualization/widgets/datadefinition/IManualStringValueChangeListener.java	5d5cf608cb8db46b043ff28f755e729f25f03aa86f5044089daf75ecd70e0e4b	5d5cf608cb8db46b043ff28f755e729f25f03aa86f5044089daf75ecd70e0e4b	118a9c90d8f44c3ff79d4e7e480f359c392bf0d30ece4f08b6f9cbaadee7bb19	0	false
widgets/visualization/org.eclipse.nebula.visualization.widgets/src/org/eclipse/nebula/visualization/widgets/datadefinition/IManualValueChangeListener.java	d6e488c965254a7bfd91eebc2ce2aea15c5a2b6f815002115e6c8a724756377f	d6e488c965254a7bfd91eebc2ce2aea15c5a2b6f815002115e6c8a724756377f	04a672ad658834d1dc4b2c231348d3ba0efafdae2e71b14f118c73c1c469b238	0	false
widgets/visualization/org.eclipse.nebula.visualization.widgets/src/org/eclipse/nebula/visualization/widgets/datadefinition/IPrimaryArrayWrapper.java	735b4dd07597900dc8f974726ecf6a2e7b185a8d3422e339452414c3760000f6	735b4dd07597900dc8f974726ecf6a2e7b185a8d3422e339452414c3760000f6	958ceec4870220c7fe05df3c36ef419c27966d08dde86025519932b093a338c7	0	false
widgets/visualization/org.eclipse.nebula.visualization.widgets/src/org/eclipse/nebula/visualization/widgets/datadefinition/IntArrayWrapper.java	bb7ee6b6a959dde75b777011c23359bca1d03c7455dc0daafe4e538a839fe369	bb7ee6b6a959dde75b777011c23359bca1d03c7455dc0daafe4e538a839fe369	f7746aebb1eb0534c2e089a5a8d91de4a4993c1031da84d1bf1753de7f199fa2	8	false
widgets/visualization/org.eclipse.nebula.visualization.widgets/src/org/eclipse/nebula/visualization/widgets/datadefinition/LongArrayWrapper.java	4e63d40ee85c42436c51369a27515de16dfc8d1f68b83fa621b87135eadaa1c8	4e63d40ee85c42436c51369a27515de16dfc8d1f68b83fa621b87135eadaa1c8	5f4c426fdb1f023f2b350d95c0490304f4a6c0ec48ec0ce5347c22dbda415dcd	8	false
widgets/visualization/org.eclipse.nebula.visualization.widgets/src/org/eclipse/nebula/visualization/widgets/datadefinition/ShortArrayWrapper.java	4b16e04a9876f0b57f20af4d4f2864acb5805067f6ce2e69dc18c07009e45972	4b16e04a9876f0b57f20af4d4f2864acb5805067f6ce2e69dc18c07009e45972	97b0c3b152018d35fe17ed1f085d57eb76f8b1efb4b2fba0d628628ee106cb91	8	false
widgets/visualization/org.eclipse.nebula.visualization.widgets/src/org/eclipse/nebula/visualization/widgets/figureparts/AlphaLabel.java	e50faf532064f3707e4ba40c6f701231b13160bc3d036f699e47f24d74082175	e50faf532064f3707e4ba40c6f701231b13160bc3d036f699e47f24d74082175	f84701b20d68caaca0e17293f919b42c459e031ecaf453efebd42e7c0b0ec802	10	false
widgets/visualization/org.eclipse.nebula.visualization.widgets/src/org/eclipse/nebula/visualization/widgets/figureparts/Bulb.java	24a9d9acec259b515f426b066fbda57768f8da528aae84fe30e74d74a824d0ab	24a9d9acec259b515f426b066fbda57768f8da528aae84fe30e74d74a824d0ab	a5848bb6f25e301a2fa91acee11589a155065b929247e6f5da52a3020e5dea91	46	false
widgets/visualization/org.eclipse.nebula.visualization.widgets/src/org/eclipse/nebula/visualization/widgets/figureparts/ColorMapRamp.java	bb7bb5e941272311342423248541efaa3b99a0ca64dfac36aa6ffa8b98a92d49	bb7bb5e941272311342423248541efaa3b99a0ca64dfac36aa6ffa8b98a92d49	012f1f51343ef7ce831183b0c1151c08bf7f835fa09eebc315454bf331b31369	80	false
widgets/visualization/org.eclipse.nebula.visualization.widgets/src/org/eclipse/nebula/visualization/widgets/figureparts/PolarPoint.java	1647380d18b3de81df654f5852e7975108b9046d5d1ff7097d688a8fcda24ffd	1647380d18b3de81df654f5852e7975108b9046d5d1ff7097d688a8fcda24ffd	2a7fd48a0c970b69e6c92cc5f42a329eedaf2e7f5527d61ba0fb18d1d17fb6da	58	false
widgets/visualization/org.eclipse.nebula.visualization.widgets/src/org/eclipse/nebula/visualization/widgets/figureparts/ROIFigure.java	c029856388eab92f5ee966d91e025105b2a9560d7fdaa1d0d101ba35f13ab14d	c029856388eab92f5ee966d91e025105b2a9560d7fdaa1d0d101ba35f13ab14d	40a34ac5494b3dfad0d2d504167509aa3bcbe030fb88729c82e9b76de69fda6a	275	false
widgets/visualization/org.eclipse.nebula.visualization.widgets/src/org/eclipse/nebula/visualization/widgets/figureparts/RoundScale.java	f7145b8e8c62ccec4730aabbcd0c18b2a04b06842ad24ae7dacdd8f51d29868f	f7145b8e8c62ccec4730aabbcd0c18b2a04b06842ad24ae7dacdd8f51d29868f	db81849dc9f8cc3ee075f0069139608f455d522dca234edc9fc321adab37bbbc	120	false
widgets/visualization/org.eclipse.nebula.visualization.widgets/src/org/eclipse/nebula/visualization/widgets/figureparts/RoundScaleTickLabels.java	286f8d6b6bea694aa3bdf6d2e5754d65fe82ba53d1cd823394a5d158c9610692	286f8d6b6bea694aa3bdf6d2e5754d65fe82ba53d1cd823394a5d158c9610692	79d29b02c982cee49b6d0ab9d18ba61b1d602ca7a1fd0b1562356a0cb9c4d4f9	340	false
widgets/visualization/org.eclipse.nebula.visualization.widgets/src/org/eclipse/nebula/visualization/widgets/figureparts/RoundScaleTickMarks.java	c6dd2130cffa0bbbe917a8e680d6818ffd91627578e5298063f7ee2540c85950	c6dd2130cffa0bbbe917a8e680d6818ffd91627578e5298063f7ee2540c85950	331472f7924f961f758bda59768f0ca26329036b4a5c5397c6c29ba6b3d272ad	112	false
widgets/visualization/org.eclipse.nebula.visualization.widgets/src/org/eclipse/nebula/visualization/widgets/figureparts/RoundScaledRamp.java	5668e588d6d021c782799b60895e8a65ebfe01632756e0f592818647181e2c1e	5668e588d6d021c782799b60895e8a65ebfe01632756e0f592818647181e2c1e	5e5d162090a25adb16c8cfdda0e7ccc306c1529a161422f46b9f3a4f62c19ee9	278	false
widgets/visualization/org.eclipse.nebula.visualization.widgets/src/org/eclipse/nebula/visualization/widgets/figures/AbstractLinearMarkedFigure.java	42dabc24f1869e073f20dbe906eeef6cff4a8535341a5365528515d5e1b0fb0c	42dabc24f1869e073f20dbe906eeef6cff4a8535341a5365528515d5e1b0fb0c	17ee7c63e91704e1dba664da73d25bfe06c5e2a1a3d3742326e6079eefaf8ece	88	false
widgets/visualization/org.eclipse.nebula.visualization.widgets/src/org/eclipse/nebula/visualization/widgets/figures/AbstractMarkedWidgetFigure.java	b0536c227f3a6bbca62d90081edc87a6f5c541280129d5f0f9148d6a4f31be1a	b0536c227f3a6bbca62d90081edc87a6f5c541280129d5f0f9148d6a4f31be1a	897e0bcfcb4d61a2a440b74f98742e412776fa99aa796a1465edacad4be5b2e0	104	false
widgets/visualization/org.eclipse.nebula.visualization.widgets/src/org/eclipse/nebula/visualization/widgets/figures/AbstractRoundRampedFigure.java	14f0d1e05032ca6fc901fc23c22b8e59cfd52bc109664228528646c8b4e2b9a7	14f0d1e05032ca6fc901fc23c22b8e59cfd52bc109664228528646c8b4e2b9a7	5371a5aae89ec518f8df422d777d7024b2929cfef0471f85c7e16d7fbd1e3c8f	61	false
widgets/visualization/org.eclipse.nebula.visualization.widgets/src/org/eclipse/nebula/visualization/widgets/figures/AbstractScaledWidgetFigure.java	7350a6fb8f31a5209c9b28e8ccdf8b0408c559d9563707dab325f6a8802ddb67	7350a6fb8f31a5209c9b28e8ccdf8b0408c559d9563707dab325f6a8802ddb67	da593b72115f7a15e9ec18a3fc25268aaf800b8952e15283c5abfa8b38d1c331	110	false
widgets/visualization/org.eclipse.nebula.visualization.widgets/src/org/eclipse/nebula/visualization/widgets/figures/GaugeFigure.java	44f1dbeb1676c7eeb31111d230754892b1dfa01981c23cc6c5a80f2b0dc42175	44f1dbeb1676c7eeb31111d230754892b1dfa01981c23cc6c5a80f2b0dc42175	1cdfd5368bd76a55c4a808921b989f88c855f94ad92d099fc54395a80bf6d0a9	203	false
widgets/visualization/org.eclipse.nebula.visualization.widgets/src/org/eclipse/nebula/visualization/widgets/figures/IntensityGraphFigure.java	fef4b61d48129da9003a82403faddd30fb788c13bab4edc0016f5fdd0e7e2885	fef4b61d48129da9003a82403faddd30fb788c13bab4edc0016f5fdd0e7e2885	0a135796d3ddc17ca0dea34ec7130ccf90671480cf27b7712714708ae5a79d72	934	false
widgets/visualization/org.eclipse.nebula.visualization.widgets/src/org/eclipse/nebula/visualization/widgets/figures/KnobFigure.java	5cc876046b0d858ff963350eb5ec71e6fcd2b7937ca45cb07b3c1da80ad6c67d	5cc876046b0d858ff963350eb5ec71e6fcd2b7937ca45cb07b3c1da80ad6c67d	9b219d05801d36c73ae0238f77a2da67995c80f7a32be3b15c553c40848f9ab6	214	false
widgets/visualization/org.eclipse.nebula.visualization.widgets/src/org/eclipse/nebula/visualization/widgets/figures/MeterFigure.java	cc2a077454605b40f8006c75d25f659d2caddd2a576bcd08a6c6cb131784296b	cc2a077454605b40f8006c75d25f659d2caddd2a576bcd08a6c6cb131784296b	36d2bf43acf0feffada7dfbd7320207370c46eed9ad41c6e0bb515ab5f8ed626	121	false
widgets/visualization/org.eclipse.nebula.visualization.widgets/src/org/eclipse/nebula/visualization/widgets/figures/ProgressBarFigure.java	1655b4dc15671b28ce2f93495ac09a815b4dc0f7fa99fbde16de06bc86830af8	1655b4dc15671b28ce2f93495ac09a815b4dc0f7fa99fbde16de06bc86830af8	61a9e9610eca26a01dead6ca2d1eae9d01b48743c12cc7ef2b496702f0b0aa1d	307	false
widgets/visualization/org.eclipse.nebula.visualization.widgets/src/org/eclipse/nebula/visualization/widgets/figures/ScaledSliderFigure.java	99e4a03e5cf63a76aa9a39df4a8972fbea3375d8e341049fb7dfde2f8ea6eecf	99e4a03e5cf63a76aa9a39df4a8972fbea3375d8e341049fb7dfde2f8ea6eecf	878d40727ee4db2f2a4bc3ec2d9249597d7d223774e7ee99b450e2c49f3f6b93	448	false
widgets/visualization/org.eclipse.nebula.visualization.widgets/src/org/eclipse/nebula/visualization/widgets/figures/TankFigure.java	2a407508b8cd942abe34241cc4d2c53785065b423604bc8a99b831762861222c	2a407508b8cd942abe34241cc4d2c53785065b423604bc8a99b831762861222c	99dd0c1aa347c0b4b7a5ef56be728bc66a70e76198ce2bb11daf3203c0cdf546	130	false
widgets/visualization/org.eclipse.nebula.visualization.widgets/src/org/eclipse/nebula/visualization/widgets/figures/ThermometerFigure.java	ebc8ac8f07a80d1d088e395ae018b8a33dcd07a5db38de1073fdcddcf01e52e9	ebc8ac8f07a80d1d088e395ae018b8a33dcd07a5db38de1073fdcddcf01e52e9	83c545b34d9cdebe7947ba8cc5e979b8efaa9b00e75ad3c631f15956b929e18c	226	false
widgets/visualization/org.eclipse.nebula.visualization.widgets/src/org/eclipse/nebula/visualization/widgets/util/GraphicsUtil.java	7a8c3f06f675f119401fb7af14adefb24b62d28b335ca8bebb6bdf7e8116de11	7a8c3f06f675f119401fb7af14adefb24b62d28b335ca8bebb6bdf7e8116de11	fa78a6c0c2b2f6d3e1449c4d569c8f20ceb75e0d6520fb18df96f67300215851	26	false
widgets/visualization/org.eclipse.nebula.visualization.widgets/src/org/eclipse/nebula/visualization/widgets/util/PointsUtil.java	85a47ef745fc6bdbfebbb1e9c46c55337e4e7ac014f3282549a7aadef3a0af35	85a47ef745fc6bdbfebbb1e9c46c55337e4e7ac014f3282549a7aadef3a0af35	78ed71f61492e4c13d01c373bfed277aa618aac95e5562cc1c2d05cf226307ff	102	false
widgets/visualization/org.eclipse.nebula.visualization.widgets/src/org/eclipse/nebula/visualization/widgets/util/RepeatFiringBehavior.java	ba45fdf09fc2f4b4d4a7d2e2330537f2f07333adaf8f79a342d15b084d4eeb1e	ba45fdf09fc2f4b4d4a7d2e2330537f2f07333adaf8f79a342d15b084d4eeb1e	fbcd82fa635aabd157f8d5eb322280644cd89e9737d03c31a18fcf13e0cf92b5	25	false
widgets/visualization/org.eclipse.nebula.visualization.xygraph.exampleview/src/org/eclipse/nebula/visualization/xygraph/exampleview/PureJavaExample.java	2436fafbd03fc50782013bd0b5404e4753d1c9a1c6daf944cc0d327474a5e2e3	2436fafbd03fc50782013bd0b5404e4753d1c9a1c6daf944cc0d327474a5e2e3	656b2364375a937acca2f8f1da50273fd4665c4304fdd6c0c2f0f4e3527b8946	28	false
widgets/visualization/org.eclipse.nebula.visualization.xygraph.exampleview/src/org/eclipse/nebula/visualization/xygraph/exampleview/WidgetsExampleView.java	c829399dfdd9b1f990f8cbd2f76c982ed8ba7e567b7c7f27bdd1ebcaf1a5c51d	c829399dfdd9b1f990f8cbd2f76c982ed8ba7e567b7c7f27bdd1ebcaf1a5c51d	6faaf71fbd4947bc1e3c89d3f1ee1dcdda84f71779f08e3d73bd1dfa130c7772	48	false
widgets/visualization/org.eclipse.nebula.visualization.xygraph.exampleview/src/org/eclipse/nebula/visualization/xygraph/exampleview/XYGraphExampleView.java	278e602c89c0603560364fdf4e1b7912f985c8328362af10857dc4f05f3735be	278e602c89c0603560364fdf4e1b7912f985c8328362af10857dc4f05f3735be	e41ecf137ac1674683f91fc795ea6ae92ce5e0d8d5d5d341a981ca029813984f	15	false
widgets/visualization/org.eclipse.nebula.visualization.xygraph.exampleview/src/org/eclipse/nebula/visualization/xygraph/exampleview/XYGraphStyledBoolExampleView.java	3870567117be49684747e5ec5ba7a5c1c60a02cddb890748b598ac27d8dee5d6	3870567117be49684747e5ec5ba7a5c1c60a02cddb890748b598ac27d8dee5d6	941ae705216eb3d53fcf17cdacb3e81de4b4ce61846ad5537f5ba392a4f3c71f	24	false
widgets/visualization/org.eclipse.nebula.visualization.xygraph.exampleview/src/org/eclipse/nebula/visualization/xygraph/exampleview/XYGraphStyledDoubleExampleView.java	d5ae0882dbeef0da130059b141f63aee082628cdd78e249e1ea855691bc3fd24	d5ae0882dbeef0da130059b141f63aee082628cdd78e249e1ea855691bc3fd24	a9063e922496f49b422ef5223c7ef3a71f0c61e6d47c724d8630c10233a1b903	43	false
widgets/visualization/org.eclipse.nebula.visualization.xygraph.exampleview/src/org/eclipse/nebula/visualization/xygraph/exampleview/XYGraphStyledStringExampleView.java	731073dc9fcccc346d02f791991d1b162efed2ca57d98d55c33fd5436ae6bd10	731073dc9fcccc346d02f791991d1b162efed2ca57d98d55c33fd5436ae6bd10	1552ba305f37a4ad02dcf4219cee2ae9a6cef21ef36710379a2810b6ed314f42	22	false
widgets/visualization/org.eclipse.nebula.visualization.xygraph.test/src/org/eclipse/nebula/visualization/xygraph/dataprovider/CircularBufferTest.java	ccb8671af536dc6dd0aafcb81bd56aa9b03dc4679f88266ce916726b4c6da5bd	ccb8671af536dc6dd0aafcb81bd56aa9b03dc4679f88266ce916726b4c6da5bd	4be4c5fb3aa325366aafc6ab2f8bce0a21a8ec78dff72b6a4ae839a97f874419	69	false
widgets/visualization/org.eclipse.nebula.visualization.xygraph.test/src/org/eclipse/nebula/visualization/xygraph/linearscale/AxisTest.java	7928638d8daa0bf277a06be653a03fa23d1da1c9cfebe1f05da6236dfa511962	7928638d8daa0bf277a06be653a03fa23d1da1c9cfebe1f05da6236dfa511962	f95c58221bc60d2f7a53c1bbb9d1c04d1f84bd3dfc7290e339a1d2ddb39bae1e	3	false
widgets/visualization/org.eclipse.nebula.visualization.xygraph.test/src/org/eclipse/nebula/visualization/xygraph/linearscale/TickFactoryTest.java	6edcdadcb6c6e22e83f29a22f74eaf99a31e794dcd6b9807c2ab565e823a726b	6edcdadcb6c6e22e83f29a22f74eaf99a31e794dcd6b9807c2ab565e823a726b	f4398461386b40fdc0ff718b66cc925d510867b62c0865bac741e4d80168e3d4	348	false
widgets/visualization/org.eclipse.nebula.visualization.xygraph/examples/org/eclipse/nebula/visualization/xygraph/examples/BarChartExample.java	46ef476e2bec575e4ffe6049e49d30fa19660df593fff3749abcf93cc1b25fe2	46ef476e2bec575e4ffe6049e49d30fa19660df593fff3749abcf93cc1b25fe2	d12b37216e4d28c020a52c67515495c9f9eda5e85f27c466991eeccd0836958b	41	false
widgets/visualization/org.eclipse.nebula.visualization.xygraph/examples/org/eclipse/nebula/visualization/xygraph/examples/ComprehensiveExample.java	2bd03871f42a643ea3bb16ba4333b8d6dc463b7b211baec6f04cffad1acccaab	2bd03871f42a643ea3bb16ba4333b8d6dc463b7b211baec6f04cffad1acccaab	ec5a7a6499e6a0593d06c46b2a9f4f0710eaf88e7d5cc110acc36197a4a05f4a	170	false
widgets/visualization/org.eclipse.nebula.visualization.xygraph/examples/org/eclipse/nebula/visualization/xygraph/examples/GraphDemo.java	29caa9d4a9a4eb07b1aa10d8d2b6ca00749638719033e13a376324b8584aca39	29caa9d4a9a4eb07b1aa10d8d2b6ca00749638719033e13a376324b8584aca39	034e9cab0f74c488442baf2acdefc11b31a79a17af781a10fddb5579848905f3	152	false
widgets/visualization/org.eclipse.nebula.visualization.xygraph/examples/org/eclipse/nebula/visualization/xygraph/examples/LargeNumberOfTracesAnnotationsAxes.java	90270e1989f445230e20a6d6717312277af8acc5e9785b0a422ca40536d46581	90270e1989f445230e20a6d6717312277af8acc5e9785b0a422ca40536d46581	490a5d6fcad0bb28d11301ec876aea90ab9dc33cc8bb792570f5745a70a9b9ca	38	false
widgets/visualization/org.eclipse.nebula.visualization.xygraph/examples/org/eclipse/nebula/visualization/xygraph/examples/SimpleExample.java	8794e6cf7417dd2e33a4537d29c35058056b89a6a186a175aaa2267ffa643599	8794e6cf7417dd2e33a4537d29c35058056b89a6a186a175aaa2267ffa643599	4f6460919154dc03fed9b7d118f0603a570ecfd701a2a7949764be79355f16cd	35	false
widgets/visualization/org.eclipse.nebula.visualization.xygraph/examples/org/eclipse/nebula/visualization/xygraph/examples/SimpleToolbarArmedXYGraphExample.java	078b0285b21006183deea5a7e6cb25223c16f026bfd43e3bf41ff2449ce807d0	078b0285b21006183deea5a7e6cb25223c16f026bfd43e3bf41ff2449ce807d0	e460febab17ba431b28c1446f5c2c90e34b59384194e492768d187d1d363ae1e	24	false
widgets/visualization/org.eclipse.nebula.visualization.xygraph/examples/org/eclipse/nebula/visualization/xygraph/examples/StaircaseExample.java	711bccec8ffae03fd44919d6afad59eb3ba46ceba57dd303357cee691cc4d63f	711bccec8ffae03fd44919d6afad59eb3ba46ceba57dd303357cee691cc4d63f	1bdbdbc369fd3af4e24681fa8e364c0b69201bf8c1dcc3a190818683d639304d	42	false
widgets/visualization/org.eclipse.nebula.visualization.xygraph/src/org/eclipse/nebula/visualization/internal/xygraph/toolbar/AddAnnotationDialog.java	2a0557319265e558a309a121bd22a6770b3b712342edefe091940fe026e6693a	2a0557319265e558a309a121bd22a6770b3b712342edefe091940fe026e6693a	eeb1ae1dedb25758f392d23ce2424d49aa32c7b976d345d08ad18269535233d4	26	false
widgets/visualization/org.eclipse.nebula.visualization.xygraph/src/org/eclipse/nebula/visualization/internal/xygraph/toolbar/AnnotationConfigPage.java	55bafce0d470c70ba1e33d79cd5a28b4b1a22adbddc68a68a72a9998c10287fb	55bafce0d470c70ba1e33d79cd5a28b4b1a22adbddc68a68a72a9998c10287fb	8014cc1b0bac4b4030902d14845df35740d13682dcf3cc4e471b023bd17935ec	160	false
widgets/visualization/org.eclipse.nebula.visualization.xygraph/src/org/eclipse/nebula/visualization/internal/xygraph/toolbar/AxisConfigPage.java	184c798a9281f074a0fab754e8898acdad1ec2d7c632a7c5a9d1fac436d6cd96	184c798a9281f074a0fab754e8898acdad1ec2d7c632a7c5a9d1fac436d6cd96	3eb6b4081707d7d1d7646422b4e52821249e9925deada2eaf02265015abeb7a6	260	false
widgets/visualization/org.eclipse.nebula.visualization.xygraph/src/org/eclipse/nebula/visualization/internal/xygraph/toolbar/DoubleInputText.java	ec7917283d763f7e42e1ae91da007af264c49b6938aa8647d74e079776c98882	ec7917283d763f7e42e1ae91da007af264c49b6938aa8647d74e079776c98882	bab5bca361b18762876be7517af5ea32e79052f512c68d88dd9b2d4be4cf8566	32	false
widgets/visualization/org.eclipse.nebula.visualization.xygraph/src/org/eclipse/nebula/visualization/internal/xygraph/toolbar/GraphConfigPage.java	fb1fde0bad61e1269c1dabdd070d6eecbe0fce90a28a4116155dd5ae3387d156	fb1fde0bad61e1269c1dabdd070d6eecbe0fce90a28a4116155dd5ae3387d156	d902c9331e0e237773b979a17f8f1b56c354c7c6e7cd3b06e9b7b4131a52c9de	89	false
widgets/visualization/org.eclipse.nebula.visualization.xygraph/src/org/eclipse/nebula/visualization/internal/xygraph/toolbar/GrayableButton.java	766f790a52dee2a81e0ff3ab0c0ac1380534eb7f0b75a1ea90aee3c1e30dc008	766f790a52dee2a81e0ff3ab0c0ac1380534eb7f0b75a1ea90aee3c1e30dc008	22e6416afefda79cf2678b53bc8d8375858a5cdfdc5b2bc59e393f198bdd2599	25	false
widgets/visualization/org.eclipse.nebula.visualization.xygraph/src/org/eclipse/nebula/visualization/internal/xygraph/toolbar/ITraceConfigPage.java	034ab2b4ef9c6561f8af2dd4ac39db3de71e225b528250619c121d6fe409008b	034ab2b4ef9c6561f8af2dd4ac39db3de71e225b528250619c121d6fe409008b	19e44e5bf52edb588ced2c5c56133fe4490508af1f1f6272a292ada75f4f5750	0	false
widgets/visualization/org.eclipse.nebula.visualization.xygraph/src/org/eclipse/nebula/visualization/internal/xygraph/toolbar/RemoveAnnotationDialog.java	f58c86f60c320975da8990795b3e022f90d9e45a2af892d1e29b56720044c8db	f58c86f60c320975da8990795b3e022f90d9e45a2af892d1e29b56720044c8db	247e3b97fc09a4adef02eb236ea1e26d984d700c4b6753dd392b2605f35a1d9f	33	false
widgets/visualization/org.eclipse.nebula.visualization.xygraph/src/org/eclipse/nebula/visualization/internal/xygraph/toolbar/TraceConfigPage.java	46612b66b2274221fd329bcad6ef9f0a4e917b4e7468bfc77ac6e8139edd53b2	46612b66b2274221fd329bcad6ef9f0a4e917b4e7468bfc77ac6e8139edd53b2	360ee5f5f50d02e39ca2cd3498bfcc79f787eb3b4c0cb339fbbbbb82af1b3eda	218	false
widgets/visualization/org.eclipse.nebula.visualization.xygraph/src/org/eclipse/nebula/visualization/internal/xygraph/toolbar/WrappableToolbarLayout.java	2e061cef0e3d6c9b94ac3b9a9c841eef48a966feeedca1cf8746632e7f5dd261	2e061cef0e3d6c9b94ac3b9a9c841eef48a966feeedca1cf8746632e7f5dd261	3febbd2ca91005af2231b5ebaa652850bd46651dc78667a4b25fc0fe773e3e04	62	false
widgets/visualization/org.eclipse.nebula.visualization.xygraph/src/org/eclipse/nebula/visualization/internal/xygraph/toolbar/XYGraphConfigDialog.java	3e4badade01fe90e8fa7b3b817e801ab4093b94a346f660cbf1f1b40920ed003	3e4badade01fe90e8fa7b3b817e801ab4093b94a346f660cbf1f1b40920ed003	2ef4e55bf2cab06c64820c9b5c2d2ab2a60df9149258d0e3a3995ca477d80e74	229	false
widgets/visualization/org.eclipse.nebula.visualization.xygraph/src/org/eclipse/nebula/visualization/internal/xygraph/undo/AddAnnotationCommand.java	127e393a9873595bac27d0ba885a53e4e3d199ce5cdd0cb835636daeb6c66bc2	127e393a9873595bac27d0ba885a53e4e3d199ce5cdd0cb835636daeb6c66bc2	952d61f96cfbfc00fa96cbad09d2c381823058e2928648da8de097040792b5e2	9	false
widgets/visualization/org.eclipse.nebula.visualization.xygraph/src/org/eclipse/nebula/visualization/internal/xygraph/undo/AnnotationMemento.java	15194903d9363497ca7bc0ab69e8334bc716d4fe8c3ac56de058f44417dcfc23	15194903d9363497ca7bc0ab69e8334bc716d4fe8c3ac56de058f44417dcfc23	934d1664b41539ee31ae3b9a077ababec30c8001deff4b72c946d36151b4be85	44	false
widgets/visualization/org.eclipse.nebula.visualization.xygraph/src/org/eclipse/nebula/visualization/internal/xygraph/undo/AxisMemento.java	3d3658bccf3de7ba47e2d928edc8f53a8a3164c67cd8128bc1e249f9f7a75a4a	3d3658bccf3de7ba47e2d928edc8f53a8a3164c67cd8128bc1e249f9f7a75a4a	e9b10eaa03340db60e80a1f791e7d585ea935a939dea6df601da32de791611ca	56	false
widgets/visualization/org.eclipse.nebula.visualization.xygraph/src/org/eclipse/nebula/visualization/internal/xygraph/undo/AxisPanOrZoomCommand.java	be812a8b85bb7a8f4b4e39c215950223ff79b0fa7fef0f78e7830bcba6a41d76	be812a8b85bb7a8f4b4e39c215950223ff79b0fa7fef0f78e7830bcba6a41d76	6c12177f62cca9d8c0a432ebb8f8ad96eef85c60068587e9cca8ef7ffa965939	10	false
widgets/visualization/org.eclipse.nebula.visualization.xygraph/src/org/eclipse/nebula/visualization/internal/xygraph/undo/IOperationsManagerListener.java	80ce41ff82ad8c36be5e08a18173855c5a0dabb39770c1642f7f174abbb5de30	80ce41ff82ad8c36be5e08a18173855c5a0dabb39770c1642f7f174abbb5de30	01383b60eb3b7c958c40f5232e2db6bcbcf204d7e3c36ef6251103eecf825e56	0	false
widgets/visualization/org.eclipse.nebula.visualization.xygraph/src/org/eclipse/nebula/visualization/internal/xygraph/undo/IUndoableCommand.java	a2b9f1ffd424a1ea7e0df33ac8421497481de660fb8fe36c2adc16ba190ee077	a2b9f1ffd424a1ea7e0df33ac8421497481de660fb8fe36c2adc16ba190ee077	b6256169cfcb114e294f4af753041b7b1e3f4e9ae8fcca67206409b5f3d70383	0	false
widgets/visualization/org.eclipse.nebula.visualization.xygraph/src/org/eclipse/nebula/visualization/internal/xygraph/undo/MovingAnnotationCommand.java	e58f344b48b50cd6d1b68bca7066d1000c8e0d2dcb4e9772f507866dad6da886	e58f344b48b50cd6d1b68bca7066d1000c8e0d2dcb4e9772f507866dad6da886	a36a24188c998327ff0e354f6a538591c241faced43d154ea80fe7c4801c6b0f	32	false
widgets/visualization/org.eclipse.nebula.visualization.xygraph/src/org/eclipse/nebula/visualization/internal/xygraph/undo/MovingAnnotationLabelCommand.java	7d44da664a4a80f66e2b9c2428e0344c3ede1dc57a6cf9f7d79de814a4e1fb1c	7d44da664a4a80f66e2b9c2428e0344c3ede1dc57a6cf9f7d79de814a4e1fb1c	455a43ccd8773c8d6ee58cc40d9c844f12c1b82bb5a04cbeb2e7df2c0e3790ee	14	false
widgets/visualization/org.eclipse.nebula.visualization.xygraph/src/org/eclipse/nebula/visualization/internal/xygraph/undo/OperationsManager.java	64ae57cdc2833b4920df387a19b6c5820aeb07e0c8b48e434ec8c6cbac902a99	64ae57cdc2833b4920df387a19b6c5820aeb07e0c8b48e434ec8c6cbac902a99	4ee205874725eb71fe32bc4112b644314feff9f944c2750956fd49d8d276f7c4	48	false
widgets/visualization/org.eclipse.nebula.visualization.xygraph/src/org/eclipse/nebula/visualization/internal/xygraph/undo/RemoveAnnotationCommand.java	93b42ef574e80cc35d2871b755cf1e9393f985a2521fe0c13f64ed0d823b4435	93b42ef574e80cc35d2871b755cf1e9393f985a2521fe0c13f64ed0d823b4435	451c8756203582160d95e6fc02d728df62df1c49100738c7df2e7128c727eb84	9	false
widgets/visualization/org.eclipse.nebula.visualization.xygraph/src/org/eclipse/nebula/visualization/internal/xygraph/undo/SaveStateCommand.java	08e3a3c0064fb17101bdde5fa2dd96171720fe7d49360a95ec34e6f11069f037	08e3a3c0064fb17101bdde5fa2dd96171720fe7d49360a95ec34e6f11069f037	0af0d0d4eb9212d84d115dda71234b693ef94bbb17fb0862da2793e0f8ae4b98	4	false
widgets/visualization/org.eclipse.nebula.visualization.xygraph/src/org/eclipse/nebula/visualization/internal/xygraph/undo/SizeLimitedStack.java	d5f5de025011c7eac74ae0fd90a16a0c4cea317f8b5a39a6bcaa0557f25f48a6	d5f5de025011c7eac74ae0fd90a16a0c4cea317f8b5a39a6bcaa0557f25f48a6	7edf3ebed13d7a16c2030d255bc434a71c32d349c5d307066d3d708981d42bcd	17	false
widgets/visualization/org.eclipse.nebula.visualization.xygraph/src/org/eclipse/nebula/visualization/internal/xygraph/undo/TraceMemento.java	3dcaf7b1f86b0c2a8ef2151de98912283065107755776d5e2540130b6613e09e	3dcaf7b1f86b0c2a8ef2151de98912283065107755776d5e2540130b6613e09e	8c44bf3d6587e6d278be2d36ece87582a98b8377e43560b867cea4c2ee42a708	68	false
widgets/visualization/org.eclipse.nebula.visualization.xygraph/src/org/eclipse/nebula/visualization/internal/xygraph/undo/XYGraphConfigCommand.java	2f34244781baa158e3a0a68ae8812d38358d9b17d4969244a38faf8ab3682d72	2f34244781baa158e3a0a68ae8812d38358d9b17d4969244a38faf8ab3682d72	a566eb31f669db4af1deccde9bcd3e42c7c64314f6210c71873c2f00d974a884	38	false
widgets/visualization/org.eclipse.nebula.visualization.xygraph/src/org/eclipse/nebula/visualization/internal/xygraph/undo/XYGraphMemento.java	90c6901404ebe02c8324de2e8b92dded69b7acfafa568c1ff085a64bab7af2ed	90c6901404ebe02c8324de2e8b92dded69b7acfafa568c1ff085a64bab7af2ed	130adbc118eda2d8d4904269360bc752952e9cf54326b86455a8869e4e4d9f2b	51	false
widgets/visualization/org.eclipse.nebula.visualization.xygraph/src/org/eclipse/nebula/visualization/internal/xygraph/undo/XYGraphMementoUtil.java	2112a60250d635b8158737582c943208aa179f15635823e5902569651322c2f2	2112a60250d635b8158737582c943208aa179f15635823e5902569651322c2f2	485faf4279d21174d634f0b4b4f70781514012a0e5669372cb11a4af1b73fded	165	false
widgets/visualization/org.eclipse.nebula.visualization.xygraph/src/org/eclipse/nebula/visualization/internal/xygraph/undo/ZoomCommand.java	5dc7e03c700fb1290b2bbba511d3027f153fff528d343178d4b2edba87425479	5dc7e03c700fb1290b2bbba511d3027f153fff528d343178d4b2edba87425479	3aaad5f405357abe3cfe39f6b5262ae8f1b6074b3c89ee1c4ad6cb6353c04435	49	false
widgets/visualization/org.eclipse.nebula.visualization.xygraph/src/org/eclipse/nebula/visualization/internal/xygraph/utils/LargeNumberUtils.java	2f7732619e755b7e2ce18ebbc1a7d5a5ff9f6d34000b3cedec2f53c2c8031c0a	2f7732619e755b7e2ce18ebbc1a7d5a5ff9f6d34000b3cedec2f53c2c8031c0a	a9ed5c0b94a1cd32deb5be022c7c390128ab9f1f1993cc777e3e5763923da628	4	false
widgets/visualization/org.eclipse.nebula.visualization.xygraph/src/org/eclipse/nebula/visualization/xygraph/Messages.java	2a3b66f005f0cbdb476035fe32f9191074e0d1738ec5b0a61f377deb53303b74	2a3b66f005f0cbdb476035fe32f9191074e0d1738ec5b0a61f377deb53303b74	66766e57a1a8380194fd72709d7c22ade3391bb6181b255587ba102a6934047c	3	false
widgets/visualization/org.eclipse.nebula.visualization.xygraph/src/org/eclipse/nebula/visualization/xygraph/dataprovider/AbstractDataProvider.java	5570ab71c5464e3a7a1251be4ed970e7ccab98564eea5a441ad3c0f94d874f38	5570ab71c5464e3a7a1251be4ed970e7ccab98564eea5a441ad3c0f94d874f38	4ed1568a6c61d4b4483e03debc0710e5cb89f05b6dadf9e62818945ee61e5b7c	62	false
widgets/visualization/org.eclipse.nebula.visualization.xygraph/src/org/eclipse/nebula/visualization/xygraph/dataprovider/CircularBuffer.java	bdf252444acd115048619f7fc95adf951d8edbb28fc689693cbe51e48eb9d47d	bdf252444acd115048619f7fc95adf951d8edbb28fc689693cbe51e48eb9d47d	312001812ca01a6a148240fdd04b985f3ade9476624883ffa3c890c0cbe633c2	79	false
widgets/visualization/org.eclipse.nebula.visualization.xygraph/src/org/eclipse/nebula/visualization/xygraph/dataprovider/CircularBufferDataProvider.java	2521e6456024dfd21f6ab75868011e59b0e738437b074bec2ca9e9a8b6a95bd2	2521e6456024dfd21f6ab75868011e59b0e738437b074bec2ca9e9a8b6a95bd2	d1bcf36af5c8d389667baa43d78e83d4d9e2778b7fccbc7cf364d1ef7563936a	237	false
widgets/visualization/org.eclipse.nebula.visualization.xygraph/src/org/eclipse/nebula/visualization/xygraph/dataprovider/ClippedCircularBufferDataProvider.java	437ce6bd80aa7c2d8494ba99a76327cea00c971e5e0f3d6e3af9ae8462042a50	437ce6bd80aa7c2d8494ba99a76327cea00c971e5e0f3d6e3af9ae8462042a50	0b59b62aed822163ececd21440a7497604d69be9e865586f2c625daf4856d0db	20	false
widgets/visualization/org.eclipse.nebula.visualization.xygraph/src/org/eclipse/nebula/visualization/xygraph/dataprovider/IDataProvider.java	c51b3fdb931ba93868bc37c663412099ce3dd2a37e8b062058126fc5c9267f2c	c51b3fdb931ba93868bc37c663412099ce3dd2a37e8b062058126fc5c9267f2c	5f7bcc25390127a6659b7cde9fc55c8c342c68f1777d3bc6ea46f5174c49d70f	2	false
widgets/visualization/org.eclipse.nebula.visualization.xygraph/src/org/eclipse/nebula/visualization/xygraph/dataprovider/IDataProviderListener.java	6d87e1e7edb5fd2d4a8bf57d6f1ef510b36b8b4ecc49b1c6dc6c719cec05df3b	6d87e1e7edb5fd2d4a8bf57d6f1ef510b36b8b4ecc49b1c6dc6c719cec05df3b	8198ed6dc56eb7d033f5f09460d8768315a46cb0bec187cffb1257040e36c096	0	false
widgets/visualization/org.eclipse.nebula.visualization.xygraph/src/org/eclipse/nebula/visualization/xygraph/dataprovider/IMetaData.java	aae7f51f3e46896c66802a1953cf9439eeb09fe43bae17ef573ff8552b110cd1	aae7f51f3e46896c66802a1953cf9439eeb09fe43bae17ef573ff8552b110cd1	9db095f5bae0a9b2df05211d68f0446b1aa801a8480c3adcc9ec8ca776a5373a	0	false
widgets/visualization/org.eclipse.nebula.visualization.xygraph/src/org/eclipse/nebula/visualization/xygraph/dataprovider/ISample.java	f9e5c91e39f3beee46a0a0c91bc5c63328ae31d376fa7584add7d2eaff8d1a3d	f9e5c91e39f3beee46a0a0c91bc5c63328ae31d376fa7584add7d2eaff8d1a3d	35a2d4325a6f8ff3414082158e4a6341209b30b8b8d4e79b4fe2f6d599f0adb3	0	false
widgets/visualization/org.eclipse.nebula.visualization.xygraph/src/org/eclipse/nebula/visualization/xygraph/dataprovider/Sample.java	a8947086dd88432cf172e7b01e1763c5f4175f4aca07eb18f6f8cd01179f08b3	a8947086dd88432cf172e7b01e1763c5f4175f4aca07eb18f6f8cd01179f08b3	50959891ea86cc731422062d41456fd00a2f2645a6ec4ebca53d46da80de3570	119	false
widgets/visualization/org.eclipse.nebula.visualization.xygraph/src/org/eclipse/nebula/visualization/xygraph/figures/Annotation.java	98af39db97cfd4681d935fe8175b8a29a60986859f5ac7025081cd9260f659be	98af39db97cfd4681d935fe8175b8a29a60986859f5ac7025081cd9260f659be	b9ecc58715d5a2ec1a50b47254d7fbb57c87ffaedc8854c7d0ae92e392f10bed	583	false
widgets/visualization/org.eclipse.nebula.visualization.xygraph/src/org/eclipse/nebula/visualization/xygraph/figures/Axis.java	1a74aa407f7a8db7318fa31db0d644998717b4c136335e95974d05d76f2a1245	1a74aa407f7a8db7318fa31db0d644998717b4c136335e95974d05d76f2a1245	28dce8881e48e707e3bb7209eb3b42d9f32271d7b7ec337ef57d7060acb30051	622	false
widgets/visualization/org.eclipse.nebula.visualization.xygraph/src/org/eclipse/nebula/visualization/xygraph/figures/CircleAnnotation.java	968f3cc05fbaa302d6207db77f74865e02a2cd40fbf246d7b98f995ced7a09b0	968f3cc05fbaa302d6207db77f74865e02a2cd40fbf246d7b98f995ced7a09b0	ce2c678e29325b92530210a21971379618d3395693a9acde67096e106fafae93	18	false
widgets/visualization/org.eclipse.nebula.visualization.xygraph/src/org/eclipse/nebula/visualization/xygraph/figures/CrossAnnotation.java	41d38b2713c13e0bb2229341063d920ad63e4c6bc43a34bc040a20fae4052d3a	41d38b2713c13e0bb2229341063d920ad63e4c6bc43a34bc040a20fae4052d3a	f84b05e4acd9819a08405b6663bc36de38d6320ad093bf366c9e37abebaafa49	25	false
widgets/visualization/org.eclipse.nebula.visualization.xygraph/src/org/eclipse/nebula/visualization/xygraph/figures/DAxesFactory.java	4c56949c47a0e4739c9d8ecfb586506bb4cd97305c2bedbb3ea9f3a23f49bd2b	4c56949c47a0e4739c9d8ecfb586506bb4cd97305c2bedbb3ea9f3a23f49bd2b	e1d4e0babc410c6e05327873b0c08b426f4acf1e3356b2b80d20f57c3b96b48d	11	false
widgets/visualization/org.eclipse.nebula.visualization.xygraph/src/org/eclipse/nebula/visualization/xygraph/figures/DAxis.java	3f970c2c33739f7b11c44fb1eb0fcb7484bfdccce7589c7b9843b9a0e041fd35	3f970c2c33739f7b11c44fb1eb0fcb7484bfdccce7589c7b9843b9a0e041fd35	9851151f5baf9d40f8973df69796ca649bbd23747d2223c15da9a5157ac45b9a	310	false
widgets/visualization/org.eclipse.nebula.visualization.xygraph/src/org/eclipse/nebula/visualization/xygraph/figures/DefaultAxesFactory.java	4793965f9e4fa59b0bd1bfb49242124fa023167e1151f0d178db2f30b9150755	4793965f9e4fa59b0bd1bfb49242124fa023167e1151f0d178db2f30b9150755	d49a280621a4519451c8752ad3b49a60f08173d6e3a3ae0d08e35b44d356ec57	11	false
widgets/visualization/org.eclipse.nebula.visualization.xygraph/src/org/eclipse/nebula/visualization/xygraph/figures/Grid.java	256bbeeb8b216055774256f4ac97d19a0e99094fcb4c0b46ea56ff8a59df2506	256bbeeb8b216055774256f4ac97d19a0e99094fcb4c0b46ea56ff8a59df2506	2a271f7f3a72a3d9afa7aaaa5ecb8cc255afda9d0f16c26afefde5f124d65a70	29	false
widgets/visualization/org.eclipse.nebula.visualization.xygraph/src/org/eclipse/nebula/visualization/xygraph/figures/IAnnotationLabelProvider.java	059c48c990a41e28963ce14828061db9c26b23fae18635a5791261e40d649a02	059c48c990a41e28963ce14828061db9c26b23fae18635a5791261e40d649a02	6b31dac2a599dadee0933c4ef19da32c10ebc9a41ef2600748a55e26c6e601eb	0	false
widgets/visualization/org.eclipse.nebula.visualization.xygraph/src/org/eclipse/nebula/visualization/xygraph/figures/IAnnotationListener.java	929c699d15a0ffb4c8f3b4c12b151c6e730311e32a7c2e0e193a4a632c3002bf	929c699d15a0ffb4c8f3b4c12b151c6e730311e32a7c2e0e193a4a632c3002bf	b0b4ecfe7869bfce1c8115372acce802bd7167c91c84da2d42890f231d647e0a	0	false
widgets/visualization/org.eclipse.nebula.visualization.xygraph/src/org/eclipse/nebula/visualization/xygraph/figures/IAxesFactory.java	5d6241a49cdf5c1a092e5d8ed0d1d04f03c1ff832a7e3bf6f8c8aef446e59b42	5d6241a49cdf5c1a092e5d8ed0d1d04f03c1ff832a7e3bf6f8c8aef446e59b42	f399911e4198178b33775a9471d623e34cd2fa1470d6f1186b50b5b59e5d0a07	0	false
widgets/visualization/org.eclipse.nebula.visualization.xygraph/src/org/eclipse/nebula/visualization/xygraph/figures/IAxisListener.java	da7e956e7e1bc0dc25b4f95baa8213f22ada7746719cc6fb7f5bbb2eaf073b7f	da7e956e7e1bc0dc25b4f95baa8213f22ada7746719cc6fb7f5bbb2eaf073b7f	70234cc364995c90d13c24f1f06904be903cb1a4f646dff83026f0831b1b9d10	0	false
widgets/visualization/org.eclipse.nebula.visualization.xygraph/src/org/eclipse/nebula/visualization/xygraph/figures/ITraceListener.java	1aed319ad40929283fd92d444a752cd244d14a053b6adb6755cbbc01240b182d	1aed319ad40929283fd92d444a752cd244d14a053b6adb6755cbbc01240b182d	6d1e6b46fdc7fe0c902a14c461f0612d3bc1f98f37729dbb7d38d79496a27e6c	0	false
widgets/visualization/org.eclipse.nebula.visualization.xygraph/src/org/eclipse/nebula/visualization/xygraph/figures/IXYGraph.java	bd696c5cc07a4304420a0b5276c1f2a162a9cdad14f94845f4d280378805594f	bd696c5cc07a4304420a0b5276c1f2a162a9cdad14f94845f4d280378805594f	19c7dd7df1ee1024a149dcac305121bc6d7f38d6494675f92701f8eaf2119b76	0	false
widgets/visualization/org.eclipse.nebula.visualization.xygraph/src/org/eclipse/nebula/visualization/xygraph/figures/Legend.java	37b5a0ef4f85d1e70a1e9896a417b7f93fccf9fb6fd4c31c557d0682aaeeb31c	37b5a0ef4f85d1e70a1e9896a417b7f93fccf9fb6fd4c31c557d0682aaeeb31c	4f8252635b34d01249c1f114e3b8e37ebcfefc35c3713d26e345eceb2867af9a	132	false
widgets/visualization/org.eclipse.nebula.visualization.xygraph/src/org/eclipse/nebula/visualization/xygraph/figures/NoRepeatsPointsList.java	ab2936228ab5e6911b844b06bd17155f72748cec8d180acd9fce4ab509303467	ab2936228ab5e6911b844b06bd17155f72748cec8d180acd9fce4ab509303467	3c7607df99669457140c04a3fc552a7398b668dd46097784991823e36a8c0409	19	false
widgets/visualization/org.eclipse.nebula.visualization.xygraph/src/org/eclipse/nebula/visualization/xygraph/figures/PlotArea.java	e72802202bac7dd29855b5b49a96da438f1896212a67b7807c594609d5a22637	e72802202bac7dd29855b5b49a96da438f1896212a67b7807c594609d5a22637	4146eef7bb9ce46a923749a20fd736d7b980c2d83ce1cfd6f4f132e801500ed8	488	false
widgets/visualization/org.eclipse.nebula.visualization.xygraph/src/org/eclipse/nebula/visualization/xygraph/figures/ToolbarArmedXYGraph.java	fd26b9678e62f025d1e83052d5ac579e1a64b111b15ee12641a7778ec08ffd36	fd26b9678e62f025d1e83052d5ac579e1a64b111b15ee12641a7778ec08ffd36	a1127cd83f80a4f1fa6216384c27f336bcaecfe32f222963c16dec2f5892a034	45	false
widgets/visualization/org.eclipse.nebula.visualization.xygraph/src/org/eclipse/nebula/visualization/xygraph/figures/Trace.java	c766b8f94ef83b013e926a57171c6843c7f4a21beb6cf356340b450db3e4bd3e	c766b8f94ef83b013e926a57171c6843c7f4a21beb6cf356340b450db3e4bd3e	d3db81e2267cd5c840a645054f9cc2e79a5a43a8cc87aec927d2eb72cdaf382e	1059	false
widgets/visualization/org.eclipse.nebula.visualization.xygraph/src/org/eclipse/nebula/visualization/xygraph/figures/XYGraph.java	ad29bd4c2e02549f8753af6cf47c615df0bf720fe05a7817197ab6dcc05e1610	ad29bd4c2e02549f8753af6cf47c615df0bf720fe05a7817197ab6dcc05e1610	f7dc27ae76386230bb71dc328bcd42356a88cc9c800cf1e282aba07455b45f65	402	false
widgets/visualization/org.eclipse.nebula.visualization.xygraph/src/org/eclipse/nebula/visualization/xygraph/figures/XYGraphFlags.java	0c25ccfd7b1c2b022b12e9ecb8c82597192bfa048860ca916f0052a8ddaa562d	0c25ccfd7b1c2b022b12e9ecb8c82597192bfa048860ca916f0052a8ddaa562d	f0b4adc935af05bb3bb72502f6efdef8f17c9df5af09f6ab4d4e7d2a887cfe31	0	false
widgets/visualization/org.eclipse.nebula.visualization.xygraph/src/org/eclipse/nebula/visualization/xygraph/figures/XYGraphToolbar.java	dd4eac43832537efade9b7c5206861bb91378b1b66cfb74418ea43ba8376ebeb	dd4eac43832537efade9b7c5206861bb91378b1b66cfb74418ea43ba8376ebeb	b829cdb26010d37ac184a470b1cf19fdbe7990463305ae7bd7c50012ee19e240	155	false
widgets/visualization/org.eclipse.nebula.visualization.xygraph/src/org/eclipse/nebula/visualization/xygraph/figures/ZoomType.java	5227c79eaeae6d5d07ca22bcbeb23a5c804f3ced32b4b0e6ebd097769ebee543	5227c79eaeae6d5d07ca22bcbeb23a5c804f3ced32b4b0e6ebd097769ebee543	9f84a5482d97451d72ed06484e8094c0cbd9a8b72e1835826cde84ca4c792c79	50	false
widgets/visualization/org.eclipse.nebula.visualization.xygraph/src/org/eclipse/nebula/visualization/xygraph/linearscale/AbstractScale.java	8215da40c66cb4561f24fb55dc7cedde1f64d4316fff0ae8ba171e9a9376a6c4	8215da40c66cb4561f24fb55dc7cedde1f64d4316fff0ae8ba171e9a9376a6c4	de06b9d65001fc93713bc150abd20b7e638e4d672b3d10540c3b797b1655d0b9	233	false
widgets/visualization/org.eclipse.nebula.visualization.xygraph/src/org/eclipse/nebula/visualization/xygraph/linearscale/IScaleProvider.java	1b3cbe8365172e088709ae0db9335a597e1a6eb6edf614b7f1373f59ef5c0df8	1b3cbe8365172e088709ae0db9335a597e1a6eb6edf614b7f1373f59ef5c0df8	247b9c6aa2940bb863b31fc8f82ba864e45e33e3470d9610474d1c61bc1fe6a5	0	false
widgets/visualization/org.eclipse.nebula.visualization.xygraph/src/org/eclipse/nebula/visualization/xygraph/linearscale/ITicksProvider.java	f2fa88a52dc916d442ec3223699acadbdb70613f52ecd1610fec1feb89368f40	f2fa88a52dc916d442ec3223699acadbdb70613f52ecd1610fec1feb89368f40	da08a068efd5a2259430834161c47a19801a36a7802bcdeddd2018bd316797d0	0	false
widgets/visualization/org.eclipse.nebula.visualization.xygraph/src/org/eclipse/nebula/visualization/xygraph/linearscale/LinearScale.java	16e95195e9b3c0d235c697fc6a347ab0e73c32766ee244d96bc2491b23c40d9c	16e95195e9b3c0d235c697fc6a347ab0e73c32766ee244d96bc2491b23c40d9c	d87dd84eab767747824ca1ec1014621f54d2d4cdc971dffbc4755dc582ef246c	193	false
widgets/visualization/org.eclipse.nebula.visualization.xygraph/src/org/eclipse/nebula/visualization/xygraph/linearscale/LinearScaleTickLabels.java	ad81fced8b3bc09aaebbf91d7feca7e3f80ee92520c714933fd2b65dc161419b	ad81fced8b3bc09aaebbf91d7feca7e3f80ee92520c714933fd2b65dc161419b	0f7a43f0e379a5738fe65220121a5fd77840cc7cb282afa93238599aee03d28b	85	false
widgets/visualization/org.eclipse.nebula.visualization.xygraph/src/org/eclipse/nebula/visualization/xygraph/linearscale/LinearScaleTickLabels2.java	9ea59352035e95d4952f249fb24be4a4f7079b33ea293b0502ad087322e1fb8e	9ea59352035e95d4952f249fb24be4a4f7079b33ea293b0502ad087322e1fb8e	501274607513df0635e760e20155d6079280bcd899ff053a2f7e6acdf1bd41a2	32	false
widgets/visualization/org.eclipse.nebula.visualization.xygraph/src/org/eclipse/nebula/visualization/xygraph/linearscale/LinearScaleTickMarks.java	5bc6526b5e381bd8cd993de2248fede7776540442b323f0f453f8e265ea19096	5bc6526b5e381bd8cd993de2248fede7776540442b323f0f453f8e265ea19096	4f26ce8c945e0624266d98b7df9a0f242741076904d17800a81736a2016e6a4f	197	false
widgets/visualization/org.eclipse.nebula.visualization.xygraph/src/org/eclipse/nebula/visualization/xygraph/linearscale/LinearScaleTickMarks2.java	504c123aeefc6d7fbd1f44fb68d4ac7d0d594449d22910b07a0acdbfa08afe09	504c123aeefc6d7fbd1f44fb68d4ac7d0d594449d22910b07a0acdbfa08afe09	195a72d58240abcd58c3d3213dd7e17926917f2e90ad1dee238160a68a6fbc45	119	false
widgets/visualization/org.eclipse.nebula.visualization.xygraph/src/org/eclipse/nebula/visualization/xygraph/linearscale/LinearScaleTicks.java	3fa7b6a7785150235debd9fc62a020b71404b8d77ae4c28c693f10398e1873c1	3fa7b6a7785150235debd9fc62a020b71404b8d77ae4c28c693f10398e1873c1	75397e50dd208b921f31b62177b77677ed2c82606e6744d23486e8367fe1cc4d	447	false
widgets/visualization/org.eclipse.nebula.visualization.xygraph/src/org/eclipse/nebula/visualization/xygraph/linearscale/LinearScaleTicks2.java	eeada3fd1df1e7cbc0344b2103d7c30afe4693e599bdde518cff4755ca08a2cb	eeada3fd1df1e7cbc0344b2103d7c30afe4693e599bdde518cff4755ca08a2cb	ae88c0e89de17123516985c0197fec302af2412a5dfaced78e04c20dc457d28a	309	false
widgets/visualization/org.eclipse.nebula.visualization.xygraph/src/org/eclipse/nebula/visualization/xygraph/linearscale/LinearScaledMarker.java	1ca358d3f3af8e1f550305270995e2cffc6fd2f127e490da360c7bc55bb36d54	1ca358d3f3af8e1f550305270995e2cffc6fd2f127e490da360c7bc55bb36d54	6056c99e7f004f4a7b00780d16d032536e126c3a6b21ecbde82fd8e804d3bda2	173	false
widgets/visualization/org.eclipse.nebula.visualization.xygraph/src/org/eclipse/nebula/visualization/xygraph/linearscale/Range.java	62cb171d063171e2b92668be289250c6eebda776f441323ec78664bec3b26a46	62cb171d063171e2b92668be289250c6eebda776f441323ec78664bec3b26a46	aa65c351a11f636378d72be41c1e566aa164c409000378969f6c33c340d04edc	44	false
widgets/visualization/org.eclipse.nebula.visualization.xygraph/src/org/eclipse/nebula/visualization/xygraph/linearscale/Tick.java	ec9d07fda9c46fa67e08e8c871c06b90bbe795a9f230c58dc2abdc76d3c10b80	ec9d07fda9c46fa67e08e8c871c06b90bbe795a9f230c58dc2abdc76d3c10b80	65e75fc001e84c7441b652e9037a8270b28ee442bb081f296a51cfced15b5078	18	false
widgets/visualization/org.eclipse.nebula.visualization.xygraph/src/org/eclipse/nebula/visualization/xygraph/linearscale/TickFactory.java	3208e46c449ac7bc949013be63b29b078288aaf035311efd24a07944284d79f9	3208e46c449ac7bc949013be63b29b078288aaf035311efd24a07944284d79f9	d15c75054bb0cf4ea69c0cba055358a85a795aad572c57c96b52f3d0bb1e682c	599	false
widgets/visualization/org.eclipse.nebula.visualization.xygraph/src/org/eclipse/nebula/visualization/xygraph/styleprovider/BasePointStyleProvider.java	7aed5620e1bc5bde557d3c95ce27de4a310121691e98ea8b5fc3f0a759f29e4d	7aed5620e1bc5bde557d3c95ce27de4a310121691e98ea8b5fc3f0a759f29e4d	189df78eda758af815812fd92d10389dd9e4708ee610206fa800aecdb25bec1c	6	false
widgets/visualization/org.eclipse.nebula.visualization.xygraph/src/org/eclipse/nebula/visualization/xygraph/styleprovider/BooleanStyleProvider.java	112959569260ba4438d64931481f3c567b682288b93dceae800ffa71f7cf508e	112959569260ba4438d64931481f3c567b682288b93dceae800ffa71f7cf508e	b5df13150fa62ff0f631d68cc0f4036b174dd79b832211e1ec9a620965a2c934	9	false
widgets/visualization/org.eclipse.nebula.visualization.xygraph/src/org/eclipse/nebula/visualization/xygraph/styleprovider/DoubleStyleProvider.java	274a665f4a2a5610c3a58d36a7485326775a3e46a6576598d0db4b96a88a0ff4	274a665f4a2a5610c3a58d36a7485326775a3e46a6576598d0db4b96a88a0ff4	21dfbbfe279d58e4ee942fda648afe859f64d1d48c2862c64137cb6ea318e24b	25	false
widgets/visualization/org.eclipse.nebula.visualization.xygraph/src/org/eclipse/nebula/visualization/xygraph/styleprovider/IPointStyleProvider.java	8f167e269e93b4c98311e33cad47c1c47920901c839ce6667ed70e94635790ba	8f167e269e93b4c98311e33cad47c1c47920901c839ce6667ed70e94635790ba	0fb40326ad76872e43f77b97c9d3f13856ade92ab08edd1a6ed474938ea39bef	0	false
widgets/visualization/org.eclipse.nebula.visualization.xygraph/src/org/eclipse/nebula/visualization/xygraph/styleprovider/StringStyleProvider.java	478c5c18f7e7375914dd29298798573c703bf39822089e54cbea859b0e2de314	478c5c18f7e7375914dd29298798573c703bf39822089e54cbea859b0e2de314	9e10b0f0c3c8b5f8314e633f6fb09e955af23c9b1ba2cd956b1c48940e113cd4	75	false
widgets/visualization/org.eclipse.nebula.visualization.xygraph/src/org/eclipse/nebula/visualization/xygraph/util/GraphicsUtil.java	2ebd8c288129db5d69d58cd8926f32610bfcad5e0aab3c1d9caaaf59f5cefaa3	2ebd8c288129db5d69d58cd8926f32610bfcad5e0aab3c1d9caaaf59f5cefaa3	931554c45852b40335c5b8b441e5dc1eec26368e1f57903286591d1e8b79e373	51	false
widgets/visualization/org.eclipse.nebula.visualization.xygraph/src/org/eclipse/nebula/visualization/xygraph/util/ImplementationLoader.java	e8d88a41c11f48e39ad1c56104e115ea17d9f07990a81005e03864a92dde298f	e8d88a41c11f48e39ad1c56104e115ea17d9f07990a81005e03864a92dde298f	830cf4a657d2295e9cffde0ede1367e0c99aa1d6451771329eee5e6300a34986	11	false
widgets/visualization/org.eclipse.nebula.visualization.xygraph/src/org/eclipse/nebula/visualization/xygraph/util/Log10.java	f86bd8776d8508524c96276f882efcae6c20e78daa65b3a456d933e946dcf38a	f86bd8776d8508524c96276f882efcae6c20e78daa65b3a456d933e946dcf38a	d44bbe09503f7c79282931e8e743b59d53f1245e8124a246ec1732fda3a95961	7	false
widgets/visualization/org.eclipse.nebula.visualization.xygraph/src/org/eclipse/nebula/visualization/xygraph/util/Preferences.java	b173e07591ff56a4d5e7f96c093fc8fccc02a76d054909acf2a2b3cedb5ae8c9	b173e07591ff56a4d5e7f96c093fc8fccc02a76d054909acf2a2b3cedb5ae8c9	585e73ccf0010f76d16101948650ac908582f9dddf7de2fd88bf6119f722e56f	9	false
widgets/visualization/org.eclipse.nebula.visualization.xygraph/src/org/eclipse/nebula/visualization/xygraph/util/SWTConstants.java	198917db1c680ce0795f4a15ef0e95989f19d4b2897ca8b542e93fb46a55f8b6	198917db1c680ce0795f4a15ef0e95989f19d4b2897ca8b542e93fb46a55f8b6	7cd3288f4be7647445993ddeec4ac89e501e5346dd10058e0c763165f712f1ac	0	false
widgets/visualization/org.eclipse.nebula.visualization.xygraph/src/org/eclipse/nebula/visualization/xygraph/util/SingleSourceHelper.java	2080179c4f5c7d47ac2afa0cf545ab6c76bc8b25326b94b8e952ea6346139c22	2080179c4f5c7d47ac2afa0cf545ab6c76bc8b25326b94b8e952ea6346139c22	e2b614f45e9f68223adf9165c8b6c50e6d3c715b73857ef0812ceef448ea6c50	15	false
widgets/visualization/org.eclipse.nebula.visualization.xygraph/src/org/eclipse/nebula/visualization/xygraph/util/SingleSourceHelper2.java	087fcac684c66a077764da42dcb89d761973bc435f3a05fd85bb544285036c1f	087fcac684c66a077764da42dcb89d761973bc435f3a05fd85bb544285036c1f	46415bc28ff22f668bcc6228d56ee937d8803d0b4ed103a90e053cb9b3cf12e6	17	false
widgets/visualization/org.eclipse.nebula.visualization.xygraph/src/org/eclipse/nebula/visualization/xygraph/util/SingleSourceHelperImpl.java	c6fe88c777b92c8c0a4b0869e2c6bfe1c188ac14f5e6e8e5ab0b3ac0c644d7ce	c6fe88c777b92c8c0a4b0869e2c6bfe1c188ac14f5e6e8e5ab0b3ac0c644d7ce	a2c9611c765b539f7bd2355e55b5a4257d5a8632d7688bbe592dd139bf87cb8f	57	false
widgets/visualization/org.eclipse.nebula.visualization.xygraph/src/org/eclipse/nebula/visualization/xygraph/util/XYGraphMediaFactory.java	8bb0f0d1ab487d2b32e43713a4d727babb60703c0327114eb85bd9c6acb786b2	8bb0f0d1ab487d2b32e43713a4d727babb60703c0327114eb85bd9c6acb786b2	c5e3d6b7357ac9de1e67fa14ae6a2245d58b4c11fa56a7fa7e49c4e8a131bdb5	81	false
widgets/xviewer/org.eclipse.nebula.widgets.xviewer.core/src/org/eclipse/nebula/widgets/xviewer/core/model/ColumnData.java	46e76f2a46be0eeb50f45779323dc411b7965e5968847e804b760f51e5c257e4	46e76f2a46be0eeb50f45779323dc411b7965e5968847e804b760f51e5c257e4	cc0494bd5a0866a5aa2eeb3188c125dd833f9241d2e06e50168a89797faf4671	30	false
widgets/xviewer/org.eclipse.nebula.widgets.xviewer.core/src/org/eclipse/nebula/widgets/xviewer/core/model/ColumnDateFilter.java	511fac3574ec331f5f3f34d48253c94abe416e1e3406238e268d5bd50c13f6c9	511fac3574ec331f5f3f34d48253c94abe416e1e3406238e268d5bd50c13f6c9	1d85652a833190713a99ce4fe274b59f472600afeeea603903d826962ff26535	18	false
widgets/xviewer/org.eclipse.nebula.widgets.xviewer.core/src/org/eclipse/nebula/widgets/xviewer/core/model/ColumnFilterData.java	bc0f830379b9e91e3eddedb7bb0b74c8a132489ee3951a2ff3dd2f1bceb4ac5d	bc0f830379b9e91e3eddedb7bb0b74c8a132489ee3951a2ff3dd2f1bceb4ac5d	1ca640c2bf4a736c98595c1ded35e8f8700f61813fa3d2023e2ca9665178919d	76	false
widgets/xviewer/org.eclipse.nebula.widgets.xviewer.core/src/org/eclipse/nebula/widgets/xviewer/core/model/CustomizeData.java	7c0a01aea3a6058d63239c67b3be1b0c33ed7201105e980bdff363a3099d5944	7c0a01aea3a6058d63239c67b3be1b0c33ed7201105e980bdff363a3099d5944	0f7a13ce283567f760e55c06c005f2ae0754917d35a721c8cf09d941295c4205	72	false
widgets/xviewer/org.eclipse.nebula.widgets.xviewer.core/src/org/eclipse/nebula/widgets/xviewer/core/model/DateRangeType.java	810bc2472f23aa193a31fb4e2f6a5017278c39dc581714ebb9ba606a0db26116	810bc2472f23aa193a31fb4e2f6a5017278c39dc581714ebb9ba606a0db26116	e34363559d5a14cc7e2dee4f8e74e4433cab407e8443d4a716e6fa1c8a97866e	13	false
widgets/xviewer/org.eclipse.nebula.widgets.xviewer.core/src/org/eclipse/nebula/widgets/xviewer/core/model/FilterData.java	a7cf4708704804f99edd39d403cd68217a7ea590bfe998f3cb9d33d3e55dd922	a7cf4708704804f99edd39d403cd68217a7ea590bfe998f3cb9d33d3e55dd922	689a7123f964f1a9b49913d3f5985d4bedba063e70c143bae4994ec78a2b4cb3	18	false
widgets/xviewer/org.eclipse.nebula.widgets.xviewer.core/src/org/eclipse/nebula/widgets/xviewer/core/model/SortDataType.java	b49db79bdcaa2db2e2deee03d99102c782335baa3d78e164471cae026b126394	b49db79bdcaa2db2e2deee03d99102c782335baa3d78e164471cae026b126394	8c644f7a03d646de9292d944d71143e5a6ce0c0b1bfbe7df5a925fea7c26021c	0	false
widgets/xviewer/org.eclipse.nebula.widgets.xviewer.core/src/org/eclipse/nebula/widgets/xviewer/core/model/SortingData.java	fffc2113e3acaa59cae1ba1168334a03efe73a38aa23df77599d100cabd3d200	fffc2113e3acaa59cae1ba1168334a03efe73a38aa23df77599d100cabd3d200	82062e26e7aece51e38f8f11cfe3d6f1f80cb86a68af1d91bd755bd3e5819963	64	false
widgets/xviewer/org.eclipse.nebula.widgets.xviewer.core/src/org/eclipse/nebula/widgets/xviewer/core/model/XViewerAlign.java	bf3ff83261f6fdfdef9117da2c22c0b2c50331061c392ac4b07d2ea3eb9d84cb	bf3ff83261f6fdfdef9117da2c22c0b2c50331061c392ac4b07d2ea3eb9d84cb	bda3bb92bc28471cbecb3ba3d17ba93a736e8d39829ca374a2aead3214cb676b	0	false
widgets/xviewer/org.eclipse.nebula.widgets.xviewer.core/src/org/eclipse/nebula/widgets/xviewer/core/model/XViewerColumn.java	8cddf7a0753d1894f0f5d515dc136568714bdf625a4d0d6b8e4fe885ba4a7891	8cddf7a0753d1894f0f5d515dc136568714bdf625a4d0d6b8e4fe885ba4a7891	e91fb9c73e6b03dcf1e9b36968e78d12993dec3bfd1c0168dee278d5dd9c749f	239	false
widgets/xviewer/org.eclipse.nebula.widgets.xviewer.core/src/org/eclipse/nebula/widgets/xviewer/core/util/CollectionsUtil.java	07c3d6d7c506943ec82f989adb02f9495c19f9e9fe5ea546fea51b022de04d3f	07c3d6d7c506943ec82f989adb02f9495c19f9e9fe5ea546fea51b022de04d3f	fd3dfc46b1e010d055ee9ef5567324cfcb10b5f0c82d6687691b34ca2c0bf535	118	false
widgets/xviewer/org.eclipse.nebula.widgets.xviewer.core/src/org/eclipse/nebula/widgets/xviewer/core/util/Strings.java	1273b14f3364a4813576c9fe198dbb59db590d338e37276043df5940e676b934	1273b14f3364a4813576c9fe198dbb59db590d338e37276043df5940e676b934	eaef245d679e3e5fb2fc88bfea81d7b39ce5fdeda970203e7d8a233c64e5df6c	5	false
widgets/xviewer/org.eclipse.nebula.widgets.xviewer.core/src/org/eclipse/nebula/widgets/xviewer/core/util/XViewerUtil.java	223cfcfc60e0670f7a2f02b811180ee22751d144c1deb47c310510cf7c93ffe7	223cfcfc60e0670f7a2f02b811180ee22751d144c1deb47c310510cf7c93ffe7	f79f60e4e8e3bad05dbdcd030a252c030958f7d044a71c03b061c9bcc4e4f628	13	false
widgets/xviewer/org.eclipse.nebula.widgets.xviewer.core/src/org/eclipse/nebula/widgets/xviewer/core/util/XmlUtil.java	d70be4a7d2baa291b07b527a29ba48fefb80565795585f669aa1926554821661	d70be4a7d2baa291b07b527a29ba48fefb80565795585f669aa1926554821661	1cb97d535622b99a163fd7a2a3d8861f8efff1d5831043e2e2494ca09cd6128c	79	false
widgets/xviewer/org.eclipse.nebula.widgets.xviewer.example/src/org/eclipse/nebula/widgets/xviewer/example/Activator.java	d31141ba21f3d0f64cc3f30c205945719084edcb03a43eca47d70df386731298	d31141ba21f3d0f64cc3f30c205945719084edcb03a43eca47d70df386731298	bf6b5271603299c8698de0c17a27faf20fcda70557ff4e1225bbf0af77f25b12	9	false
widgets/xviewer/org.eclipse.nebula.widgets.xviewer.example/src/org/eclipse/nebula/widgets/xviewer/example/MyDefaultCustomizations.java	1861fd2cbacae46a258c5aca1694893744e631e9788ec4440e73ced8e9930356	1861fd2cbacae46a258c5aca1694893744e631e9788ec4440e73ced8e9930356	fb7450f0cba930fa437aab0f629adae2191431da5346edf4e164fb6de246c6ab	30	false
widgets/xviewer/org.eclipse.nebula.widgets.xviewer.example/src/org/eclipse/nebula/widgets/xviewer/example/MyPreComputedColumn.java	052c8fda77fe917a6d1e2bbe19c0a7984781ac625a98f865a4ffb0dc501e2a93	052c8fda77fe917a6d1e2bbe19c0a7984781ac625a98f865a4ffb0dc501e2a93	cae43ec9c66f58b43c325b21d50f2d6e9ccde6b87e28e593fbfff5dd7e57dbb3	31	false
widgets/xviewer/org.eclipse.nebula.widgets.xviewer.example/src/org/eclipse/nebula/widgets/xviewer/example/MyXViewer.java	0b9332c4fe4e6ef4b1250ec96a7e982dce8d459a3f19a8c5b29c8172f6d78061	0b9332c4fe4e6ef4b1250ec96a7e982dce8d459a3f19a8c5b29c8172f6d78061	89617551ad9fc4cc9c4336b9a324617c9d9b9742c7383ba666cf95ac992e6a7c	33	false
widgets/xviewer/org.eclipse.nebula.widgets.xviewer.example/src/org/eclipse/nebula/widgets/xviewer/example/MyXViewerContentProvider.java	ce25498ae3a13ce7f7f1f89b233f85d0f35083065705d5d3260d4549919d717a	ce25498ae3a13ce7f7f1f89b233f85d0f35083065705d5d3260d4549919d717a	58ee196ce4c9cada044ba36ef7b730f0f1e026602305cf8c85b18fe0db191bd2	29	false
widgets/xviewer/org.eclipse.nebula.widgets.xviewer.example/src/org/eclipse/nebula/widgets/xviewer/example/MyXViewerConverter.java	3c114b072a13d5abc950ed03fb1b76f6c292def7062a8a589bb558c1d8bb24d1	3c114b072a13d5abc950ed03fb1b76f6c292def7062a8a589bb558c1d8bb24d1	39c6ddcd5dee2b9c0e3b39688b71b3b620941c4ce0d758f93deb27662f74e0af	40	false
widgets/xviewer/org.eclipse.nebula.widgets.xviewer.example/src/org/eclipse/nebula/widgets/xviewer/example/MyXViewerCustomizations.java	7bc5a4e66697cd7f99f4e9edff9f5becc995a225d4df878a0c024e7d92d5684d	7bc5a4e66697cd7f99f4e9edff9f5becc995a225d4df878a0c024e7d92d5684d	f240c350147df4aa0610d1316e195934518f501dceac92e3386852fcf56b1684	65	false
widgets/xviewer/org.eclipse.nebula.widgets.xviewer.example/src/org/eclipse/nebula/widgets/xviewer/example/MyXViewerFactory.java	9006cbf382f0e4238ef2f1f2ba47e2d2a414dca2bed1bb54cec04851489d3ec9	9006cbf382f0e4238ef2f1f2ba47e2d2a414dca2bed1bb54cec04851489d3ec9	02d8252aaa4837a6648d4933ab3376af1c03fb620fc0c9cbf65b15e06ea820b9	12	false
widgets/xviewer/org.eclipse.nebula.widgets.xviewer.example/src/org/eclipse/nebula/widgets/xviewer/example/MyXViewerLabelProvider.java	a271e913a7c51afe023d403dd7b5e3dc7bfa60b79d0069bcbdf2df9f099bc0dc	a271e913a7c51afe023d403dd7b5e3dc7bfa60b79d0069bcbdf2df9f099bc0dc	0a891cf2a2dd7c2b99d1e432e511e82a49a46bf36b4d1fa4166c4f3dc2d2251c	73	false
widgets/xviewer/org.eclipse.nebula.widgets.xviewer.example/src/org/eclipse/nebula/widgets/xviewer/example/MyXViewerStyledTextLabelProvider.java	dec0bd8de5cae57e13e19178fddd9b7dc49a3f124af427e6e353a6df09ba3988	dec0bd8de5cae57e13e19178fddd9b7dc49a3f124af427e6e353a6df09ba3988	b1210881cc6839687feb648b5e9298a778226d8a4cedbe2660ff4b124b0187de	54	false
widgets/xviewer/org.eclipse.nebula.widgets.xviewer.example/src/org/eclipse/nebula/widgets/xviewer/example/MyXViewerTest.java	5f8b954e9f1b8913c352729afe0422f764db228d27d67036cac81432bf6f1d05	5f8b954e9f1b8913c352729afe0422f764db228d27d67036cac81432bf6f1d05	0938fdd7d8285bc3f670f1137369ab6bdf70f90fb016facbf808db622b590149	118	false
widgets/xviewer/org.eclipse.nebula.widgets.xviewer.example/src/org/eclipse/nebula/widgets/xviewer/example/images/MyImageCache.java	56f4bcc7e60ab1e2e21a7d935d0c0322f078e51187988270111260e52c4b374a	56f4bcc7e60ab1e2e21a7d935d0c0322f078e51187988270111260e52c4b374a	61d2fd00c30e973cbd1d43e4d3cbadd420240175e4d51f6f507e9feb063ee09c	11	false
widgets/xviewer/org.eclipse.nebula.widgets.xviewer.example/src/org/eclipse/nebula/widgets/xviewer/example/model/ISomeTask.java	f5e7a1c49b090422eac2ea889d902f2fc29a96ae97cfc7a5e2c0c644e53dd17a	f5e7a1c49b090422eac2ea889d902f2fc29a96ae97cfc7a5e2c0c644e53dd17a	3d997871516e944d8bc191459f3e7e08e593d33c2733701610aeef5ec12c4178	0	false
widgets/xviewer/org.eclipse.nebula.widgets.xviewer.example/src/org/eclipse/nebula/widgets/xviewer/example/model/SomeTask.java	4f5e6b09c94bea92ae2c6fa0b351af5ff4a1146a4e12e23c2468d207ffef8b16	4f5e6b09c94bea92ae2c6fa0b351af5ff4a1146a4e12e23c2468d207ffef8b16	34b47c17b41fa6b31f0e3cfa5d0c55994a04fc19eb81ac8ce1b59bd4df8c662c	49	false
widgets/xviewer/org.eclipse.nebula.widgets.xviewer.example/src/org/eclipse/nebula/widgets/xviewer/example/styledExample/XViewerStyledStringLableProviderTest.java	60a5317b7f0adb238f9cdcf28151314224612c5665714fa1e7aff254c915540c	60a5317b7f0adb238f9cdcf28151314224612c5665714fa1e7aff254c915540c	f1cc44b417561de10051fd99d21f00e738f5784b4b80fcedec720cbffb3e88bc	54	false
widgets/xviewer/org.eclipse.nebula.widgets.xviewer.example/src/org/eclipse/nebula/widgets/xviewer/example/styledExample/XViewerTestStyledStringLabelProvider.java	8be2effe417fb9e0b65cb394494bd30122874e7e425b890f5cd75df7dc0345c6	8be2effe417fb9e0b65cb394494bd30122874e7e425b890f5cd75df7dc0345c6	00b03ec0ff41476ad0ea13329d9f29429addc1ce9ea0762914ce06b245c9eae9	59	false
widgets/xviewer/org.eclipse.nebula.widgets.xviewer.example/src/org/eclipse/nebula/widgets/xviewer/example/util/FileUtil.java	a53fe051822cfa3abe1e849b3324378df597c58b78811649f02031b89fe55df2	a53fe051822cfa3abe1e849b3324378df597c58b78811649f02031b89fe55df2	becda2bce992c71ba80b35530bf91e61897e2880179bae4ba5ea6037ad4b3e4f	50	false
widgets/xviewer/org.eclipse.nebula.widgets.xviewer.example/src/org/eclipse/nebula/widgets/xviewer/example/util/MatchFilter.java	fd20ce156b9865175d1133c5012b2cbdd47734c229b6b6e087a68d1168c93dae	fd20ce156b9865175d1133c5012b2cbdd47734c229b6b6e087a68d1168c93dae	565fe0885245d4af17fae926b2c7e3e217f44da603b4d92f4b2a86d374074d36	5	false
widgets/xviewer/org.eclipse.nebula.widgets.xviewer.example/src/org/eclipse/nebula/widgets/xviewer/example/util/MyLib.java	1fdf5af0d6faba5b99dcc25ba10943a30b4226009dc50486212e3ebc841b38c9	1fdf5af0d6faba5b99dcc25ba10943a30b4226009dc50486212e3ebc841b38c9	b4838485ce15ca5ae597591cf0e3bfbcec7219c1d77b0dfcf22505bc33e05bdc	108	false
widgets/xviewer/org.eclipse.nebula.widgets.xviewer.example/src/org/eclipse/nebula/widgets/xviewer/example/util/MyLog.java	27704c94a7e567d9b2219cc0fb600f83badcee75d5eea97e27242932e26b1053	27704c94a7e567d9b2219cc0fb600f83badcee75d5eea97e27242932e26b1053	0737c5f15f24e904df4b043a335a49a39d204c8725a502485626a296b3a38d28	16	false
widgets/xviewer/org.eclipse.nebula.widgets.xviewer.integration/src/org/eclipse/nebula/widgets/xviewer/integration/Activator.java	4bff8ab3caef07b3742e3c6df4a829f636e107475f45b09705e48b7b715a21f2	4bff8ab3caef07b3742e3c6df4a829f636e107475f45b09705e48b7b715a21f2	103936a0fea49a0334a42120a7919922b08ad7db3e73add898bc3934be05dc5e	9	false
widgets/xviewer/org.eclipse.nebula.widgets.xviewer.integration/src/org/eclipse/nebula/widgets/xviewer/integration/ExampleTab.java	c412af318f56a8f04d9b1498c6cc78f98ec0de2eb8ccbc32d5ff759157ffaea6	c412af318f56a8f04d9b1498c6cc78f98ec0de2eb8ccbc32d5ff759157ffaea6	368e1a35ad96aee64f20bba3fd9eb667eb4ae7114e6a2635836fd021a6c9e859	12	false
widgets/xviewer/org.eclipse.nebula.widgets.xviewer.tests/src/org/eclipse/nebula/widgets/xviewer/tests/AllXViewerTestSuite.java	e1a67a0f25b30914f645f50a2045552acb81929b8e141306c4518366e32e7525	e1a67a0f25b30914f645f50a2045552acb81929b8e141306c4518366e32e7525	f9d3378f5253cff9fda64349389ef6f0f69ccdf6aa8f88e330fd0ebaaec3b679	0	false
widgets/xviewer/org.eclipse.nebula.widgets.xviewer.tests/src/org/eclipse/nebula/widgets/xviewer/tests/DummyTest.java	8d234486a78daed5cda4019a4f62c5b546fe46b75388eec12323062428689d48	8d234486a78daed5cda4019a4f62c5b546fe46b75388eec12323062428689d48	6eda66f96c07ec975f37737b5264488225b4eb6619d997e6f7fb805dae42cd30	2	false
widgets/xviewer/org.eclipse.nebula.widgets.xviewer/src/org/eclipse/nebula/widgets/xviewer/Activator.java	a435387c8d6e05c5c600e36ffa4d4b6f40810d66f092219f065fd84b460d9def	a435387c8d6e05c5c600e36ffa4d4b6f40810d66f092219f065fd84b460d9def	683d777e6697c47d01f4b574ced17d0fdd3a97ee4dd5cad971c568868a131117	13	false
widgets/xviewer/org.eclipse.nebula.widgets.xviewer/src/org/eclipse/nebula/widgets/xviewer/IAltLeftClickProvider.java	f3843f374c7ab9633156d5261374b966696f7fad4e167af9b166aa852bd2aaa2	f3843f374c7ab9633156d5261374b966696f7fad4e167af9b166aa852bd2aaa2	f9106e8f191a508e0065155ce8f70f84113bcc326afeb8365acb1df5143e5eba	0	false
widgets/xviewer/org.eclipse.nebula.widgets.xviewer/src/org/eclipse/nebula/widgets/xviewer/IMultiColumnEditProvider.java	7d96d54241778ba283340037bc1afe3ddde6d86d3c26f929966b8d0ec32328a0	7d96d54241778ba283340037bc1afe3ddde6d86d3c26f929966b8d0ec32328a0	bd3f8ddfb3eea67a81546b5ec31b5f5bf8df5fd9f405de9ad67de2bca08f9a17	0	false
widgets/xviewer/org.eclipse.nebula.widgets.xviewer/src/org/eclipse/nebula/widgets/xviewer/IXViewerFactory.java	7cdf12b8e66e8a3230cf9eb91507b720a04ce66cc421263dceec5d7b2dba3376	7cdf12b8e66e8a3230cf9eb91507b720a04ce66cc421263dceec5d7b2dba3376	4d490e082ad49bd340c810eb280e58a43c9263816df827736ebea1d66339bd1b	0	false
widgets/xviewer/org.eclipse.nebula.widgets.xviewer/src/org/eclipse/nebula/widgets/xviewer/IXViewerLabelProvider.java	f3098d6169d4e58f55c6273a1d74473f6c61dfba175398969dae971216cda9bf	f3098d6169d4e58f55c6273a1d74473f6c61dfba175398969dae971216cda9bf	0259177f493e9803fdb6176f0942d9babe7a0987a77e63597a7e987660b68279	0	false
widgets/xviewer/org.eclipse.nebula.widgets.xviewer/src/org/eclipse/nebula/widgets/xviewer/IXViewerPreComputedColumn.java	fda45ee55f0ad38fd02a18b3979b8f2b96e7fbf28a2826add8c31695e9a18e95	fda45ee55f0ad38fd02a18b3979b8f2b96e7fbf28a2826add8c31695e9a18e95	4896e8b87f6dd8c1fd0bafa185b4dc9fd4c00768bfb202dfa3c5586c9492ced1	0	false
widgets/xviewer/org.eclipse.nebula.widgets.xviewer/src/org/eclipse/nebula/widgets/xviewer/IXViewerValueColumn.java	eb7484a9918c5c1defb69e965defe786c01c618dfa9325d1408f33b829c0c247	eb7484a9918c5c1defb69e965defe786c01c618dfa9325d1408f33b829c0c247	f17261eb012ae230626cc6be1c0c26d835966eed8ef760e2fe791f5820fe7bb0	0	false
widgets/xviewer/org.eclipse.nebula.widgets.xviewer/src/org/eclipse/nebula/widgets/xviewer/XPromptChange.java	742751eea57f3bd21fe89e66c68f9b156c563ed3f9f04c9fd83f18cad8b314a0	742751eea57f3bd21fe89e66c68f9b156c563ed3f9f04c9fd83f18cad8b314a0	0290d07becb3c81c6dc33c3adc1c9d4a51c5f69e4b863b025d27f68578ae99e2	53	false
widgets/xviewer/org.eclipse.nebula.widgets.xviewer/src/org/eclipse/nebula/widgets/xviewer/XSubMenuManager.java	90a3af7564fa1ea13e554d823eec31b8e4b32b0c5b0a869980d1497f632ce968	90a3af7564fa1ea13e554d823eec31b8e4b32b0c5b0a869980d1497f632ce968	21e20f8c62847f2fde1060bd1d2407b95744b97eef452ecfc15c8621a87feaf8	10	false
widgets/xviewer/org.eclipse.nebula.widgets.xviewer/src/org/eclipse/nebula/widgets/xviewer/XViewer.java	0fb133c40a0b6bfdc9efba2c2af818da9a0ff23daf2313bce4042d3c94a6fde8	0fb133c40a0b6bfdc9efba2c2af818da9a0ff23daf2313bce4042d3c94a6fde8	873466e61fc5c7515d9ca7a617b533eee2d587864c9e7a2ce65e4442ae0db50d	555	false
widgets/xviewer/org.eclipse.nebula.widgets.xviewer/src/org/eclipse/nebula/widgets/xviewer/XViewerCells.java	ba9cb5e92adc865d615d759bd6684b29896fcf29d266be870f59816379ca997d	ba9cb5e92adc865d615d759bd6684b29896fcf29d266be870f59816379ca997d	14d6b40fed834947a8ebb5891c8d3e2aac60c7edc022807e0b14c0564fe6b766	5	false
widgets/xviewer/org.eclipse.nebula.widgets.xviewer/src/org/eclipse/nebula/widgets/xviewer/XViewerColumnLabelProvider.java	7cad89fa992d997e023d0088df13f3cb65e5963f4b5645da604c0db2202eba3e	7cad89fa992d997e023d0088df13f3cb65e5963f4b5645da604c0db2202eba3e	04825fafa60f51f365c204c012c7f6faf40cbe62c92b3821d5cb631699cd0944	13	false
widgets/xviewer/org.eclipse.nebula.widgets.xviewer/src/org/eclipse/nebula/widgets/xviewer/XViewerColumnSorter.java	9e2e317742152c3cc38e561a22e47667ff970a761bfc17d49c302c3016726b00	9e2e317742152c3cc38e561a22e47667ff970a761bfc17d49c302c3016726b00	e846c429789ff083f44bc40e51e22cc81dbb4b1ba64267608e4f3a14d8fdea16	9	false
widgets/xviewer/org.eclipse.nebula.widgets.xviewer/src/org/eclipse/nebula/widgets/xviewer/XViewerComputedColumn.java	4991aeb0bf934c2478f44d738f76ad6b3ae71a5f1d17b8ad464d73a6987ebcec	4991aeb0bf934c2478f44d738f76ad6b3ae71a5f1d17b8ad464d73a6987ebcec	9ce77554a3f178e2d0a5f6af4fc03de80acb6a115e467b3e588105d9e5e74530	36	false
widgets/xviewer/org.eclipse.nebula.widgets.xviewer/src/org/eclipse/nebula/widgets/xviewer/XViewerFactory.java	90864a83d9a2f92bb9a8e6c21111628245ad59f87f3bea7b662f307fe4933bc2	90864a83d9a2f92bb9a8e6c21111628245ad59f87f3bea7b662f307fe4933bc2	a1632dd7e4af10a4eb3927b56c573a8b6f40a8219a844405c4d027559b06a047	69	false
widgets/xviewer/org.eclipse.nebula.widgets.xviewer/src/org/eclipse/nebula/widgets/xviewer/XViewerGradient.java	6f6cc214ce873658419baed32147484d87118f956c7a3f40f406d197156e9943	6f6cc214ce873658419baed32147484d87118f956c7a3f40f406d197156e9943	9626e7bf7e409951913426e85fa2784807f59c64aa6aefbcbf099620dca3f2f8	47	false
widgets/xviewer/org.eclipse.nebula.widgets.xviewer/src/org/eclipse/nebula/widgets/xviewer/XViewerHtmlReport.java	49172edfefa34b5a106647fa866cf3c3c7fe2fc445398684b51bf1474a158e86	49172edfefa34b5a106647fa866cf3c3c7fe2fc445398684b51bf1474a158e86	c8a261ed1558ff370cfe99929cb115f98b8621b437e0398c2d726cfdb32d4661	31	false
widgets/xviewer/org.eclipse.nebula.widgets.xviewer/src/org/eclipse/nebula/widgets/xviewer/XViewerLabelProvider.java	e15ecf6e0934e31665e2a0762f29d4ebc230edf3521d32abbbdd0b9c0b7e23f4	e15ecf6e0934e31665e2a0762f29d4ebc230edf3521d32abbbdd0b9c0b7e23f4	a5aca6e4e05b868bc22c26794741310416696fb1cb62c4ccf3e65e8d5fd78b48	141	false
widgets/xviewer/org.eclipse.nebula.widgets.xviewer/src/org/eclipse/nebula/widgets/xviewer/XViewerLoadingReport.java	7fe9217884348bf4e1b6152ded2928a12a567c99ebb01357aaae86bcbd2b7782	7fe9217884348bf4e1b6152ded2928a12a567c99ebb01357aaae86bcbd2b7782	49249085cd61ee958044a8b6c30627a671739cf6e1239ea39162030c925e8481	29	false
widgets/xviewer/org.eclipse.nebula.widgets.xviewer/src/org/eclipse/nebula/widgets/xviewer/XViewerPreComputedColumnAdapter.java	2146a422b83ce51265474d58ad8999ec0c366cce01137d721b101e8192237d0b	2146a422b83ce51265474d58ad8999ec0c366cce01137d721b101e8192237d0b	a4feb1ad8ab934d149f94e11133af526017668ae56f696d9bad168cd7f788356	2	false
widgets/xviewer/org.eclipse.nebula.widgets.xviewer/src/org/eclipse/nebula/widgets/xviewer/XViewerSorter.java	1f5cc4428e5b8bd78eab4e0688b85057723dfa01018c631f48afbe26fc910c92	1f5cc4428e5b8bd78eab4e0688b85057723dfa01018c631f48afbe26fc910c92	65c832f79fb984a4915015c6dc2617f77dd5e34dc77278600d61aa351948f81c	302	false
widgets/xviewer/org.eclipse.nebula.widgets.xviewer/src/org/eclipse/nebula/widgets/xviewer/XViewerStyledTextLabelProvider.java	a3c0388a5ebe85c20c20a270cec9e08fc50ecde2eb59bccea954bd346e3ed754	a3c0388a5ebe85c20c20a270cec9e08fc50ecde2eb59bccea954bd346e3ed754	de70974b46e460715056623be779636be67447b31a6b99f94d8e454206d15694	140	false
widgets/xviewer/org.eclipse.nebula.widgets.xviewer/src/org/eclipse/nebula/widgets/xviewer/XViewerText.java	877a97270205bf8c33025430f23adc726700bff4acf7feaa2519a3cc7e0bfbbd	877a97270205bf8c33025430f23adc726700bff4acf7feaa2519a3cc7e0bfbbd	f646309f5e29da282ec59b53acfe3c0950cce9eaaf052d79e81ed21b6ec80d37	16	false
widgets/xviewer/org.eclipse.nebula.widgets.xviewer/src/org/eclipse/nebula/widgets/xviewer/XViewerTextFilter.java	8fff4033358f827fe3d96137844e5943599cbcad286ccd22b37847822167cacd	8fff4033358f827fe3d96137844e5943599cbcad286ccd22b37847822167cacd	691c572bbb4cf02ccd595a1679ad2bd516f3b6448e68721cbc4b29d38084c5d5	137	false
widgets/xviewer/org.eclipse.nebula.widgets.xviewer/src/org/eclipse/nebula/widgets/xviewer/XViewerTreeReport.java	a7b775d91a6a257b4d1d98738adae88dabb8897819928039fb5c4f6cfdfb2a96	a7b775d91a6a257b4d1d98738adae88dabb8897819928039fb5c4f6cfdfb2a96	22b094c23fb15dcc5ab6e969796236e74278eba41eb56d9e03a1da32a97956f1	59	false
widgets/xviewer/org.eclipse.nebula.widgets.xviewer/src/org/eclipse/nebula/widgets/xviewer/XViewerValueColumn.java	b658d14e79edef25455355177c9fa34d8b4be6f560e1cce26a50d81a18195456	b658d14e79edef25455355177c9fa34d8b4be6f560e1cce26a50d81a18195456	6715ceaecb8b698fb0b0bee575361df243abc33d13a4c99d3663bde6c345a854	22	false
widgets/xviewer/org.eclipse.nebula.widgets.xviewer/src/org/eclipse/nebula/widgets/xviewer/action/ColumnMultiEditAction.java	a1be9a5aefd253ecee1eb1d70e4b43967e50b2c333f1ad8ad4a7f4b8e3c5b777	a1be9a5aefd253ecee1eb1d70e4b43967e50b2c333f1ad8ad4a7f4b8e3c5b777	004c9d1cde45d7979dfbc82353ea405f2e0c28d4c54bafe244a2d0f78fdd48fc	32	false
widgets/xviewer/org.eclipse.nebula.widgets.xviewer/src/org/eclipse/nebula/widgets/xviewer/action/TableCustomizationAction.java	0a0c58cca8efc47018217acffbd927c4239aed500d24523ce67f563158a80d05	0a0c58cca8efc47018217acffbd927c4239aed500d24523ce67f563158a80d05	10055bb9a181910ecbd24331d092880e1c1b4f1a7469e4dcecfef855e03c4dba	9	false
widgets/xviewer/org.eclipse.nebula.widgets.xviewer/src/org/eclipse/nebula/widgets/xviewer/action/TableCustomizationCustomizeDataAction.java	8eb9910e66fd7b9142097ad30727994a1e5050d7e9d6e7557842c50a1bdd61f0	8eb9910e66fd7b9142097ad30727994a1e5050d7e9d6e7557842c50a1bdd61f0	bef69e95d6d63d5f2d256f02373836fe517d901dd0a651cfe3462508b93af583	15	false
widgets/xviewer/org.eclipse.nebula.widgets.xviewer/src/org/eclipse/nebula/widgets/xviewer/action/TableCustomizationDropDownAction.java	0b82f0f08fea2b7b4a5a6386f8899c7ab59dc6da303f93c2bdf4f96762168798	0b82f0f08fea2b7b4a5a6386f8899c7ab59dc6da303f93c2bdf4f96762168798	373e52a2f216110e406378db5c9685e75132695edc331e4859c8deedd29959c1	40	false
widgets/xviewer/org.eclipse.nebula.widgets.xviewer/src/org/eclipse/nebula/widgets/xviewer/action/ViewLoadingReportAction.java	a860aad49d63aabb111fa1f3a76e39b26f23912f46332c0bfa513b5f205058b5	a860aad49d63aabb111fa1f3a76e39b26f23912f46332c0bfa513b5f205058b5	a32237491a72dc3a6c7955e9627c96f3092e48ec3dcd533a8e42b6da8495ee66	11	false
widgets/xviewer/org.eclipse.nebula.widgets.xviewer/src/org/eclipse/nebula/widgets/xviewer/action/ViewSelectedCellDataAction.java	d7a7457ee8bc86a1c2ba35313e0c0efff93e6986c2bc4641b1bf54e2394bf66a	d7a7457ee8bc86a1c2ba35313e0c0efff93e6986c2bc4641b1bf54e2394bf66a	2d4497d90016e7a9b3e9f98959cda41914c6f1e1f33c4884fc027c106cec02ee	36	false
widgets/xviewer/org.eclipse.nebula.widgets.xviewer/src/org/eclipse/nebula/widgets/xviewer/action/ViewTableReportAction.java	a0ec33e656340124b367327deed4219bd21ef54bed87c86b6af79b59aadedf21	a0ec33e656340124b367327deed4219bd21ef54bed87c86b6af79b59aadedf21	7f94261840ccc4212ae628b2cbfc29bd0ea0af43efd8bac0be5d5e6957eeac66	11	false
widgets/xviewer/org.eclipse.nebula.widgets.xviewer/src/org/eclipse/nebula/widgets/xviewer/column/XViewerDaysTillTodayColumn.java	9b14c8825ead0a7b339b4f1b3da6d3aba6014add8fae0679d3d2e116cfa6447d	9b14c8825ead0a7b339b4f1b3da6d3aba6014add8fae0679d3d2e116cfa6447d	428a170a014e76cf86b7681eea1c679e2c23c023252f7a02fe5980111dc995a4	58	false
widgets/xviewer/org.eclipse.nebula.widgets.xviewer/src/org/eclipse/nebula/widgets/xviewer/column/XViewerDiffsBetweenColumnsColumn.java	f7a293e9bd3c2febe62e810570c9783bfb76ca65638893dd83f0492130d483ec	f7a293e9bd3c2febe62e810570c9783bfb76ca65638893dd83f0492130d483ec	8833f26370e634aca34094c02a78932842565dcf190925d7fa0bc62e72760718	47	false
widgets/xviewer/org.eclipse.nebula.widgets.xviewer/src/org/eclipse/nebula/widgets/xviewer/customize/ColumnFilterDataUI.java	b98473af275778349efbaca177695071476a4b7f1d760cf3c6a8a1d49dc66369	b98473af275778349efbaca177695071476a4b7f1d760cf3c6a8a1d49dc66369	96bf24625f6f08d90be00561dca59d36aef9540571f7fb6183895c31829ce191	38	false
widgets/xviewer/org.eclipse.nebula.widgets.xviewer/src/org/eclipse/nebula/widgets/xviewer/customize/CustomizeDataLabelProvider.java	bc7b4a6614c529f0fffbfa944b2689ed261420ade5bd5b6230b0d61b8d6bf2fe	bc7b4a6614c529f0fffbfa944b2689ed261420ade5bd5b6230b0d61b8d6bf2fe	3390c7ca68ccd6fc58b7b937cf32014c037577befca8334d0d05c1518970614d	24	false
widgets/xviewer/org.eclipse.nebula.widgets.xviewer/src/org/eclipse/nebula/widgets/xviewer/customize/CustomizeManager.java	e0a161d47c0488cd4f72a6397894cfff7c6af57d99930ec652142033ed52bd0f	e0a161d47c0488cd4f72a6397894cfff7c6af57d99930ec652142033ed52bd0f	7e5ca246e15b07ec1e9d8e8e2f1e82dda4ea7e1f5d556b112f302c7976d1c849	412	false
widgets/xviewer/org.eclipse.nebula.widgets.xviewer/src/org/eclipse/nebula/widgets/xviewer/customize/FileStoreCustomizations.java	e2044d2ff9eb71008577bfbb89d4b21e731c30e52a0e9d50114a757f4f37ac7f	e2044d2ff9eb71008577bfbb89d4b21e731c30e52a0e9d50114a757f4f37ac7f	9f40a01b4e266c2bf894d98e45ded0a7ffe69fef786e645225bae2133c4d9f2a	75	false
widgets/xviewer/org.eclipse.nebula.widgets.xviewer/src/org/eclipse/nebula/widgets/xviewer/customize/FilterDataUI.java	a87ec2a5fb760a2522beb56d6219e2f79d02a9d4fbb63c8ef1bca11876336796	a87ec2a5fb760a2522beb56d6219e2f79d02a9d4fbb63c8ef1bca11876336796	4fdd46214add33334baf35077c4dc17ceeca2dec0da1e169b57bd1244a30b914	57	false
widgets/xviewer/org.eclipse.nebula.widgets.xviewer/src/org/eclipse/nebula/widgets/xviewer/customize/IXViewerCustomizations.java	5457136129915faed2cfcda3414543bff6c0851d02317a57b21111a8ff658147	5457136129915faed2cfcda3414543bff6c0851d02317a57b21111a8ff658147	d382330ee6fd3e1132c63211418b3382ae090c82d239ff657f2c0263bc216033	0	false
widgets/xviewer/org.eclipse.nebula.widgets.xviewer/src/org/eclipse/nebula/widgets/xviewer/customize/SearchDataUI.java	c04a7460c345da09a8280c42a9a6b9c5b3e29385526a5563d39f2e71fea7b1cd	c04a7460c345da09a8280c42a9a6b9c5b3e29385526a5563d39f2e71fea7b1cd	8c49b358ecfbf5d4a1c1084864d8206c413f260196210c5433284746b1a6761d	66	false
widgets/xviewer/org.eclipse.nebula.widgets.xviewer/src/org/eclipse/nebula/widgets/xviewer/customize/XViewerCustomMenu.java	94771106b24a5a7a179f02435d96b8b27d0ff9058a5391007f2b6e675b641175	94771106b24a5a7a179f02435d96b8b27d0ff9058a5391007f2b6e675b641175	691045c1648479acbcf2a4ab90488b1019e9a1a7bd59e07f1b294f5b65aca1bf	544	false
widgets/xviewer/org.eclipse.nebula.widgets.xviewer/src/org/eclipse/nebula/widgets/xviewer/customize/XViewerCustomizations.java	dcf4e0620ad95638f0ee7fdc59abacccdac4fb478e44f9a9a274adc04f00cc47	dcf4e0620ad95638f0ee7fdc59abacccdac4fb478e44f9a9a274adc04f00cc47	1bf505f07aff94da84782ed19e8b6a3d6a30cffff5d51030f228491b73cadae0	11	false
widgets/xviewer/org.eclipse.nebula.widgets.xviewer/src/org/eclipse/nebula/widgets/xviewer/customize/dialog/CustomizationDataSelectionDialog.java	f72f2f7cf66857ddeb370431a5778615040f617573a838438ba105b8e84ad0d0	f72f2f7cf66857ddeb370431a5778615040f617573a838438ba105b8e84ad0d0	299197a1062676159361fb21469d6547a4453233e60e4035eeca0a70a7709cc9	60	false
widgets/xviewer/org.eclipse.nebula.widgets.xviewer/src/org/eclipse/nebula/widgets/xviewer/customize/dialog/XViewerCustDialogDragDrop.java	464523db71c8432fd6602d0974c0f1141098ab86925789af7d72e1b05f441767	464523db71c8432fd6602d0974c0f1141098ab86925789af7d72e1b05f441767	d3b2d66e77c8e238339c4f8ef4d979bd142b62279ad7b7fef08ba27fd38a8d4e	135	false
widgets/xviewer/org.eclipse.nebula.widgets.xviewer/src/org/eclipse/nebula/widgets/xviewer/customize/dialog/XViewerCustomizeDialog.java	e40b1359b1d7d9e4a833ff8e578951b73165ed44d3bdf3ec387a4ef9c9199828	e40b1359b1d7d9e4a833ff8e578951b73165ed44d3bdf3ec387a4ef9c9199828	0232942733ec2e699384c2d85c4ca8baa55a4d10ba2fccad892945dc85c1ac5b	752	false
widgets/xviewer/org.eclipse.nebula.widgets.xviewer/src/org/eclipse/nebula/widgets/xviewer/edit/CellEditDescriptor.java	7b0e47b764d4012f695c96f0a8c43172590a7bc5b0dc8bc4edf89f4687646afe	7b0e47b764d4012f695c96f0a8c43172590a7bc5b0dc8bc4edf89f4687646afe	e7367110b6e913249ac325667235f070bc5d2c50f108043d586aa9ff3bde3e69	37	false
widgets/xviewer/org.eclipse.nebula.widgets.xviewer/src/org/eclipse/nebula/widgets/xviewer/edit/DefaultXViewerControlFactory.java	cbafb249a2a6b10ad77b654c234fb8f951feaaa781e75da9dcba20fcd7ffb43b	cbafb249a2a6b10ad77b654c234fb8f951feaaa781e75da9dcba20fcd7ffb43b	41ff7a9de7a8ba27ef7a4a39008278af01bfed9b9246978bf3bab375d699a6cd	12	false
widgets/xviewer/org.eclipse.nebula.widgets.xviewer/src/org/eclipse/nebula/widgets/xviewer/edit/ExtendedViewerColumn.java	264ad4fe0514b340cda18d2235dfb37f11e7e17ff32425649dcb5601f3e916c4	264ad4fe0514b340cda18d2235dfb37f11e7e17ff32425649dcb5601f3e916c4	273015e0449b117dab19f4092a47921bcd1977bc132a87988f55f139e70f31a2	17	false
widgets/xviewer/org.eclipse.nebula.widgets.xviewer/src/org/eclipse/nebula/widgets/xviewer/edit/IExtendedViewerColumn.java	6244b17123cee3a1c0bf27a6d31e4a13472a81c32a153a1feb3e0821abce2f7d	6244b17123cee3a1c0bf27a6d31e4a13472a81c32a153a1feb3e0821abce2f7d	9a40e6c852d3578a0635d56d4dfe96ff457bfdd652823c7d76c3fcdc9e7ddbba	0	false
widgets/xviewer/org.eclipse.nebula.widgets.xviewer/src/org/eclipse/nebula/widgets/xviewer/edit/XViewerControlFactory.java	1a73e0da8a6c185ea1a917ee6ada84a11437dd9f56bdccf739b822236c9975b3	1a73e0da8a6c185ea1a917ee6ada84a11437dd9f56bdccf739b822236c9975b3	b70b6fb47fda25ca949ad1881541cd72b8014479bbcb1baaec04c042381f9ac7	0	false
widgets/xviewer/org.eclipse.nebula.widgets.xviewer/src/org/eclipse/nebula/widgets/xviewer/edit/XViewerConverter.java	51a403db823fa0a2095fedb79a5a4110d11f00b903a95f97071383437e798742	51a403db823fa0a2095fedb79a5a4110d11f00b903a95f97071383437e798742	48462f753de03dc2ce27c9340c14e10a86d82e31681a51871e54f1247a3d7da9	0	false
widgets/xviewer/org.eclipse.nebula.widgets.xviewer/src/org/eclipse/nebula/widgets/xviewer/edit/XViewerEditAdapter.java	effdde93a59c6f256a88c4ce39b2292c3f912802f35ba765745d5b7a5a755166	effdde93a59c6f256a88c4ce39b2292c3f912802f35ba765745d5b7a5a755166	fd2cc538b6137de3e8d8432b232b11b43f78144f35d9a44f06cc7b470ed6b89c	210	false
widgets/xviewer/org.eclipse.nebula.widgets.xviewer/src/org/eclipse/nebula/widgets/xviewer/edit/XViewerMultiEditAdapter.java	218584aca116e3eaae6a5372da750000426134c8ecea653ff240e2f97b8a567f	218584aca116e3eaae6a5372da750000426134c8ecea653ff240e2f97b8a567f	3f9608172ec804a9c825e2bd5ed63a7c08b3d8e9a63cea070a9434b8445248b1	50	false
widgets/xviewer/org.eclipse.nebula.widgets.xviewer/src/org/eclipse/nebula/widgets/xviewer/util/EnumStringMultiSelectionDialog.java	87a4778b383aa08aa8e11cb6bd4ac46e628592a1254a9ca2e4faf60bb40cf53a	87a4778b383aa08aa8e11cb6bd4ac46e628592a1254a9ca2e4faf60bb40cf53a	ac91fe42b5671b7c3025587d091c78987ac1f365bc94c2e9afa6edb55b230647	44	false
widgets/xviewer/org.eclipse.nebula.widgets.xviewer/src/org/eclipse/nebula/widgets/xviewer/util/EnumStringSingleSelectionDialog.java	3637dd786a4cb8da934cc81dcdf8b9de2ff291d2b0c7f4a16705f5837fd3f415	3637dd786a4cb8da934cc81dcdf8b9de2ff291d2b0c7f4a16705f5837fd3f415	10a8b19f873eec58dd8347772c8d037f7c9f482e876787f9cf1b68487355a5b5	14	false
widgets/xviewer/org.eclipse.nebula.widgets.xviewer/src/org/eclipse/nebula/widgets/xviewer/util/Pair.java	a0bbb1cd3aa91483dda0ecb96eac9676d79e3c72980450a74f0157eac94335b9	a0bbb1cd3aa91483dda0ecb96eac9676d79e3c72980450a74f0157eac94335b9	245713ccac8fc75e4e80d1851409cca1900d982bc96c00e6943169495b7fcbb6	11	false
widgets/xviewer/org.eclipse.nebula.widgets.xviewer/src/org/eclipse/nebula/widgets/xviewer/util/XViewerDisplay.java	fdd68d93e938fe6a3db37ffda540624dea4e5d4a859ac9021c83ce69ea4a868c	fdd68d93e938fe6a3db37ffda540624dea4e5d4a859ac9021c83ce69ea4a868c	639a9247c5bb8c190606a652cfc34edc006f1c58bb24bd2d6330c8f002ef4502	13	false
widgets/xviewer/org.eclipse.nebula.widgets.xviewer/src/org/eclipse/nebula/widgets/xviewer/util/XViewerException.java	34020afbf929da082700f38148456d1200ceb4ecd6220c8bff17899016b6fb5e	34020afbf929da082700f38148456d1200ceb4ecd6220c8bff17899016b6fb5e	e03db3e9fbdcdf883f5b30ac5ee19a9aa18c4ffbf69de3b67f3dff98bbf86f67	6	false
widgets/xviewer/org.eclipse.nebula.widgets.xviewer/src/org/eclipse/nebula/widgets/xviewer/util/internal/ArrayTreeContentProvider.java	a324cf706799b715141dd6bcab17da1ccd8a0c6083e1647e95c6acc9e04729c5	a324cf706799b715141dd6bcab17da1ccd8a0c6083e1647e95c6acc9e04729c5	30e11abbe79350212d4a3f137d6f5eb6ff821fdd2ceceb3c7d689c3103c03763	15	false
widgets/xviewer/org.eclipse.nebula.widgets.xviewer/src/org/eclipse/nebula/widgets/xviewer/util/internal/CustomizeDataImages.java	595288156e5214efac7723fffccdfdfd05d3ad6717400d5d9c871cd86168d0f6	595288156e5214efac7723fffccdfdfd05d3ad6717400d5d9c871cd86168d0f6	148eed9276cb4ebcac5c79e8e3238a591f761a022970ef9a6a5800d0c56fc5b9	24	false
widgets/xviewer/org.eclipse.nebula.widgets.xviewer/src/org/eclipse/nebula/widgets/xviewer/util/internal/DateUtil.java	e8903f5fcc7e8f448a5d6f4dfec236aa634607b707f20a409c28c734b6ec1df5	e8903f5fcc7e8f448a5d6f4dfec236aa634607b707f20a409c28c734b6ec1df5	977f33ef0d37d0beef8750fdac19876ea632addb526f89d6a1f39fc9fdd79790	177	false
widgets/xviewer/org.eclipse.nebula.widgets.xviewer/src/org/eclipse/nebula/widgets/xviewer/util/internal/ElapsedTime.java	820e5993617f46393695492967e367875dd14d185ddf47aebf175ea087175837	820e5993617f46393695492967e367875dd14d185ddf47aebf175ea087175837	10e5d1512116d0bd5e4b3f2b56a97d231c6c90c9c4a29592623fe8efff49ed1a	38	false
widgets/xviewer/org.eclipse.nebula.widgets.xviewer/src/org/eclipse/nebula/widgets/xviewer/util/internal/FileUtil.java	f79190a8c3b2bb368d2e31945e9b70c0bf64d305fb4b0d378b900649d67a6efb	f79190a8c3b2bb368d2e31945e9b70c0bf64d305fb4b0d378b900649d67a6efb	1eaa271553126d3d40b973d326d29ed9a5c0aa058f610f5065cca8e053a749ff	50	false
widgets/xviewer/org.eclipse.nebula.widgets.xviewer/src/org/eclipse/nebula/widgets/xviewer/util/internal/FilteredTreeComposite.java	a4ba84ac169e7545470cc19c8858ab7ae996c1b06806e3b29c0f7980371cdf53	a4ba84ac169e7545470cc19c8858ab7ae996c1b06806e3b29c0f7980371cdf53	b02cb7eaf4bef135b63872c0ef50fa8c13980f0b906aa2ef0054ca6996f8f059	366	false
widgets/xviewer/org.eclipse.nebula.widgets.xviewer/src/org/eclipse/nebula/widgets/xviewer/util/internal/HtmlUtil.java	dfd838618b27e6f51f7c89187dbe7e304a56f69176d25cbe35a3bc1630bf762f	dfd838618b27e6f51f7c89187dbe7e304a56f69176d25cbe35a3bc1630bf762f	21ecec962f993b0538a5117396f9f8bad66e4a9b4d3b1e86722ccc61e44b9c38	300	false
widgets/xviewer/org.eclipse.nebula.widgets.xviewer/src/org/eclipse/nebula/widgets/xviewer/util/internal/MatchFilter.java	1bafdf272e51cc93d693dc8bb347d176a63e816fcdc77b249f6d3150a32d18a3	1bafdf272e51cc93d693dc8bb347d176a63e816fcdc77b249f6d3150a32d18a3	8ff52d66e4c7c2dffb0c1cbb1270c21fc5a94e0ab3e1207a9576ec6039ef02c3	5	false
widgets/xviewer/org.eclipse.nebula.widgets.xviewer/src/org/eclipse/nebula/widgets/xviewer/util/internal/OverlayUtil.java	620f14d346e5a025b9376236a7477063f7d6e2b2b671536c9d212214ef64c53d	620f14d346e5a025b9376236a7477063f7d6e2b2b671536c9d212214ef64c53d	da1161c488e35b88040d73732c83c555128bdc24e060e938bb5e3df4821181c7	55	false
widgets/xviewer/org.eclipse.nebula.widgets.xviewer/src/org/eclipse/nebula/widgets/xviewer/util/internal/PatternFilter.java	506fbcbd6aff93893fd3792745c77ab5982f09e13ca546551727241cfc24aeb7	506fbcbd6aff93893fd3792745c77ab5982f09e13ca546551727241cfc24aeb7	75e6d41e79bca11908b4d315cd5c50040b057919baf2bfa9816e1e564ade5e13	127	false
widgets/xviewer/org.eclipse.nebula.widgets.xviewer/src/org/eclipse/nebula/widgets/xviewer/util/internal/Result.java	d02c91db69153bb710cfceb587be5ba019d971ef87d942d614e76c60a97b8158	d02c91db69153bb710cfceb587be5ba019d971ef87d942d614e76c60a97b8158	e21dd7fbb46ddc14da6ca42a67ffc41c8994a649bcfde5eb8864ec74219a6330	20	false
widgets/xviewer/org.eclipse.nebula.widgets.xviewer/src/org/eclipse/nebula/widgets/xviewer/util/internal/StringLabelProvider.java	e0ae4d0d063558e93f7c0e795767338faeaa93578753c344a637f3a582f278b0	e0ae4d0d063558e93f7c0e795767338faeaa93578753c344a637f3a582f278b0	3eb4c6b358c70aa848d63ffafbe6045394bec9ae61ad42cc989d8f626c4f748d	9	false
widgets/xviewer/org.eclipse.nebula.widgets.xviewer/src/org/eclipse/nebula/widgets/xviewer/util/internal/StringMatcher.java	6a0c15ce5a7aff0064053983a5298f7f96a45c1f1dece69ad3f2172c824db0c2	6a0c15ce5a7aff0064053983a5298f7f96a45c1f1dece69ad3f2172c824db0c2	326c1688d61ee45757c981a0752b69c6297c00e08b2949984963b334c7ae7ff4	259	false
widgets/xviewer/org.eclipse.nebula.widgets.xviewer/src/org/eclipse/nebula/widgets/xviewer/util/internal/StringNameComparator.java	b72a9b0a73663af2e2ff896abb55a71147b983b4729fc065b03bb8e0fb1b1645	b72a9b0a73663af2e2ff896abb55a71147b983b4729fc065b03bb8e0fb1b1645	fb76a2662e42219134894771dbdba872231fa31c9e989c6d6508478230ad6efe	4	false
widgets/xviewer/org.eclipse.nebula.widgets.xviewer/src/org/eclipse/nebula/widgets/xviewer/util/internal/XViewerFilteredTree.java	d7417e7b94ee36b7098a9d02253d6572ebb4077bfb366a341d3066e43b11a8aa	d7417e7b94ee36b7098a9d02253d6572ebb4077bfb366a341d3066e43b11a8aa	390a26f04952f835ed4f33d19df7407b87d0b65912ddda0f94ac3b77f2ac0a87	19	false
widgets/xviewer/org.eclipse.nebula.widgets.xviewer/src/org/eclipse/nebula/widgets/xviewer/util/internal/XViewerLib.java	5833387a4ed3a1fbbed5625deba8b49c6ba799003aa107e34e20a9165d74a2f6	5833387a4ed3a1fbbed5625deba8b49c6ba799003aa107e34e20a9165d74a2f6	7eca09211bf5307767a1e5d7f5c27a70a926de647a436747597030a905f84eef	112	false
widgets/xviewer/org.eclipse.nebula.widgets.xviewer/src/org/eclipse/nebula/widgets/xviewer/util/internal/XViewerLog.java	f1ea2cdd90d698b4a056ee61523dd48831f7ef39ab4fc707ea526ad173271a7a	f1ea2cdd90d698b4a056ee61523dd48831f7ef39ab4fc707ea526ad173271a7a	d6717b3ba27a630ab2b32ef6dc3263d058a534b90f9493b027afb633bb9e699f	16	false
widgets/xviewer/org.eclipse.nebula.widgets.xviewer/src/org/eclipse/nebula/widgets/xviewer/util/internal/XViewerMenuDetectListener.java	d20d25dd9ec1973d6210b334ec527da75504c18bc7767b1e973d28b849b1ea54	d20d25dd9ec1973d6210b334ec527da75504c18bc7767b1e973d28b849b1ea54	01e63c3329c9e515ee98e7110490b4f0502c1b903771cbb0166a0ab1a4380773	5	false
widgets/xviewer/org.eclipse.nebula.widgets.xviewer/src/org/eclipse/nebula/widgets/xviewer/util/internal/XViewerMouseListener.java	14a2f5fa44c4bd71ace3fd5d8a1410b4aace7865eca77b076825910a1f617065	14a2f5fa44c4bd71ace3fd5d8a1410b4aace7865eca77b076825910a1f617065	03f79d27ddb4aaf2b1a526cd95b7f9c6202e56cd18713550a3def1ffbe569301	57	false
widgets/xviewer/org.eclipse.nebula.widgets.xviewer/src/org/eclipse/nebula/widgets/xviewer/util/internal/XViewerPatternFilter.java	13c9b6d92694268f44711bb4bd0b5fd73e61c7fd54112cabef6922e59cb11c3f	13c9b6d92694268f44711bb4bd0b5fd73e61c7fd54112cabef6922e59cb11c3f	be21dd477ec7269dc8da17fa1baadf8727a582e7e30976174c306a25b9331c49	32	false
widgets/xviewer/org.eclipse.nebula.widgets.xviewer/src/org/eclipse/nebula/widgets/xviewer/util/internal/XViewerTextWidget.java	e1d18c8e508615ef55b28f735b670f7abd3fb1431434f3f286fb8674c47d1927	e1d18c8e508615ef55b28f735b670f7abd3fb1431434f3f286fb8674c47d1927	3489cfc5b09e16b33d7c92d4d259cf8a0e794e1ab8427fbb33e3149e4576af56	321	false
widgets/xviewer/org.eclipse.nebula.widgets.xviewer/src/org/eclipse/nebula/widgets/xviewer/util/internal/XViewerUIJob.java	d6767d6ab6c56504edb119811cf2c7e62149b485f402eb992bfc415bc057b93d	d6767d6ab6c56504edb119811cf2c7e62149b485f402eb992bfc415bc057b93d	688e8200d1a0405ce5b1e221a8a66552f83f5ae06bcb884d46ecab74c2796ba9	45	false
widgets/xviewer/org.eclipse.nebula.widgets.xviewer/src/org/eclipse/nebula/widgets/xviewer/util/internal/XViewerWidget.java	c1d8908db3bd99a0047c3c20f80dec3819422275c570e5fd3edbc66b70b814fa	c1d8908db3bd99a0047c3c20f80dec3819422275c570e5fd3edbc66b70b814fa	22d2e9f4ae58e4f276d601caca69adce6bb3ec04cc6f15a4d4362e2cca36b20b	145	false
widgets/xviewer/org.eclipse.nebula.widgets.xviewer/src/org/eclipse/nebula/widgets/xviewer/util/internal/XViewerWidgetModifiedListener.java	df63efc7ba168bc9fcfcc6132a04115ac5615ae9f430b6a3018332da9ca48a95	df63efc7ba168bc9fcfcc6132a04115ac5615ae9f430b6a3018332da9ca48a95	70158e8eed49fea72bb89371a6dab6e97837f826cf61d6f5f5f8d054b1235f57	0	false
widgets/xviewer/org.eclipse.nebula.widgets.xviewer/src/org/eclipse/nebula/widgets/xviewer/util/internal/XViewerWorkbenchJob.java	a000507890d86769cbe06abca5a091b811a6bd84bbc9c79477bad351fc14cef8	a000507890d86769cbe06abca5a091b811a6bd84bbc9c79477bad351fc14cef8	d5e6cb2c14bce6233098108d2e68b9d85100d3fc10eb8174e9056249578dd16d	22	false
widgets/xviewer/org.eclipse.nebula.widgets.xviewer/src/org/eclipse/nebula/widgets/xviewer/util/internal/dialog/ColumnFilterDialog.java	3ef9d9d02ef43950f7a8aa6c5a1374ffeacedf8f6b5c562a2ae9bf183d2c3d21	3ef9d9d02ef43950f7a8aa6c5a1374ffeacedf8f6b5c562a2ae9bf183d2c3d21	dae4c1a0c3c7d93144cb0531decbe61d30ef42b24b0cc39e585d3914ec8d46d3	82	false
widgets/xviewer/org.eclipse.nebula.widgets.xviewer/src/org/eclipse/nebula/widgets/xviewer/util/internal/dialog/DateSelectionDialog.java	f5eb9234c31a149089884b0a7ef464173b175460e5e073cc313ad9c2d5fd5ee4	f5eb9234c31a149089884b0a7ef464173b175460e5e073cc313ad9c2d5fd5ee4	3496e1848793ffb74f4e2a47275b1c3cc620fcc93aa24b7a04f8da85ded4884d	35	false
widgets/xviewer/org.eclipse.nebula.widgets.xviewer/src/org/eclipse/nebula/widgets/xviewer/util/internal/dialog/DialogWithEntry.java	ff7e098c0420fa30768d490bdc3473379ba0305f643f80a0009cd39deda6db97	ff7e098c0420fa30768d490bdc3473379ba0305f643f80a0009cd39deda6db97	b1a00e36a93562424794629f3fb743083b68d934e69135e9ee33e43be51df9a7	120	false
widgets/xviewer/org.eclipse.nebula.widgets.xviewer/src/org/eclipse/nebula/widgets/xviewer/util/internal/dialog/HtmlDialog.java	63d32cd7fac9395203e326092a40288cb2236f1a66c783cd38b8339129a86ded	63d32cd7fac9395203e326092a40288cb2236f1a66c783cd38b8339129a86ded	8a3f57fd733e13da0631b0fe593e457ce0d6b31feaefbd410ab7d273a3da0e51	33	false
widgets/xviewer/org.eclipse.nebula.widgets.xviewer/src/org/eclipse/nebula/widgets/xviewer/util/internal/dialog/ListDialogSortable.java	201824f4c02cb51f7bfa36b134d365f26eb1a1cf8dcd37097250164ea2055480	201824f4c02cb51f7bfa36b134d365f26eb1a1cf8dcd37097250164ea2055480	54fb856ead494365bb6549769b5af996cbceed8f76a10728499532c9ceb6eabc	13	false
widgets/xviewer/org.eclipse.nebula.widgets.xviewer/src/org/eclipse/nebula/widgets/xviewer/util/internal/dialog/ListDialogSortableFiltered.java	db3cce0eaad2bb0513bb1d9fceae72fc269b28f07b0d14f0ddf5b7ccb79857af	db3cce0eaad2bb0513bb1d9fceae72fc269b28f07b0d14f0ddf5b7ccb79857af	a9e8ab3a15a1d503c3bca508043d9b6a4e09f63838b419258bd2b6ca4945bdd3	114	false
widgets/xviewer/org.eclipse.nebula.widgets.xviewer/src/org/eclipse/nebula/widgets/xviewer/util/internal/dialog/XCheckFilteredTreeDialog.java	5a3d0821dc1d57903455d2071d63e1440cadbc93057b22fad8e0698ce0c5462a	5a3d0821dc1d57903455d2071d63e1440cadbc93057b22fad8e0698ce0c5462a	3290363009d3a9be498376fb25678babdaa8d5e8e80a3697042629650c107271	74	false
widgets/xviewer/org.eclipse.nebula.widgets.xviewer/src/org/eclipse/nebula/widgets/xviewer/util/internal/dialog/XCheckedFilteredTree.java	f1de10f2dcffe85b505d87dc035985877fb4e4a8aaf770e06eb877c4814e63e5	f1de10f2dcffe85b505d87dc035985877fb4e4a8aaf770e06eb877c4814e63e5	35fb9f9f6a66b4961f86935d561523b20091ffbd2acbac9ce315a79a7e3b2ef8	42	false
widgets/xviewer/org.eclipse.nebula.widgets.xviewer/src/org/eclipse/nebula/widgets/xviewer/util/internal/dialog/XFilteredTree.java	05d74d9d24609e7207351ba991dcd813669fefee698918548f3e55a8d21e4718	05d74d9d24609e7207351ba991dcd813669fefee698918548f3e55a8d21e4718	1ac2da6e443c125bb59ba16640d2a51750cf2767daffbde5ce98f354da639494	485	false
widgets/xviewer/org.eclipse.nebula.widgets.xviewer/src/org/eclipse/nebula/widgets/xviewer/util/internal/images/XViewerImageCache.java	2a2ec7ab090025cedb27f89cbcde2c67eba3869adc05c4c8049a83cab2982a03	2a2ec7ab090025cedb27f89cbcde2c67eba3869adc05c4c8049a83cab2982a03	b7ee1b8df63059bc17904a6c0addc1e255bc031807cbee84e307abdb68113356	11	false
